{"type":"FeatureCollection","features":[{"type":"Feature","properties":{"zona":"Nalon-65-AST","rio":"R\u00edo Nora"},"geometry":{"type":"MultiPolygon","coordinates":[[[[-5.872482639005695,43.42614844000009],[-5.872152693005725,43.42617929500007],[-5.8719345450056775,43.42611142900008],[-5.8723356190057086,43.42587892700006],[-5.873224921005739,43.425771682000075],[-5.873346752005742,43.42555563400005],[-5.872849605005705,43.424908548000104],[-5.872071353005718,43.42491291700005],[-5.8726599170057225,43.42465176800006],[-5.87275688700574,43.42446174800007],[-5.8723340790056815,43.42370859700004],[-5.871828466005702,43.42320971500007],[-5.871229741005719,43.42294249100008],[-5.870743680005708,43.422874339000046],[-5.86948467900564,43.422279894000056],[-5.869089457005682,43.422228914000094],[-5.868322987005642,43.42182183000007],[-5.86787073700567,43.421751960000066],[-5.8672114690056105,43.42150427400004],[-5.865284849005635,43.42142145900006],[-5.864343029005584,43.42127076400006],[-5.864152544005619,43.42131317900005],[-5.863759011005594,43.42122108800005],[-5.863663313005597,43.42108360200008],[-5.863379683005578,43.42100104800005],[-5.8631316120055885,43.421057955000066],[-5.8625660410056,43.420904156000084],[-5.861855324005586,43.42049182400008],[-5.861273621005555,43.42045435700006],[-5.8610184090055375,43.42035971300007],[-5.860860885005565,43.42018535500007],[-5.860575398005573,43.42006868500007],[-5.86008248700553,43.41958599900006],[-5.860648106005523,43.419334127000084],[-5.860835802005538,43.41893160600007],[-5.860690352005545,43.41875893300006],[-5.860889838005533,43.41867259400005],[-5.861178493005558,43.41798931500008],[-5.861516548005548,43.41778689700006],[-5.861498580005539,43.41763309300008],[-5.861739076005547,43.41745075100006],[-5.862031458005547,43.417040638000074],[-5.863745143005599,43.41634969300005],[-5.864750812005609,43.41573249500007],[-5.864941690005623,43.41530683700009],[-5.865181813005596,43.41502984000006],[-5.865983780005638,43.414686509000056],[-5.865947735005636,43.41444822900008],[-5.86639923500564,43.41404252100007],[-5.86667675600563,43.413441085000066],[-5.866930069005663,43.41317198100008],[-5.867249595005666,43.41300131100008],[-5.867661495005634,43.41240781400009],[-5.867708733005671,43.41206091000006],[-5.867553442005669,43.411738981000056],[-5.8668212540056315,43.41080319400007],[-5.865866872005643,43.409911869000055],[-5.865385050005598,43.40982954600004],[-5.8650249400056165,43.40997432100007],[-5.864763183005638,43.4104599020001],[-5.864599833005597,43.41112375300003],[-5.863890213005577,43.41206846100007],[-5.863119515005573,43.412884027000096],[-5.863001092005565,43.41340505400007],[-5.863164117005574,43.41380495100005],[-5.86298242300558,43.41415430900004],[-5.862678109005571,43.41422993400006],[-5.862898192005562,43.41433621300009],[-5.8627168330056065,43.41463512900005],[-5.862492374005566,43.41479129900007],[-5.86192166500557,43.41486730300006],[-5.861313327005556,43.414712349000084],[-5.860263896005529,43.41422849100008],[-5.860045030005571,43.41389042900008],[-5.859648183005519,43.413740876000084],[-5.859441528005516,43.41374127600007],[-5.858963899005522,43.41395181800006],[-5.858760608005527,43.413762734000066],[-5.858818135005551,43.41357163800008],[-5.858698166005525,43.41354024900006],[-5.858435207005527,43.41365393600007],[-5.858353676005546,43.41403620000006],[-5.8580887980054905,43.414345760000074],[-5.8575998740055155,43.41457425300009],[-5.856677964005515,43.41465409700005],[-5.856300093005498,43.4148929400001],[-5.856023105005498,43.415335923000065],[-5.855812328005487,43.41547990700009],[-5.85520722800545,43.41556268300008],[-5.854932670005446,43.415454467000096],[-5.854638472005494,43.41520831900007],[-5.854388619005475,43.415184627000045],[-5.854089011005437,43.41537945000007],[-5.8538397100054365,43.415713433000086],[-5.853625976005434,43.415745912000055],[-5.85316137800542,43.415567381000095],[-5.8527429530054516,43.415098797000056],[-5.852483620005416,43.41509549200005],[-5.8523715660054165,43.41516861800006],[-5.852420660005436,43.41539738200005],[-5.852269286005449,43.41557624900005],[-5.852386660005465,43.41576895400006],[-5.852012228005457,43.416123917000064],[-5.851657577005442,43.41587866700007],[-5.851758891005451,43.41574387900007],[-5.851670350005424,43.41566654800006],[-5.851974844005406,43.41545749700004],[-5.852183823005444,43.414614530000065],[-5.852498479005448,43.41438325600008],[-5.85314172400545,43.41424770700009],[-5.853065243005441,43.41467263300009],[-5.852936305005451,43.414694723000046],[-5.852897389005456,43.41478705600009],[-5.853195374005434,43.41510435500005],[-5.853512723005437,43.41517865500005],[-5.854126199005458,43.41460934900005],[-5.8549559870054475,43.414363892000054],[-5.855330361005498,43.41441789900007],[-5.8555568500055,43.41471321600006],[-5.855766630005479,43.41480470600005],[-5.855931694005467,43.4147928020001],[-5.856575614005494,43.414175049000065],[-5.856962569005509,43.41410155900008],[-5.857103346005524,43.414007231000035],[-5.857564484005524,43.41294430400008],[-5.858376775005524,43.41237449700005],[-5.858471209005528,43.41212476400007],[-5.85834187600551,43.411903233000054],[-5.858118589005524,43.41194053300009],[-5.857939303005529,43.41186289300005],[-5.85766824900553,43.41150817300008],[-5.857687640005498,43.41122488700007],[-5.857148959005524,43.41046502100007],[-5.856470961005501,43.410417709000065],[-5.856222051005515,43.41020637500005],[-5.8549471000054725,43.409746636000094],[-5.854675384005481,43.409520349000054],[-5.853635419005449,43.409226806000056],[-5.853189569005438,43.408961270000084],[-5.851939628005452,43.40850667600008],[-5.851259680005416,43.40843281300006],[-5.850127430005389,43.40845625000004],[-5.8495742740054135,43.40862509000006],[-5.849076913005421,43.40864938400008],[-5.848856924005402,43.40874543000007],[-5.848661964005413,43.40869822800006],[-5.847763009005377,43.408899827000056],[-5.846455421005383,43.409415763000055],[-5.84576614700535,43.41019160300006],[-5.845691821005343,43.410583673000076],[-5.846133140005354,43.41102371400008],[-5.846556478005377,43.41198500000008],[-5.846279467005336,43.4131383800001],[-5.84599789900534,43.41360995300007],[-5.845435285005343,43.41408742800008],[-5.845203080005366,43.41417217600009],[-5.844767222005356,43.41419030300006],[-5.844314811005326,43.41434512000007],[-5.844141771005329,43.41448906700005],[-5.8439530980053025,43.4145072790001],[-5.843468238005324,43.41440838200006],[-5.842946800005296,43.41413231800006],[-5.842587914005332,43.41381935100003],[-5.842548944005285,43.413455877000054],[-5.842333357005325,43.41318534800008],[-5.841682189005271,43.41269314900009],[-5.8416982030053095,43.41235102600009],[-5.841583504005313,43.41211055000009],[-5.8410216050053165,43.41157428400006],[-5.8409699440052725,43.41138565700006],[-5.841169716005306,43.410909163000056],[-5.841210975005307,43.410463487000094],[-5.841406093005275,43.41013907000008],[-5.841322117005287,43.40992810400009],[-5.840845956005288,43.40983278700005],[-5.840556282005298,43.410037751000075],[-5.839379142005242,43.41009315300006],[-5.839084549005262,43.409298532000044],[-5.839616308005279,43.40914702400006],[-5.839939932005262,43.4088670990001],[-5.840211382005277,43.40890251700008],[-5.84033317800531,43.408767021000095],[-5.841772811005288,43.40884521800007],[-5.842006846005297,43.408898213000064],[-5.842245294005306,43.40907848000007],[-5.842445659005321,43.409526315000065],[-5.842469064005299,43.4099170580001],[-5.842192962005308,43.410738468000055],[-5.841748604005321,43.411203609000054],[-5.841728160005291,43.41159265200009],[-5.8427251190053235,43.41286670100006],[-5.843086609005317,43.413000089000064],[-5.843209243005297,43.413337011000095],[-5.843573721005296,43.41338292800005],[-5.843874062005314,43.41331819600004],[-5.844166340005336,43.412981953000056],[-5.8445204710053344,43.41274959000005],[-5.844838168005353,43.412292061000095],[-5.844939686005364,43.411435907000076],[-5.844866940005362,43.41113881200007],[-5.844679189005361,43.41098297100009],[-5.844606467005335,43.41060686900008],[-5.8448879060053285,43.41006055200007],[-5.846590989005347,43.40857191300008],[-5.847120607005385,43.40847453600005],[-5.848584564005402,43.407894898000066],[-5.85027106500542,43.40777444700008],[-5.850957545005443,43.407841498000046],[-5.851234323005447,43.40774924400008],[-5.851821769005451,43.40778223600008],[-5.8523490680054575,43.40789931800006],[-5.853312155005471,43.40792881400008],[-5.853781117005434,43.408028639000094],[-5.8545313430054815,43.408052958000056],[-5.854780777005498,43.40796835500006],[-5.855243845005491,43.40801683600008],[-5.855716625005491,43.407925065000036],[-5.856019134005489,43.408022428000045],[-5.8563784940055,43.408024941000086],[-5.856823421005497,43.407707321000046],[-5.857108708005497,43.40764204500007],[-5.857321131005493,43.40775509600008],[-5.857307008005521,43.40831150400006],[-5.857618290005509,43.40881380400004],[-5.857699937005512,43.40918785100009],[-5.857633921005505,43.40968059800009],[-5.858181615005547,43.4102561060001],[-5.858392059005496,43.41076250400006],[-5.860013729005537,43.41193311600007],[-5.860605301005564,43.41191950300006],[-5.860825206005562,43.41181928400008],[-5.861372977005584,43.41093470600004],[-5.861657801005594,43.41010614900007],[-5.862365141005566,43.4095332460001],[-5.863371465005582,43.40940350300009],[-5.864555955005614,43.409077384000085],[-5.865139378005645,43.40929009300006],[-5.865868042005607,43.40918748900005],[-5.8661760240056475,43.40922389100008],[-5.866296715005657,43.40931956900007],[-5.86677718400563,43.409347584000066],[-5.867361468005651,43.41009242300004],[-5.8676256110056375,43.41028553400004],[-5.86780773300565,43.41067671100008],[-5.868263174005642,43.41087529500006],[-5.868395784005681,43.411020807000085],[-5.868253672005685,43.41146664300007],[-5.868526722005666,43.4119781840001],[-5.868671220005664,43.412055336000044],[-5.868724260005678,43.412357638000074],[-5.868559704005659,43.412523379000056],[-5.868405566005685,43.41327170100006],[-5.868375609005646,43.41357358400008],[-5.868461806005678,43.41373273100005],[-5.868241253005655,43.414233543000094],[-5.867425860005662,43.4148945640001],[-5.867060037005618,43.41539110100008],[-5.86653232500566,43.4158538980001],[-5.866323149005599,43.41619364200007],[-5.864840871005612,43.41698070200006],[-5.863851236005599,43.41793745500009],[-5.863260901005566,43.41839093500006],[-5.862957873005597,43.41897794500006],[-5.862989625005584,43.41906281400004],[-5.863166845005597,43.41909129200009],[-5.8628903530055805,43.419247343000066],[-5.864177902005582,43.41952207700009],[-5.864593315005628,43.41975275100005],[-5.864976470005583,43.419745732000095],[-5.86551247300563,43.41994883300005],[-5.866220538005609,43.41988248200007],[-5.866902063005621,43.420152867000084],[-5.8674054960056345,43.420117850000075],[-5.868481114005666,43.420401534000085],[-5.869118492005638,43.42046882500007],[-5.86928832500567,43.42065566100008],[-5.8696862050056575,43.42086917000008],[-5.86952200700566,43.42103976300008],[-5.869885087005665,43.421031335000094],[-5.871059935005687,43.42149883300006],[-5.871269078005695,43.42179506600008],[-5.871985615005723,43.42243751000009],[-5.87259901000569,43.42271054600009],[-5.873555633005741,43.42331305600006],[-5.873545985005735,43.424313129000055],[-5.873684210005738,43.424696660000066],[-5.873785407005731,43.424784604000095],[-5.873870154005749,43.42475884700009],[-5.874105067005737,43.42506908900004],[-5.874383183005746,43.4251578110001],[-5.8744139310057175,43.42552976100007],[-5.87450232100575,43.4255421330001],[-5.874596671005735,43.42543610800006],[-5.874643400005753,43.4255192950001],[-5.874741706005739,43.42624224600009],[-5.873914978005733,43.426821581000084],[-5.87375306700571,43.42708335700008],[-5.873333421005693,43.426549095000055],[-5.873229202005714,43.42627824100006],[-5.872482639005695,43.42614844000009]],[[-5.844710451005353,43.413358157000076],[-5.844727590005316,43.41364806000008],[-5.844971510005323,43.413697649000035],[-5.845171516005325,43.41361024700008],[-5.8453397790053625,43.413416663000085],[-5.845099841005368,43.41313407100007],[-5.844710451005353,43.413358157000076]]],[[[-5.877913409005804,43.42775921000005],[-5.87678472500575,43.42772339000006],[-5.8761686760057685,43.4278020610001],[-5.874419349005717,43.42760698000007],[-5.87423366700572,43.42769344500007],[-5.873927019005725,43.42708835900005],[-5.874057023005753,43.42689091500007],[-5.87451139500574,43.42658950900008],[-5.875073480005761,43.426353303000056],[-5.875732506005763,43.42633937000006],[-5.877037998005753,43.426510542000074],[-5.877860690005808,43.42641276700006],[-5.878254215005806,43.42648058000006],[-5.8784511830057635,43.42641090200006],[-5.879188329005779,43.42641031900009],[-5.879958020005808,43.42541465700007],[-5.879998628005815,43.425195313000096],[-5.879459718005819,43.42458244400009],[-5.879429795005819,43.4242925240001],[-5.879282403005787,43.42413443800008],[-5.878660808005794,43.42391707300006],[-5.878361227005809,43.42372760800004],[-5.87763722700581,43.423589617000076],[-5.876692455005772,43.42307074600009],[-5.876509963005747,43.42263846800008],[-5.876455533005769,43.42208900400006],[-5.875909586005785,43.42103350200007],[-5.875861570005733,43.420733179000095],[-5.876227629005783,43.41979636700008],[-5.876878514005763,43.41914089900008],[-5.877570681005785,43.41825371100004],[-5.878496080005781,43.416711633000055],[-5.879407333005821,43.41548099900009],[-5.879565942005804,43.415395048000065],[-5.879571211005791,43.415298149000094],[-5.879720141005817,43.41535806600008],[-5.879799540005831,43.41531660000005],[-5.8801240710058265,43.41441519800005],[-5.880485410005825,43.41419266700008],[-5.880646639005844,43.41394255300005],[-5.880625869005851,43.41366828000009],[-5.880403385005843,43.413546397000076],[-5.88052597800586,43.41307285100006],[-5.880439804005811,43.412900942000086],[-5.8808112730058335,43.41131823700007],[-5.881752720005851,43.40988053800006],[-5.8828741010058865,43.408508202000085],[-5.883324704005884,43.407556178000064],[-5.883577682005879,43.40732498400009],[-5.883549639005893,43.40712352300007],[-5.883282597005871,43.40694118000006],[-5.884054639005876,43.406865677000056],[-5.884277566005919,43.40695344700006],[-5.884070844005885,43.40719214500008],[-5.884110105005869,43.40745462200007],[-5.884307051005888,43.4077738650001],[-5.884978734005906,43.40798524100009],[-5.885709814005895,43.40805889300004],[-5.886221652005925,43.40826422100003],[-5.886492221005938,43.40851730600011],[-5.886576338005909,43.40898002500007],[-5.886824898005902,43.40933045100009],[-5.88749541000591,43.409679742000044],[-5.887850662005935,43.40969775500004],[-5.887878716005921,43.40988111000009],[-5.888381294005937,43.41045913300009],[-5.888427223005946,43.410731492000046],[-5.888299502005931,43.41118519700008],[-5.8886872730059565,43.41162645900006],[-5.888649042005938,43.41210641100004],[-5.888905941005962,43.412868732000064],[-5.888366861005944,43.413509273000074],[-5.888312738005959,43.41372865300009],[-5.888037232005919,43.41380569200006],[-5.887561449005955,43.41440781800004],[-5.886967072005917,43.41566327500007],[-5.887103715005939,43.41624222500009],[-5.887664831005917,43.41671326600006],[-5.88779645000592,43.41695838900008],[-5.887923340005911,43.41761157100008],[-5.8878818940059565,43.41788892100005],[-5.888382233005947,43.41840621200005],[-5.888696209005924,43.41850910700005],[-5.889054983005935,43.41842935600007],[-5.889451844005954,43.41849892700005],[-5.890137839005989,43.41877247200007],[-5.890710428006,43.41867694800006],[-5.891457915005965,43.418753947000035],[-5.891871381005969,43.41871776400009],[-5.892768541006006,43.418240336000075],[-5.893679706006011,43.417370580000096],[-5.8946227920060315,43.416635148000076],[-5.895692644006048,43.41599659100008],[-5.896828888006073,43.41583213600008],[-5.8975578780060545,43.41580409600006],[-5.898262081006064,43.41597348000006],[-5.898475015006112,43.41617392900011],[-5.898217114006111,43.41632091600009],[-5.897373223006054,43.41609212800007],[-5.895899075006032,43.41627765900009],[-5.894690522006044,43.41691984100006],[-5.89378539300604,43.41762187400009],[-5.893388024005995,43.418108187000044],[-5.892550424006026,43.41875904500008],[-5.891800648005995,43.41897640100008],[-5.890180293005972,43.419213230000054],[-5.889232663005974,43.41919445800007],[-5.887829739005905,43.41901090400008],[-5.886906013005897,43.4187376130001],[-5.886041531005888,43.41815607100007],[-5.8857692340059025,43.41759177300005],[-5.885494246005898,43.41754807000009],[-5.885614492005895,43.417345314000066],[-5.885578969005887,43.4172351920001],[-5.88516604500589,43.417098502000066],[-5.885436481005889,43.41691826800008],[-5.885361535005905,43.41628030300008],[-5.8855884760059025,43.41594777100008],[-5.88561288000589,43.41566251200006],[-5.886123949005924,43.41444540300008],[-5.886755169005937,43.41365814800004],[-5.886903214005943,43.41329521800005],[-5.887228586005911,43.41289500800009],[-5.887336358005947,43.41234992100005],[-5.887451709005927,43.41218470000009],[-5.887323559005959,43.412070981000085],[-5.887211544005944,43.41152948700007],[-5.886688064005911,43.41085547500008],[-5.8863815990059125,43.4101719000001],[-5.885907664005902,43.40976351600006],[-5.885646985005894,43.40933302100008],[-5.885391869005883,43.40918210100007],[-5.884953405005921,43.4090968080001],[-5.884045635005882,43.40951086700007],[-5.883917540005901,43.40964461400008],[-5.883853478005864,43.41001283100009],[-5.883541894005884,43.41068543300005],[-5.88277015200589,43.41209810100004],[-5.882571096005844,43.41284853800006],[-5.882633535005876,43.413576096000064],[-5.882471294005877,43.414161887000056],[-5.881822621005865,43.41520648000006],[-5.881126185005855,43.41712705400006],[-5.88075182100581,43.41759192900005],[-5.87972367100583,43.418340874000094],[-5.878939778005811,43.4186066760001],[-5.877568618005774,43.41945069600009],[-5.877346209005767,43.419713352000045],[-5.87725844800579,43.42005420600004],[-5.87726107100579,43.4203831820001],[-5.8774171100057835,43.420853384000075],[-5.877875319005774,43.42157388400006],[-5.878239377005783,43.421903573000066],[-5.878365265005797,43.42226640700009],[-5.878663706005786,43.42253364900008],[-5.880089248005797,43.42341323500007],[-5.880561396005833,43.4238592070001],[-5.8809085500058345,43.423905568000094],[-5.8810164860058425,43.424032917000055],[-5.88202311900583,43.42431029900008],[-5.882224504005859,43.42445948400008],[-5.882319774005834,43.424666975000044],[-5.882218611005821,43.4252714290001],[-5.882309381005865,43.42552537000008],[-5.882241011005858,43.42596284400004],[-5.88207741600585,43.42625714400005],[-5.88172579600584,43.42648418500006],[-5.881101614005807,43.426728350000104],[-5.88098473100583,43.426909649000045],[-5.880769665005817,43.42702173200009],[-5.8797515460058225,43.42735290300006],[-5.8792330440057805,43.42762050000007],[-5.877913409005804,43.42775921000005]]],[[[-5.908285154006226,43.4181341440001],[-5.907797078006208,43.417843284000085],[-5.90798133600626,43.417268712000094],[-5.908323288006249,43.416761599000054],[-5.90833326500624,43.41624473200007],[-5.908174918006213,43.41610767300008],[-5.907574913006239,43.41617405000007],[-5.907340164006219,43.416122809000086],[-5.9065344000062,43.41651023900006],[-5.90619375700618,43.41652081300005],[-5.905608665006176,43.416979981000075],[-5.905146805006195,43.41722553500008],[-5.903886062006188,43.417665915000065],[-5.9034302200061735,43.417767870000056],[-5.902886361006161,43.41772430400006],[-5.902286950006156,43.41785150000007],[-5.901801825006137,43.41762658300008],[-5.901175491006126,43.41750112100006],[-5.9006582300061465,43.417541748000104],[-5.900310225006106,43.41733106100005],[-5.899034572006094,43.41699970800006],[-5.898884867006079,43.41670752700004],[-5.898357418006068,43.41638335200004],[-5.89857044600609,43.41626579000009],[-5.898735293006103,43.41630173900009],[-5.899724809006121,43.4168975360001],[-5.900516298006126,43.41722437300008],[-5.901000659006151,43.41720909800007],[-5.9014042350061535,43.41734992400008],[-5.902012528006132,43.41742907400005],[-5.902563510006135,43.4172992250001],[-5.902982601006167,43.41747609000006],[-5.90343438700616,43.41751514400007],[-5.903949069006183,43.4173546850001],[-5.904886756006173,43.416816180000076],[-5.905526343006207,43.41657117400008],[-5.906558966006237,43.416025841000106],[-5.906772682006204,43.415779399000044],[-5.907621980006207,43.41559047900007],[-5.907958581006228,43.415633591000095],[-5.908308100006229,43.41554821100005],[-5.908717115006237,43.41582862300005],[-5.909018348006257,43.41635136700008],[-5.908804278006228,43.41691643600007],[-5.908337908006251,43.417463568000095],[-5.908412844006228,43.41767814000009],[-5.908617739006255,43.41771113100004],[-5.910062429006247,43.41705906300009],[-5.9107667550062635,43.416519944000086],[-5.911114452006266,43.41639806000009],[-5.911307994006301,43.416176600000036],[-5.911982567006282,43.41576783900008],[-5.912423176006299,43.41521044200006],[-5.912204877006312,43.41493935600007],[-5.912514141006325,43.414876531000075],[-5.912603247006289,43.41474133400005],[-5.912586229006295,43.414462204000095],[-5.913231518006338,43.41410003400007],[-5.913374455006306,43.413650081000085],[-5.913987474006328,43.413425674000074],[-5.914118009006314,43.41321210900005],[-5.914467501006316,43.413046753000074],[-5.91496377000632,43.41224642500005],[-5.915442109006367,43.41241417700009],[-5.915474974006347,43.41258017400004],[-5.915152733006351,43.41290521800006],[-5.914973831006332,43.41346533600008],[-5.914328527006331,43.41381688800007],[-5.91382154900635,43.41394075100007],[-5.913607310006343,43.414666308000065],[-5.913467105006306,43.414846414000095],[-5.913185318006294,43.41499224500008],[-5.912944428006305,43.41547719200004],[-5.912350876006296,43.41610186600009],[-5.911877193006292,43.416331842000055],[-5.911519685006308,43.416404264000064],[-5.9111403570062935,43.41680606600006],[-5.91031860900626,43.41741873100007],[-5.909889770006259,43.417463555000054],[-5.908771954006266,43.41807675600008],[-5.908285154006226,43.4181341440001]]],[[[-5.915620868006366,43.41171372900006],[-5.91687326300638,43.411057484000054],[-5.916982569006394,43.41094464300008],[-5.916981570006387,43.410779376000086],[-5.917395558006385,43.4108921800001],[-5.917902715006406,43.41070647000006],[-5.918409114006375,43.410406653000074],[-5.918933740006398,43.409731135000094],[-5.919102120006392,43.40913718400005],[-5.919421815006428,43.40848567700007],[-5.919521381006446,43.40844860700005],[-5.919809943006432,43.40853511800005],[-5.91978772700644,43.40879458800005],[-5.9194123500064215,43.409490472000094],[-5.919395612006422,43.41027094800008],[-5.919129304006424,43.41060992000009],[-5.918236104006404,43.411073719000086],[-5.91806678600638,43.41125280700006],[-5.917173399006405,43.411674404000074],[-5.915727714006361,43.41225642800006],[-5.915335778006326,43.41233851500006],[-5.915177924006371,43.41222989900009],[-5.915458825006373,43.41200395100005],[-5.915620868006366,43.41171372900006]]]]}},{"type":"Feature","properties":{"zona":"ES018-AST-28-1","rio":"R\u00edo Nal\u00f3n"},"geometry":{"type":"MultiPolygon","coordinates":[[[[-5.879471289005913,43.32004830600007],[-5.879390897005884,43.31974414100008],[-5.879169610005892,43.319565328000074],[-5.879318498005907,43.31944414300007],[-5.8795849630058905,43.31956721900009],[-5.87959951900589,43.31920019600007],[-5.8788883030058665,43.31942720500008],[-5.878556570005867,43.31922797400008],[-5.878027835005868,43.31916610200006],[-5.876988284005835,43.318539469000044],[-5.876196126005856,43.31821096500006],[-5.875941482005859,43.31829947300004],[-5.875641086005854,43.31853834400007],[-5.875706873005837,43.31881687700009],[-5.876023004005817,43.318994060000094],[-5.875264275005823,43.31895043300007],[-5.875321889005837,43.31841259800008],[-5.875053305005809,43.31820497700008],[-5.874632392005833,43.31803286000009],[-5.874406942005812,43.31826569600004],[-5.874449291005826,43.31805481000004],[-5.874592224005834,43.31796750800005],[-5.875015172005833,43.31812009700009],[-5.874963267005811,43.31803056000008],[-5.875048530005831,43.317993484000084],[-5.87519010200585,43.31817208600008],[-5.8755857680058305,43.318092260000086],[-5.875647130005827,43.31820166900009],[-5.876065561005848,43.31800474500007],[-5.875972719005832,43.31783506400008],[-5.8753085030058045,43.31724018100007],[-5.87435638700584,43.317003384000046],[-5.87405833600582,43.316836902000055],[-5.873900179005832,43.31661607200005],[-5.8735907600058095,43.31656447400009],[-5.873505587005806,43.31662283700009],[-5.873359938005813,43.31645182100006],[-5.873121942005799,43.316703273000044],[-5.872861318005777,43.31674568200005],[-5.872552405005801,43.316369547000086],[-5.8728918030058015,43.31621355700004],[-5.872897375005823,43.31611276200006],[-5.872665734005791,43.31621383800008],[-5.872734487005787,43.31608094000009],[-5.872664986005799,43.31597540200006],[-5.8724845170058115,43.315990434000085],[-5.872597516005766,43.31578788400005],[-5.872483451005774,43.315876386000085],[-5.872234199005767,43.315759856000064],[-5.872107004005761,43.315778339000104],[-5.872210324005812,43.315637683000055],[-5.87215274400578,43.315410213000085],[-5.872364667034441,43.315327380905345],[-5.879909244169717,43.31513751185291],[-5.879648669005888,43.316513328000056],[-5.879609833005901,43.31656930700007],[-5.879306528005907,43.31651459200004],[-5.8793590490058945,43.31670270000008],[-5.87924139100587,43.3166656970001],[-5.878987647005903,43.316809671000065],[-5.878774671005901,43.316688660000075],[-5.878489792005848,43.316664872000075],[-5.878548934005905,43.31672488900008],[-5.878461834005871,43.316748998000065],[-5.878303976005847,43.31710150600004],[-5.8777730430058455,43.317131873000065],[-5.877739544005863,43.317045039000064],[-5.878034212005847,43.31701123500006],[-5.878065437005891,43.31667047900005],[-5.878183746005852,43.31650413200006],[-5.878060884005894,43.31639960400003],[-5.8773168100058735,43.316357783000086],[-5.877203942005843,43.316385965000066],[-5.877347956005843,43.316831766000085],[-5.875911616005825,43.31677579500008],[-5.875819032005865,43.316829627000075],[-5.8759307860058545,43.31695053000006],[-5.875739112005846,43.316915076000065],[-5.875982441005849,43.31704239200009],[-5.87826787300589,43.3172144420001],[-5.878560605005884,43.31714596400009],[-5.879029895005903,43.31683302200005],[-5.880461015005932,43.31637518800006],[-5.88058351500591,43.316264955000086],[-5.880386798005913,43.31621921500007],[-5.880755354005928,43.31613844800009],[-5.880897743005893,43.315872611000046],[-5.881040692005902,43.31585669400007],[-5.881090067005907,43.315246814000055],[-5.880955671248514,43.315111137768646],[-5.881255795405165,43.31510357168686],[-5.881200253005936,43.31577247300006],[-5.881322986005895,43.315517537000076],[-5.8813070400059315,43.315249425000054],[-5.881606204005948,43.31556592200008],[-5.881928692005948,43.31564330900007],[-5.882054972005909,43.31583297100009],[-5.881684707005946,43.31578465300006],[-5.8815165470059005,43.31566176200007],[-5.881552446005911,43.31579120900008],[-5.882311556005911,43.31602198600008],[-5.88284802700595,43.31604687500005],[-5.8833840810059685,43.31580799000007],[-5.883498251005931,43.3152083940001],[-5.883375727005925,43.31519241000009],[-5.8829882900059465,43.31535894000008],[-5.88264356700593,43.31526529900005],[-5.881947252005948,43.31536002800006],[-5.881705296005921,43.31532040300006],[-5.881671031488257,43.315093102350325],[-5.908643590061234,43.31440980693718],[-5.908512035006317,43.31456776600006],[-5.908206535006344,43.314710905000055],[-5.907534660006313,43.31486849500006],[-5.90654206500628,43.31494616400006],[-5.905164045006257,43.315197121000075],[-5.903924855006259,43.31553433900008],[-5.903156641006241,43.315880386000075],[-5.902806095006245,43.31579370400008],[-5.902533640006224,43.315937165000044],[-5.901989051006201,43.31596404400007],[-5.9013889040061915,43.3160969830001],[-5.900656796006214,43.31601513300008],[-5.900183213006178,43.31617904400011],[-5.899098627006172,43.31635897500009],[-5.898709358006185,43.31629435200008],[-5.898027285006165,43.316427287000074],[-5.8976203260061855,43.316252496000075],[-5.896711185006151,43.31643322500004],[-5.8958239530061105,43.31643414700008],[-5.8956013730061505,43.316321604000066],[-5.8955423800061135,43.31637380500009],[-5.8949093970061,43.316272921000085],[-5.894801676006091,43.31617144500007],[-5.894785796006114,43.315880881000076],[-5.894704338006101,43.3161663050001],[-5.894489369006086,43.31621673600008],[-5.894393155006088,43.316095668000074],[-5.894476247006102,43.315831067000055],[-5.894110959006086,43.315812747000074],[-5.894194851006104,43.31616124000006],[-5.89405199200611,43.31600581400008],[-5.893903108006111,43.31602127700009],[-5.893861916006083,43.31609855200005],[-5.894176288006079,43.31639305900007],[-5.893691759006124,43.3163408660001],[-5.893435724006114,43.31604303800006],[-5.893181450006067,43.31604207500006],[-5.892634630006106,43.316533526000086],[-5.892335276006052,43.31653633100009],[-5.891598354006052,43.316939869000095],[-5.891472930006077,43.317117675000105],[-5.891092154006085,43.31714941700005],[-5.890751255006043,43.317279259000045],[-5.890395126006027,43.31724027000009],[-5.890199222006071,43.31740338700009],[-5.889732281006053,43.317449965000066],[-5.888868859006029,43.31737052800005],[-5.887950413006003,43.31741525400004],[-5.8868775270060105,43.317664864000065],[-5.885959420005978,43.31803406500008],[-5.884366124005946,43.31820239900004],[-5.883711704005946,43.31840220600005],[-5.883030608005944,43.31850198700006],[-5.882701333005926,43.31840553700008],[-5.882131674005911,43.31861862800009],[-5.881520467005938,43.31865614200008],[-5.880550498005884,43.318979533000075],[-5.8806004350059125,43.319358692000044],[-5.880007469005904,43.319955934000085],[-5.8797704310058805,43.32003655500009],[-5.8797827930058855,43.31998353100007],[-5.879471289005913,43.32004830600007]],[[-5.873339186005801,43.31626964500005],[-5.872966175005773,43.31625759400005],[-5.8729158660058145,43.31663982800009],[-5.873071039005811,43.316602883000044],[-5.873339186005801,43.31626964500005]],[[-5.876885280005853,43.317632293000045],[-5.877195121005847,43.317389894000044],[-5.87756188300585,43.31739940500008],[-5.877312512005851,43.317312741000094],[-5.8761816540058245,43.317276850000056],[-5.876588274005865,43.317546401000094],[-5.876885280005853,43.317632293000045]],[[-5.877218282005848,43.3179517990001],[-5.879155009005862,43.31791304100007],[-5.879510946005863,43.31797818900006],[-5.879615095005901,43.31806419800007],[-5.880553510005921,43.31820086300008],[-5.8798878040059055,43.31799310500004],[-5.879822173005921,43.317745909000074],[-5.879750371005884,43.31781132300008],[-5.8796621060058945,43.317771902000075],[-5.879364359005898,43.31784718800003],[-5.879388608005876,43.31760373500005],[-5.879199329005891,43.31738721800008],[-5.878513261005889,43.317595745000084],[-5.878402126005889,43.31778673300007],[-5.87805551300585,43.31779114000008],[-5.878436231005888,43.317593460000076],[-5.8782816880058775,43.31751914300004],[-5.8777267430058355,43.31763951200004],[-5.877634518005889,43.31780557600008],[-5.877531559005884,43.31770855800007],[-5.877558116005839,43.317794289000076],[-5.877443561005856,43.31788127300008],[-5.877665604005868,43.317904375000076],[-5.877218282005848,43.3179517990001]],[[-5.878448694005848,43.31845392800007],[-5.878896618005869,43.318367231000046],[-5.879054109005909,43.31823257900005],[-5.879403696005874,43.318144686000046],[-5.878745594005877,43.31806899800009],[-5.878397110005901,43.31794411600006],[-5.878244475005891,43.31826184000006],[-5.878386064005845,43.318114509000075],[-5.8784909640059,43.3181241010001],[-5.8784058000058605,43.31823778100007],[-5.878540884005883,43.31824908600005],[-5.8785308820058715,43.31831264400007],[-5.878314377005899,43.31840181200005],[-5.878448694005848,43.31845392800007]],[[-5.879315458005885,43.3172186830001],[-5.879038257005863,43.317256371000056],[-5.878524900005868,43.31750268800007],[-5.87936488400586,43.31726922700007],[-5.879432884005861,43.31743008700006],[-5.8800721430058935,43.31767218800009],[-5.880139443005908,43.3176132240001],[-5.880475829005926,43.317680475000046],[-5.880718258005898,43.31755277700008],[-5.88080697600593,43.31762901700008],[-5.880975887005935,43.3176145670001],[-5.881118773005929,43.317559130000085],[-5.881128978005897,43.317325697000086],[-5.881415617005923,43.317229351000044],[-5.881386312005924,43.31716233000005],[-5.88118967200591,43.31713949600006],[-5.881198021005894,43.31705760500009],[-5.88138116300592,43.31705800700007],[-5.881609913005944,43.317341690000056],[-5.88159500300594,43.31691907200009],[-5.881514166005897,43.3167892970001],[-5.880998997005908,43.31656240600008],[-5.879941765005898,43.31684272300005],[-5.879315458005885,43.3172186830001]],[[-5.880055893005906,43.3189000720001],[-5.880490202005926,43.31886636200007],[-5.88040542000588,43.318694386000075],[-5.8802726270059,43.31868913900008],[-5.880086661005895,43.318826710000074],[-5.880055893005906,43.3189000720001]],[[-5.886193775006015,43.31721370500004],[-5.881960568005926,43.31776009100004],[-5.881630391005897,43.31794377600007],[-5.881142447005905,43.31803525500007],[-5.881027653005889,43.318162664000084],[-5.88151949400594,43.31811689000008],[-5.882158051005951,43.31788731300005],[-5.88306129800596,43.31780157900006],[-5.883167461005961,43.31795538200006],[-5.8830148930059245,43.31807221000005],[-5.883126072005912,43.31814660400007],[-5.883296212005939,43.318015601000084],[-5.883595847005977,43.31799494000008],[-5.883845205005942,43.31768900500005],[-5.884027521005954,43.317652624000075],[-5.88423493000594,43.31780048800006],[-5.884472818005958,43.31781247700009],[-5.884635497005987,43.317566184000064],[-5.885245847005986,43.31747927500005],[-5.885539804005986,43.31753636700007],[-5.885642198005997,43.31745558200005],[-5.885879300005971,43.31745750600005],[-5.886193775006015,43.31721370500004]],[[-5.882493817005934,43.318045459000096],[-5.882286977005955,43.318075753000095],[-5.882343649005928,43.31829753100006],[-5.882565011005921,43.31823937600007],[-5.882606739005907,43.31812504200009],[-5.882493817005934,43.318045459000096]],[[-5.894655645006105,43.31490269800005],[-5.8941179120061085,43.31511479500006],[-5.8944357220061265,43.31530309600005],[-5.8948728680061,43.31530641700007],[-5.8951455800061305,43.31522091200005],[-5.89513539800615,43.31511627800008],[-5.89497527200612,43.31510633400008],[-5.894655645006105,43.31490269800005]]],[[[-5.9058649790062665,43.32583221400007],[-5.906111122006298,43.32592153900005],[-5.906397076006293,43.326151014000075],[-5.906193112006252,43.32612866900009],[-5.905874703006261,43.32592074700007],[-5.9058649790062665,43.32583221400007]]],[[[-5.920407244006478,43.32864094900006],[-5.919824267006503,43.32849849500009],[-5.919695511006465,43.328353466000095],[-5.91933950700649,43.328448527000056],[-5.919105277006497,43.328394832000086],[-5.918751347006475,43.32816027900005],[-5.918549430006444,43.32817257000006],[-5.9183133500064615,43.32805277400009],[-5.918040193006476,43.327759683000096],[-5.917474521006475,43.32780134000008],[-5.9171899470064355,43.327701304000094],[-5.917110971006438,43.327570957000056],[-5.9169096680064515,43.32775668700005],[-5.916417452006445,43.32768268200007],[-5.915294161006429,43.32782191500008],[-5.914850206006386,43.32775719000007],[-5.914650825006423,43.32761528300008],[-5.914816971006395,43.32755652100009],[-5.9142558510064,43.327562526000094],[-5.914141124006418,43.32761863400006],[-5.913982231006423,43.327991064000074],[-5.9136834890063765,43.32801490300007],[-5.913522118006385,43.32812680300005],[-5.913364091006385,43.32802903900007],[-5.9134394510063695,43.3279425740001],[-5.913191262006374,43.32795884800006],[-5.91307640800637,43.32809807100008],[-5.9124815640063835,43.32795646400008],[-5.912004472006394,43.32793818300011],[-5.911734850006371,43.32783215300005],[-5.911620774006381,43.327675779000074],[-5.911765517006347,43.32763630200006],[-5.911856062006383,43.327484498000075],[-5.911526164006358,43.32740756500006],[-5.911381951006358,43.32750056800007],[-5.911106414006362,43.32727394600007],[-5.9108215570063605,43.32717748700005],[-5.910493275006358,43.32728449300005],[-5.910177306006369,43.32715904000004],[-5.910109709006312,43.32708869500007],[-5.9101959130063255,43.32696721900005],[-5.909952794006319,43.326978174000054],[-5.910040172006368,43.32684120000006],[-5.909707962006351,43.326688574000066],[-5.909492710006315,43.326745038000084],[-5.9094548160063125,43.32664186500007],[-5.90925481000631,43.3266870780001],[-5.90866720400629,43.32652151200007],[-5.906834964006265,43.32655363300008],[-5.906331274006297,43.326223129000034],[-5.906519588006312,43.32622547700006],[-5.906957918006271,43.326464819000094],[-5.907988988006295,43.32638506400009],[-5.909450520006327,43.3264556720001],[-5.91016044900632,43.326231394000075],[-5.910472564006367,43.32622079200008],[-5.910850379006351,43.32600686500008],[-5.9112385380063674,43.325993359000066],[-5.91176413800638,43.32607186000009],[-5.912049594006357,43.3262344870001],[-5.913006562006395,43.326427367000086],[-5.913304484006417,43.326341979000084],[-5.913178096006402,43.32620136800007],[-5.913251318006374,43.32611156100009],[-5.913611585006397,43.32609146900008],[-5.914106252006404,43.325857175000095],[-5.915024529006398,43.325872220000086],[-5.915632610006405,43.32571164300005],[-5.915912624006407,43.32583385900008],[-5.916123474006442,43.32582246000006],[-5.916529369006418,43.3261842790001],[-5.916874464006425,43.32605541900008],[-5.917221651006474,43.32613149800008],[-5.917208607006461,43.32628927200007],[-5.917036385006456,43.326402562000084],[-5.917307273006448,43.326784642000085],[-5.917263270006475,43.32633139900004],[-5.917352621006464,43.32613657100008],[-5.91770855300646,43.326143489000074],[-5.918070491006491,43.32633566300008],[-5.918478971006473,43.32643962900007],[-5.918915683006489,43.326451497000065],[-5.918809750006503,43.326906961000084],[-5.918894320006459,43.32711005000006],[-5.919618890006515,43.32738260300005],[-5.919883147006488,43.327713160000044],[-5.92035609100652,43.32804660000007],[-5.920407244006478,43.32864094900006]],[[-5.911799504006343,43.32702555500007],[-5.911311296006358,43.32692881500006],[-5.911124843006328,43.32680840500009],[-5.911035391006329,43.3268527640001],[-5.9111302460063735,43.32697268500006],[-5.9115264540063635,43.32709100400009],[-5.911706291006385,43.327102266000075],[-5.911799504006343,43.32702555500007]],[[-5.9119458020063504,43.32647644600009],[-5.913039554006398,43.326995962000076],[-5.913053399006409,43.3269262200001],[-5.913185064006383,43.326952147000064],[-5.913141153006404,43.32680373100007],[-5.9119458020063504,43.32647644600009]],[[-5.912535044006406,43.32649531400008],[-5.912989646006402,43.326517707000065],[-5.9121264320063975,43.3262950210001],[-5.9122003500063975,43.32639097500005],[-5.912535044006406,43.32649531400008]],[[-5.9148396320064,43.3262942360001],[-5.914180084006401,43.32615210100007],[-5.914025815006393,43.32622528600008],[-5.9148396320064,43.3262942360001]],[[-5.918487121006457,43.32777537700009],[-5.918359957006464,43.32762760800008],[-5.918491662006468,43.327554599000074],[-5.918720829006457,43.32769842600006],[-5.919182652006488,43.32775206500005],[-5.919026945006451,43.3275698190001],[-5.918405794006482,43.32739354100007],[-5.918765800006482,43.327084880000044],[-5.918776989006501,43.32696779100009],[-5.918621963006484,43.32701589300009],[-5.918220414006473,43.327436942000105],[-5.918020641006452,43.3274732450001],[-5.91800718200645,43.3276431890001],[-5.9181339620064675,43.32768518800006],[-5.918313521006473,43.3279246330001],[-5.918505371006497,43.32798506300005],[-5.918487121006457,43.32777537700009]]]]}},{"type":"Feature","properties":{"zona":"ES018-AST-29-1","rio":"R\u00edo Nal\u00f3n"},"geometry":{"type":"MultiPolygon","coordinates":[[[[-5.762111515004379,43.334274021000056],[-5.762018770004361,43.333759459000085],[-5.762420947004377,43.333535970000085],[-5.762773525004372,43.333447685000074],[-5.763321121004368,43.333438111000085],[-5.7650194350043975,43.33286896400008],[-5.765350611004432,43.33288775200004],[-5.76599775300443,43.333074701000044],[-5.766253319004398,43.33301924100005],[-5.766763350004435,43.33263570200007],[-5.7671001580044265,43.33211444200005],[-5.76739287500441,43.33189233000009],[-5.768451333004466,43.33130076200007],[-5.768718636004458,43.33126586300007],[-5.768917931004476,43.33112615100005],[-5.769181700004436,43.331160093000065],[-5.769310985004451,43.33110395000007],[-5.769664271004462,43.33074334200007],[-5.769284646004463,43.33029201400007],[-5.769282864004439,43.33017650900008],[-5.7700875340044835,43.330440102000075],[-5.7705013080044685,43.33037414000007],[-5.770939957004463,43.33003947400005],[-5.772119140004509,43.32942982000004],[-5.77230657400451,43.32921724800009],[-5.772715495004487,43.32912669600007],[-5.775886150004545,43.32797659800009],[-5.777315409004523,43.32782728200006],[-5.77810662800454,43.327872878000065],[-5.7788870130045895,43.327821901000064],[-5.777343466004533,43.32819935400007],[-5.776685389004555,43.32825877200003],[-5.776107891004565,43.328445736000056],[-5.775006439004552,43.32864159100008],[-5.773200133004483,43.32936497800007],[-5.772639622004473,43.32969107400005],[-5.771871497004485,43.33032320000008],[-5.771046717004458,43.331307288000076],[-5.769615425004434,43.332619980000075],[-5.768612284004465,43.33311596800009],[-5.7681360170044504,43.333586632000056],[-5.767761140004433,43.33353568200007],[-5.767135103004408,43.333612823000074],[-5.766663195004451,43.33386669200008],[-5.766584027004436,43.33416398800007],[-5.766457386004427,43.33381730900006],[-5.765468901004422,43.33397531900006],[-5.7622530410043735,43.334278205000054],[-5.762111515004379,43.334274021000056]],[[-5.763598288004407,43.333983780000054],[-5.764577893004417,43.333822438000034],[-5.764497896004415,43.33351842400004],[-5.763341988004414,43.33369752900007],[-5.762784122004399,43.33395486100005],[-5.763598288004407,43.333983780000054]],[[-5.769576178004473,43.3312017900001],[-5.769067475004431,43.33124312400004],[-5.7687742910044415,43.33134468300006],[-5.768434032004452,43.33211394400008],[-5.768665783004457,43.332112155000075],[-5.769426673004447,43.33167232000007],[-5.769650748004454,43.331352782000074],[-5.769576178004473,43.3312017900001]]],[[[-5.782895412004621,43.32930156400005],[-5.78147760400462,43.329369932000084],[-5.781077704004567,43.32925137200005],[-5.780781632004595,43.329065925000066],[-5.779455439004569,43.32865535100007],[-5.779128842004597,43.32844353900004],[-5.777445874004565,43.328296397000045],[-5.7787115900045585,43.327994473000054],[-5.779030913004548,43.32796828300009],[-5.779460915004582,43.328046909000086],[-5.779854659004594,43.32797556000004],[-5.779897702004601,43.32816372200006],[-5.78002737200458,43.32826770700007],[-5.780382860004609,43.32839444300005],[-5.780575146004569,43.32836509400005],[-5.7812453150046235,43.328597469000066],[-5.781276612004587,43.328551081000064],[-5.780895432004606,43.328340714000035],[-5.781041287004578,43.32806229500006],[-5.7807986700046055,43.32829926000006],[-5.780516203004569,43.32825935700006],[-5.780062174004595,43.32800683600004],[-5.780096004004604,43.32781963500003],[-5.782034032004608,43.32728274700003],[-5.782571572004597,43.32723641500008],[-5.78302643600461,43.32704612400007],[-5.783524802004603,43.327088583000034],[-5.7837912580046265,43.327315744000046],[-5.783837829004611,43.32754798300006],[-5.7834638700046055,43.328459276000075],[-5.783558095004606,43.32861861700009],[-5.783394715004597,43.32907871500005],[-5.782895412004621,43.32930156400005]]],[[[-5.783569490004604,43.32905295600007],[-5.783755819004637,43.32853731400009],[-5.784165706004633,43.328296119000086],[-5.784307571004622,43.32840201600005],[-5.7841294860046055,43.32842878700009],[-5.784142535004622,43.32848567800006],[-5.7843310880046115,43.328423853000075],[-5.784716344004632,43.32844541400006],[-5.784641763004652,43.32891937100006],[-5.7844350740046115,43.328848431000054],[-5.784100511004642,43.32887859500007],[-5.783569490004604,43.32905295600007]]],[[[-5.7848207120046276,43.3289513060001],[-5.78473696000466,43.32888054700005],[-5.78489821500463,43.32801442500006],[-5.785121566004619,43.3275698940001],[-5.784509070004638,43.327904429000064],[-5.784214512004628,43.32792879900008],[-5.784156334004611,43.32778724200008],[-5.784819757004667,43.326942474000084],[-5.78538291700463,43.32654109000004],[-5.786848423004693,43.32613518300009],[-5.787510902004671,43.326128744000094],[-5.7882217180046585,43.32600393700007],[-5.788386813004662,43.32591127800004],[-5.789508766004669,43.32597597000007],[-5.789839338004726,43.32648730100005],[-5.789581619004678,43.32581409500007],[-5.789861051004696,43.326376703000065],[-5.79002120400472,43.32647791900009],[-5.790076933004716,43.32618652000009],[-5.790802633004701,43.325835486000074],[-5.791282653004705,43.32589585700005],[-5.7912878580047416,43.325972889000084],[-5.791339822004708,43.32582649600006],[-5.791562666004716,43.32566956100005],[-5.793089522004733,43.32536545900008],[-5.794673250004766,43.324916091000034],[-5.7965491490047585,43.32414295600006],[-5.796649787004811,43.3239886900001],[-5.796937669004766,43.32392344300008],[-5.801370161004855,43.321817207000045],[-5.80262813500487,43.32111737900006],[-5.802871657004878,43.32109011400009],[-5.803740922004896,43.32069386600008],[-5.804253488004898,43.32043679600009],[-5.8045687600048685,43.32016720300006],[-5.805366557004896,43.31978758000004],[-5.805670391004922,43.319765775000086],[-5.805967994004904,43.31949124900007],[-5.806353991004933,43.319390079000094],[-5.808619554004943,43.318396861000075],[-5.808977596004962,43.318163131000084],[-5.809035792004961,43.318005912000054],[-5.806828357004931,43.31887719300007],[-5.805921703004914,43.31935292200008],[-5.805794074004893,43.319324458000054],[-5.805947696004924,43.31920361700004],[-5.806163324004905,43.31866338200008],[-5.805905559004886,43.31868305800005],[-5.805354412004868,43.31963392400008],[-5.804533006004859,43.32003076900005],[-5.804824230004886,43.31868603300007],[-5.80458176300486,43.31889078900009],[-5.804655482004861,43.31899918700004],[-5.804382772004868,43.32010918500005],[-5.804310969004898,43.32011100900009],[-5.804264812004854,43.319974590000086],[-5.804294697004859,43.319689778000075],[-5.804117806004891,43.31962208500006],[-5.803786488004879,43.31983145000005],[-5.803939040004854,43.32017337100009],[-5.8038918510048685,43.32023407500004],[-5.8025220320048625,43.3209987750001],[-5.801423010004842,43.32151229200011],[-5.800671893004839,43.32179628300003],[-5.800850573004817,43.321443338000066],[-5.8004714060048075,43.32145393800006],[-5.800108703004852,43.321653693000044],[-5.799842330004805,43.32158610400009],[-5.799866274004824,43.321541999000054],[-5.799285174004842,43.32173933700007],[-5.7984664190048205,43.32129212100007],[-5.797485941004776,43.32144785000004],[-5.797776788004811,43.321244850000035],[-5.798282027004824,43.321069757000046],[-5.798811850004795,43.32053685500007],[-5.79924376200481,43.31983026600007],[-5.799372213004836,43.31974919400006],[-5.799751591004831,43.31971870400003],[-5.800129353004807,43.31929074800008],[-5.800324908004814,43.31927440000006],[-5.800634604004864,43.31896772800009],[-5.800679155004839,43.318811935000056],[-5.800224174004814,43.31889112700004],[-5.799823474004809,43.31872832500006],[-5.799311554004796,43.318377513000044],[-5.798831275004801,43.317646639000046],[-5.798806010004825,43.31778284700006],[-5.7984683400048,43.317656624000065],[-5.7984964220048285,43.317503605000084],[-5.798289012946973,43.31716509906052],[-5.798377308844059,43.317162937180015],[-5.799146579004832,43.3179340660001],[-5.799807960004826,43.31841402500006],[-5.800716980004831,43.3186063570001],[-5.800945276004822,43.31887322000007],[-5.801455999004819,43.318894667000066],[-5.80326385600486,43.318344791000094],[-5.803446180004896,43.318350807000066],[-5.803247401004879,43.31853237400004],[-5.803352389004857,43.318631808000106],[-5.8037814200048725,43.318495524000085],[-5.803896477004891,43.31827397800005],[-5.804177233004887,43.31837404400005],[-5.805098510004874,43.31815309300004],[-5.8054571490048925,43.31791337600006],[-5.805524441004875,43.31772444000007],[-5.8060090970049085,43.31730416900008],[-5.80633785200491,43.31714476600009],[-5.80686677200494,43.31750511300005],[-5.806591774004926,43.31773433400009],[-5.806584237004939,43.317884066000055],[-5.806925178004934,43.317655833000074],[-5.807174655004891,43.31763368800007],[-5.807289937004917,43.31734457500006],[-5.807743212457877,43.31693322980599],[-5.811873419718294,43.31683168846382],[-5.810153404004949,43.31753418200004],[-5.81010955500494,43.31758186100008],[-5.810250246004956,43.317606058000095],[-5.810691839004966,43.31753123400007],[-5.810023678004935,43.31781132200008],[-5.810252495004932,43.31781779900008],[-5.810685203004942,43.31765455300008],[-5.807450033004918,43.319757129000045],[-5.806947881004887,43.319940946000045],[-5.8068575040048955,43.32017702100008],[-5.805845702004889,43.320497598000046],[-5.80501865200488,43.32108065900008],[-5.80532992300487,43.32057033600008],[-5.805324718004891,43.32047839900009],[-5.805252365004884,43.32051764100005],[-5.804462353004892,43.321462868000054],[-5.804019948004884,43.32241886700008],[-5.803480765004876,43.322667768000045],[-5.803546160004855,43.32281901600004],[-5.803463027004878,43.32287761100008],[-5.8034285420048635,43.32281831800003],[-5.803353300004883,43.322846076000104],[-5.803266396004881,43.32298804900008],[-5.803405288004878,43.32294040300008],[-5.803391767004851,43.32298832500006],[-5.80267685000486,43.32364840900006],[-5.801656865004818,43.32433005400003],[-5.801267193004831,43.32468771400005],[-5.800501852004846,43.32504439700008],[-5.80010000900482,43.325134290000065],[-5.799888428004844,43.32528561700009],[-5.799611549004829,43.325292342000076],[-5.799215810004827,43.32546219600005],[-5.799149037004811,43.32561207000004],[-5.799280314004793,43.32571504300008],[-5.799039502004831,43.32590495600005],[-5.7985960370047795,43.32598659400005],[-5.797845944004804,43.32592273400008],[-5.797702976004768,43.32623384000006],[-5.792517354004706,43.32737407000008],[-5.792256619004719,43.32733903400003],[-5.7918646770047495,43.32747926500009],[-5.79167919600473,43.327347087000085],[-5.791978564004747,43.32731787200005],[-5.791914044004724,43.327246686000095],[-5.791676953004747,43.32721935900003],[-5.791578987004746,43.32743767300009],[-5.7914713010047105,43.32747590600009],[-5.791457377004739,43.32762678500008],[-5.791319226004691,43.327638616000065],[-5.7910959490047125,43.327515295000076],[-5.790308846004711,43.32771152300007],[-5.790083884004705,43.32789043000004],[-5.789433447004706,43.32797031800005],[-5.786873483004675,43.328641169000036],[-5.7851964960046605,43.32894225400005],[-5.7848207120046276,43.3289513060001]],[[-5.789913182004712,43.32687941000006],[-5.790500303004687,43.32681814300005],[-5.790564861004706,43.32669480800007],[-5.790004484004701,43.32671462200007],[-5.789913182004712,43.32687941000006]],[[-5.7936907590047495,43.32601249600004],[-5.795009405004782,43.32553821700004],[-5.794709061004742,43.32559301000004],[-5.7948235680047775,43.32542864300007],[-5.794652926004774,43.32542906200008],[-5.7920961300047225,43.326208450000095],[-5.791607901004732,43.326554075000054],[-5.7913151970047245,43.32662658500005],[-5.791062082004701,43.326571387000065],[-5.791003964004731,43.32670785600006],[-5.790662436004692,43.32678345900008],[-5.79076537400469,43.32681609400005],[-5.7906180130047264,43.326942174000074],[-5.791002476004721,43.32693974600006],[-5.791538599004746,43.32665652000004],[-5.7936907590047495,43.32601249600004]],[[-5.79172075800471,43.32632594000008],[-5.79142232800472,43.32638909200006],[-5.792468638004724,43.325966543000064],[-5.792601724004732,43.32599572300007],[-5.794636179004758,43.325381920000055],[-5.794768148004754,43.32531984800007],[-5.794647648004771,43.325304639000095],[-5.794852868004772,43.32521354000006],[-5.793786723004722,43.32543664900004],[-5.79364162400477,43.325545253000044],[-5.790931927004735,43.32642192000006],[-5.791185450004709,43.32636166800008],[-5.791411512004734,43.32644884500007],[-5.79172075800471,43.32632594000008]],[[-5.795463636004781,43.325332503000034],[-5.795219238004771,43.32543250900006],[-5.795173030004755,43.325532408000086],[-5.795548455004776,43.32539686100008],[-5.795463636004781,43.325332503000034]],[[-5.7961854200047975,43.325114742000046],[-5.795650411004759,43.32529652500007],[-5.795686039004793,43.32536133700006],[-5.795917045004776,43.32536745500007],[-5.796469235004789,43.32515683000004],[-5.7961854200047975,43.325114742000046]],[[-5.795956054004752,43.32505879200006],[-5.7964455050047805,43.32505954400007],[-5.79672119300477,43.3248676200001],[-5.797351638004791,43.324795582000036],[-5.797908645004795,43.324537453000076],[-5.798238583004793,43.32447175200009],[-5.798366515004792,43.324323567000086],[-5.798310398004806,43.324281694000035],[-5.79766760600479,43.32447337500003],[-5.79681479000476,43.324600444000076],[-5.796675497004797,43.32484853300009],[-5.795956054004752,43.32505879200006]],[[-5.796523645004809,43.32515528200004],[-5.797854132004787,43.32496052100005],[-5.798077826004788,43.324868172000045],[-5.796991877004761,43.32492994300004],[-5.796523645004809,43.32515528200004]],[[-5.799745699004839,43.323580101000076],[-5.799550755004794,43.32353669500004],[-5.799340578004806,43.323583504000055],[-5.799418206004791,43.32395152100005],[-5.799680941004831,43.32375061200004],[-5.799745699004839,43.323580101000076]],[[-5.800027252004825,43.31964729700008],[-5.799864632004853,43.31976819000005],[-5.799887722004811,43.319861601000085],[-5.8001704330048245,43.320202666000064],[-5.800290563004854,43.320230044000034],[-5.800412363004844,43.32011903300005],[-5.800660675004843,43.32028373400005],[-5.800315998004853,43.3200006210001],[-5.800187073004838,43.31969942900004],[-5.800027252004825,43.31964729700008]],[[-5.80049834900483,43.32440588900005],[-5.801241058004847,43.324067981000056],[-5.801693987004857,43.32353944300008],[-5.800489476004817,43.324356825000066],[-5.80049834900483,43.32440588900005]],[[-5.8041430630048945,43.32097831500007],[-5.803927558004863,43.32104864400004],[-5.803693963004864,43.32101221900008],[-5.803652925004856,43.321062790000056],[-5.803947656004857,43.32124584300006],[-5.80409136600489,43.32117217300005],[-5.8041430630048945,43.32097831500007]],[[-5.8043543670049,43.32049016400004],[-5.804130051004883,43.32057454400009],[-5.804161381004895,43.32093454900008],[-5.804345766004853,43.32061029500006],[-5.8043543670049,43.32049016400004]]],[[[-5.8075886100048955,43.31694422200008],[-5.807063758004932,43.317561199000075],[-5.806420000004902,43.31708568200005],[-5.806494861752591,43.316963891149825],[-5.8075886100048955,43.31694422200008]]],[[[-5.786061680004634,43.32597468500007],[-5.786054101004636,43.32605223300006],[-5.785981513004669,43.326049068000046],[-5.785973106004672,43.32599413800005],[-5.786061680004634,43.32597468500007]]],[[[-5.786801671004689,43.32601658500005],[-5.786254791004682,43.32591507900004],[-5.7863375400046815,43.32576618900004],[-5.786602573004633,43.325935484000084],[-5.7870442570046485,43.325846071000065],[-5.786801671004689,43.32601658500005]]],[[[-5.788186981004695,43.32561011900004],[-5.788300725004672,43.32571203800007],[-5.788265412004661,43.32579183200006],[-5.788034732004697,43.32572235600004],[-5.788186981004695,43.32561011900004]]],[[[-5.794140976004735,43.327396880000045],[-5.793543703004745,43.32728133400009],[-5.79745031600482,43.32637755300005],[-5.798714253004811,43.32615733800004],[-5.799067302004827,43.32599496700006],[-5.799180110004813,43.32602573500005],[-5.798993863004822,43.32623068600004],[-5.798657960004812,43.326303556000035],[-5.798522363004814,43.32640482300009],[-5.798343242004781,43.32635988900007],[-5.79820374200479,43.326422694000044],[-5.79828133200478,43.326546322000084],[-5.798187052004796,43.32684844300009],[-5.798576056004798,43.32667935500008],[-5.79831605500478,43.326912964000044],[-5.79832356100481,43.327081222000054],[-5.798056282004794,43.32708330100009],[-5.797561569004821,43.32690858400009],[-5.796909633004758,43.32692804500006],[-5.795703683004762,43.327091263000064],[-5.794940658004782,43.327300761000075],[-5.794736524004777,43.32720947900004],[-5.794140976004735,43.327396880000045]]],[[[-5.795594075004759,43.32399183200007],[-5.79613849400476,43.323752411000044],[-5.7960914450047705,43.32363627900004],[-5.795883025004789,43.32355248200003],[-5.796013215004782,43.32332083600007],[-5.796238720004789,43.3232416210001],[-5.796435987004768,43.32330293300005],[-5.79648381500476,43.32339280300006],[-5.79637972400479,43.32348679400008],[-5.796644485004775,43.32376415300008],[-5.796602889004758,43.32385994800007],[-5.7964330760048,43.32391110000005],[-5.796281641004776,43.32382460400006],[-5.79567406900479,43.324105734000064],[-5.795594075004759,43.32399183200007]]],[[[-5.813092298004996,43.317060991000076],[-5.813091307005018,43.316927913000036],[-5.813255401004977,43.31680605800007],[-5.815621654364107,43.31673940855416],[-5.8154866430049985,43.31692201900008],[-5.81511074100502,43.31697967100008],[-5.813647615005025,43.317130687000045],[-5.813092298004996,43.317060991000076]]],[[[-5.8136471100050215,43.317199030000054],[-5.813758593004979,43.31727530600008],[-5.813785063005001,43.31751937800005],[-5.813463219005014,43.31730279800009],[-5.8136471100050215,43.317199030000054]]]]}},{"type":"Feature","properties":{"zona":"ES018-AST-55-1","rio":"Arroyode Tarabica"},"geometry":{"type":"Polygon","coordinates":[[[-5.853771839005412,43.45058911900004],[-5.853866403005406,43.450204378000095],[-5.85348584700542,43.44986936200007],[-5.8534282390053995,43.44970052400006],[-5.85363798000545,43.449350459000094],[-5.853610586005423,43.44908039100007],[-5.8534337770054385,43.448754621000056],[-5.8536128640054335,43.448697292000084],[-5.853925332005443,43.44797655400005],[-5.854208034005437,43.447682372000045],[-5.854585341005453,43.44737071900006],[-5.854857131005456,43.44723244000007],[-5.8552688530054295,43.44717218500006],[-5.855573088005476,43.44694880900006],[-5.855762230005433,43.446599397000064],[-5.856010515005492,43.44653548100008],[-5.856203398005448,43.446371813000056],[-5.856477698005454,43.44586097000008],[-5.856368679005474,43.44632905000005],[-5.856447851005445,43.44629153200005],[-5.8566015190055,43.44575980700008],[-5.856759617005488,43.44569943900009],[-5.856803612005488,43.445073705000034],[-5.856224160005469,43.44408466600006],[-5.856162538005493,43.443478935000044],[-5.855938176005452,43.44330450600008],[-5.855954857005488,43.44313249900008],[-5.855776457005446,43.44299624400004],[-5.855603236005488,43.442380860000085],[-5.85493069600544,43.44165074100007],[-5.854484078005423,43.44086732400008],[-5.85428203300544,43.44070594400008],[-5.8538323460054205,43.44058294500009],[-5.8537506150054535,43.44013139200009],[-5.853340406005453,43.44016351200004],[-5.853077164005432,43.440302195000086],[-5.852820415005413,43.440170207000065],[-5.852814484005437,43.43993845900009],[-5.853178745005458,43.43973546000008],[-5.853224925005429,43.439370912000086],[-5.853149189005443,43.43931930600009],[-5.853041113005437,43.439398024000084],[-5.85260068700542,43.43928510000007],[-5.852640949005449,43.43874538700006],[-5.852412833005429,43.43866087600004],[-5.852234164005447,43.438722395000084],[-5.852234256005441,43.43853094900006],[-5.852451813005429,43.438394314000064],[-5.852183147005415,43.43848922600008],[-5.852098979005413,43.43843211900005],[-5.851839114005434,43.437909602000076],[-5.851786036005424,43.43759092900008],[-5.851535161005417,43.437244982000045],[-5.8509711750053786,43.43605258700008],[-5.850837364005421,43.43598357900005],[-5.850966484005422,43.4356001620001],[-5.8508665150054,43.435140914000065],[-5.850945025005381,43.435036572000065],[-5.850415614005374,43.43459606100005],[-5.850104623005378,43.43390227600004],[-5.850076276005365,43.43357708800006],[-5.849844968005396,43.4334929980001],[-5.849839091005418,43.433306957000084],[-5.849680218005382,43.43329922000005],[-5.849676064005373,43.4331577770001],[-5.849834293005396,43.432732853000076],[-5.849641112005409,43.43236287400005],[-5.849611450005377,43.43186940100005],[-5.849513978005383,43.43191677700004],[-5.8494378860054095,43.43185761200006],[-5.849358613005369,43.43192729100011],[-5.849027562005376,43.43178819200008],[-5.848841862005398,43.43122378600005],[-5.8485879560053835,43.43083772600008],[-5.848612443005403,43.430654720000085],[-5.849170684005375,43.43059029400009],[-5.849536489005381,43.43035750800006],[-5.849768854005371,43.430327160000054],[-5.849885525005376,43.43018202700007],[-5.849895233005369,43.429972446000086],[-5.849347915005387,43.429452573000056],[-5.8492325770053855,43.429003138000056],[-5.8486378160053745,43.42871357600009],[-5.848148819005378,43.428624915000064],[-5.847810762005353,43.428726248000046],[-5.847556233005388,43.42900600200006],[-5.847619361005354,43.4292673780001],[-5.847876254005387,43.42921556400008],[-5.848116934005379,43.429746515000055],[-5.848070941005364,43.42980882700007],[-5.848182895005398,43.42985142700009],[-5.848292784005385,43.430220195000075],[-5.848267596005391,43.43056499700006],[-5.848151045005371,43.430785986000075],[-5.847815951005385,43.4309970400001],[-5.847290583005366,43.43112739100009],[-5.846885914005326,43.43141164000009],[-5.8467751780053705,43.43188762800004],[-5.847057550005334,43.43198617300006],[-5.84831526400537,43.43190628500004],[-5.848376579005352,43.431983015000085],[-5.848267353005344,43.432121512000045],[-5.847629727005377,43.43215782300008],[-5.847297441005373,43.432036967000066],[-5.846878644005358,43.43205122200006],[-5.846568231005329,43.43186084900005],[-5.8462431960053225,43.43201844900006],[-5.845795390005362,43.43195136500004],[-5.8451091640053265,43.431979430000084],[-5.844854905005349,43.43187973100005],[-5.844710574005346,43.43204324300009],[-5.843822073005314,43.43181913500009],[-5.843653110005291,43.43164421200005],[-5.843103743005322,43.43154380000005],[-5.842695440005287,43.43156928200006],[-5.842193181005308,43.4319467060001],[-5.842015685005315,43.43187215000008],[-5.842297611005274,43.43178072700007],[-5.84258533400532,43.4315230810001],[-5.841975354005277,43.431838039000084],[-5.842012715005289,43.43179817800007],[-5.84173275100527,43.43181429400006],[-5.8415347360053,43.43164673500008],[-5.841203756005295,43.43156000100006],[-5.841325635005303,43.43142158300005],[-5.841083496005277,43.43155233800008],[-5.840740226005299,43.43152473000005],[-5.840504628005277,43.43174775500007],[-5.840106600005267,43.43179333600007],[-5.839834068005265,43.431715558000086],[-5.8400359570052505,43.431538124000056],[-5.83938018900524,43.43115439800006],[-5.8388480720052565,43.43113228800008],[-5.83783159100522,43.43123177400005],[-5.837377549005214,43.4311869150001],[-5.836943910005215,43.4309712450001],[-5.836780912005206,43.431031204000085],[-5.83650487400522,43.430982953000075],[-5.8361769270052,43.430798888000055],[-5.836130766005199,43.42983220400005],[-5.834966894005176,43.42950778500006],[-5.835038118005189,43.42964059700007],[-5.835412921005193,43.42966605000005],[-5.835557554005186,43.42974349700009],[-5.8350300790052225,43.42987396400008],[-5.83485622100518,43.43000310900006],[-5.834497597005177,43.42990452100004],[-5.834260809005178,43.42962651000006],[-5.835337548005176,43.42973826200008],[-5.834021155005193,43.42939505300008],[-5.832701042005156,43.42883314800009],[-5.8324372510051425,43.42889895200007],[-5.83251279600516,43.42876029100007],[-5.832295919005142,43.428216662000075],[-5.832736820005196,43.42817484800004],[-5.83319029100516,43.42827209600008],[-5.833210174005154,43.42843900400006],[-5.833547278005195,43.42828737800007],[-5.833756090005181,43.428432035000085],[-5.834085462005196,43.42841979100008],[-5.835344408005219,43.42913636400006],[-5.835657955005185,43.42912705000006],[-5.8361122460052295,43.42943494500004],[-5.836643762005203,43.429532263000084],[-5.836708006005248,43.4296801720001],[-5.8372661740052525,43.429850455000086],[-5.838014503005239,43.43029767700006],[-5.8389862000052615,43.43055313000009],[-5.83877895900526,43.43029609500009],[-5.838463499005231,43.430116825000034],[-5.838361865005256,43.42982699700008],[-5.838594002005271,43.42985912000008],[-5.839010020005228,43.43011429000008],[-5.839280011005272,43.43017635900005],[-5.839213785005269,43.43021913600008],[-5.839463182005278,43.43036516100007],[-5.840017823005236,43.430456965000104],[-5.840374053005263,43.430451693000094],[-5.8407962180053,43.43017099400004],[-5.840577317005258,43.43043772100005],[-5.840595207005294,43.43074610700008],[-5.8411303610052805,43.43124929500006],[-5.842157807005316,43.430656736000074],[-5.842349674005275,43.43071490500007],[-5.842647681005304,43.43098754800008],[-5.8435904670053125,43.43133343500008],[-5.844664717005314,43.43128191700006],[-5.845410855005335,43.431357905000034],[-5.84568584300534,43.43132334000008],[-5.846399548005358,43.430899822000086],[-5.847133823005382,43.43075891500008],[-5.847215091005358,43.430636593000045],[-5.847244225005346,43.43001073300008],[-5.846254467005332,43.42899787700004],[-5.846206795005337,43.42887601500009],[-5.846295440005343,43.428792449000085],[-5.846011371005364,43.4286126580001],[-5.845912662005319,43.42818069300007],[-5.845483972005338,43.42782979200008],[-5.845093631005319,43.427719700000075],[-5.844853489005319,43.427473522000085],[-5.844590920005345,43.42735158400007],[-5.844508798005308,43.427391348000086],[-5.844271427005333,43.427014184000036],[-5.843837111005333,43.42662654300006],[-5.844129855005316,43.4265541500001],[-5.84433017600534,43.42665406400006],[-5.844377507005303,43.426809824000046],[-5.84411389500533,43.42673787400005],[-5.844355930005318,43.42690415500006],[-5.844514608005311,43.42681648400005],[-5.844575862005316,43.426923806000055],[-5.8443931020053395,43.42695955200004],[-5.844496210005304,43.42702036100009],[-5.844596447005331,43.42697180000007],[-5.84482815100532,43.427124077000045],[-5.844556240005345,43.427121046000046],[-5.844595382005338,43.42724086300007],[-5.844910681005308,43.427319531000094],[-5.84563135800532,43.42768003700008],[-5.846395700005356,43.42781401900006],[-5.846951061005374,43.427600772000076],[-5.847820761005395,43.42760252600006],[-5.848634671005383,43.42742288100006],[-5.849114817005363,43.42720449700007],[-5.849686971005367,43.426818484000094],[-5.850197337005388,43.42671805600005],[-5.8508794730054206,43.426693619000055],[-5.851661697005408,43.42617154500006],[-5.851621454005407,43.425957246000074],[-5.852066159005419,43.4253696750001],[-5.85201031300541,43.425012668000086],[-5.851404556005443,43.42436239900009],[-5.850930043005406,43.4241624410001],[-5.850404790005424,43.42376295700008],[-5.850196475005412,43.42343846000008],[-5.85010760400541,43.422820825000045],[-5.849911343005421,43.42277419300007],[-5.849864037005421,43.42248926400005],[-5.849502928005377,43.42206900700008],[-5.849973411005399,43.4216418600001],[-5.850025993005424,43.42131754800006],[-5.850335053005434,43.42112647100005],[-5.850509986005418,43.420841877000065],[-5.850737827005392,43.42068305400006],[-5.850771116005435,43.420531266000076],[-5.850479164005433,43.42032528900008],[-5.850971643005442,43.42045130900006],[-5.850694775005425,43.42022898900007],[-5.850806416005416,43.42013927200005],[-5.850697616005393,43.42010126800006],[-5.850350556005422,43.41951269900007],[-5.850006407005417,43.41935416900005],[-5.849673115005418,43.41907771500007],[-5.849521862005405,43.418424467000094],[-5.849625230005404,43.41784168900007],[-5.849819550005399,43.417815347000065],[-5.849758195005384,43.41767162200007],[-5.84992416200543,43.41737925600008],[-5.850342307005405,43.41713545200004],[-5.850630089005395,43.417046015000054],[-5.85081369800543,43.41707742500008],[-5.850993241005433,43.41721660200007],[-5.851075387005447,43.41718523700009],[-5.850917696005418,43.416673875000086],[-5.851144765005426,43.41622593700004],[-5.8514992240054235,43.416074456000054],[-5.851657577005442,43.41587866700007],[-5.852012228005457,43.416123917000064],[-5.851623498005455,43.41638530400008],[-5.85171027900545,43.416579821000056],[-5.8516256700054505,43.41692850800008],[-5.851744631005448,43.41725422300005],[-5.850883912005434,43.41883292400009],[-5.850987451005444,43.419480519000054],[-5.8516586450054024,43.42011335600007],[-5.851832519005444,43.420429102000085],[-5.851997868005432,43.42048927400005],[-5.851917136005415,43.42056829600008],[-5.852034737005416,43.42060397500008],[-5.852035752005425,43.420997094000036],[-5.851856574005426,43.42151998900006],[-5.851534588005405,43.421809353000086],[-5.851513321005437,43.42197697000006],[-5.851256445005398,43.422045066000074],[-5.851095005005398,43.4221862520001],[-5.850767938005391,43.422200226000044],[-5.850641868005425,43.42242318100008],[-5.850825572005419,43.422800589000076],[-5.8513829700054405,43.423204099000046],[-5.852145120005409,43.42326105400009],[-5.852601123005425,43.42341018000009],[-5.852400450005427,43.42393353800004],[-5.852520994005455,43.42428583900007],[-5.8527814720054305,43.42459331600004],[-5.852830612005419,43.424998072000065],[-5.8525813010054115,43.42534975300005],[-5.8524918570054405,43.42560995500004],[-5.852575965005451,43.42572091400008],[-5.852231609005419,43.42590101900006],[-5.8520714570054375,43.426113797000056],[-5.852038553005416,43.426534230000094],[-5.85180152200543,43.42688170100009],[-5.850310678005419,43.42739141100004],[-5.850277081005392,43.42751646000007],[-5.850397109005419,43.42774941000006],[-5.850177560005409,43.42825272800008],[-5.850330803005413,43.42863347600011],[-5.8505964220054185,43.42890867100006],[-5.850691131005415,43.42941712500006],[-5.851935357005414,43.43035719300009],[-5.851482831005405,43.43063115900004],[-5.851244536005425,43.43093941700006],[-5.85109208100539,43.43097775800007],[-5.85138888200544,43.43106777000005],[-5.851313411005437,43.431244644000074],[-5.851436434005397,43.43121713200004],[-5.851448960005432,43.431565053000064],[-5.8516504170054375,43.431986484000056],[-5.851740029005392,43.43198158800005],[-5.851657214005406,43.432143029000045],[-5.852045824005426,43.432309317000055],[-5.85173511700544,43.433065973000076],[-5.851494880005422,43.43318198600009],[-5.851480505005387,43.433530204000085],[-5.851739002005393,43.43391394000004],[-5.852062504005414,43.4341072490001],[-5.851966530005438,43.43346066300007],[-5.851754227005421,43.43329453500009],[-5.851918617005434,43.4332469330001],[-5.851641209005442,43.43312780300006],[-5.851792577005433,43.43309737400007],[-5.851956721005431,43.43325484100008],[-5.851961878005408,43.43337460000006],[-5.852085423005417,43.43344869400007],[-5.85201712800541,43.43356214000007],[-5.852202935005449,43.43423562500006],[-5.852409224005399,43.43408379500007],[-5.852648917005429,43.434514894000095],[-5.852644723005444,43.43471049100005],[-5.852496030005414,43.43470362400007],[-5.8524537430054275,43.43478437700004],[-5.852630675005418,43.43485470100007],[-5.852623275005403,43.434980897000074],[-5.8528479580054045,43.435019589000056],[-5.85317612400544,43.434795410000056],[-5.853141188005419,43.43509942800008],[-5.852420849005411,43.435040101000034],[-5.852453425005437,43.43516181300005],[-5.8525585540054,43.43513565800005],[-5.852362427005416,43.43538477100004],[-5.852472538005443,43.43600227900004],[-5.852320887005431,43.436407086000045],[-5.852483834005413,43.43682286700007],[-5.852761847005429,43.43710146600008],[-5.853059600005416,43.43816417900008],[-5.853162064005425,43.43814191800006],[-5.853110283005456,43.43854934700007],[-5.853183694005417,43.43860413800008],[-5.853548379005446,43.43852484600009],[-5.853512417005416,43.43865318700007],[-5.853315960005457,43.43875090800005],[-5.8537068670054575,43.43909405700004],[-5.85374290500542,43.43958931900006],[-5.854301943005432,43.43992622100008],[-5.854616979005455,43.44065288700008],[-5.8551266980054395,43.44121253600009],[-5.855312852005446,43.441660251000044],[-5.8557478530054805,43.441963880000074],[-5.856463874005448,43.44290905000005],[-5.85670225700546,43.443004575000046],[-5.8565653680054846,43.44316003800004],[-5.856775943005471,43.44314756100006],[-5.856899368005498,43.443029002000074],[-5.857151539005501,43.44330101200008],[-5.857098610005509,43.44365307200009],[-5.856593986005472,43.44373908300004],[-5.857092416005472,43.44369239300008],[-5.857210191005508,43.44375204500007],[-5.857348305005492,43.44447055600007],[-5.857005396005504,43.444604363000074],[-5.857012396005487,43.44471591300006],[-5.857340133005511,43.444908802000064],[-5.8574474270054875,43.44531626000004],[-5.856888613005492,43.44594070900009],[-5.857234211005461,43.446521970000056],[-5.856563399005501,43.44670159600005],[-5.8560267100054935,43.44712992200006],[-5.855644899005475,43.44724288200008],[-5.855342616005475,43.44757719800005],[-5.854643048005451,43.44771795200009],[-5.854229421005443,43.448028739000065],[-5.854163329005444,43.44836117000007],[-5.854290626005453,43.44862713500005],[-5.854284737005429,43.44898747100007],[-5.854106371005427,43.44968594200004],[-5.854255732005443,43.44989138700006],[-5.854291175005443,43.45032426100006],[-5.854384606005427,43.45023581800009],[-5.854490188005432,43.45030878300004],[-5.854607343005433,43.450268187000084],[-5.854776242005451,43.450558297000065],[-5.854562710005415,43.45126810500008],[-5.854718000005426,43.45064775500005],[-5.85458457000542,43.45031674900009],[-5.854496529005448,43.45036876500007],[-5.854390941005451,43.45032402200009],[-5.85425378000545,43.45045326800007],[-5.854401684005468,43.45083994800009],[-5.8544299670054185,43.451270863000076],[-5.854342803005437,43.45133843300006],[-5.853967077005417,43.45139713200008],[-5.8537790290054295,43.45124495700004],[-5.853771839005412,43.45058911900004]],[[-5.84215791700529,43.43080293700009],[-5.841864185005298,43.430948823000065],[-5.841607383005269,43.431125242000086],[-5.842191106005311,43.43114316100009],[-5.842359846005306,43.430916952000096],[-5.84215791700529,43.43080293700009]],[[-5.84626204500534,43.42810627700006],[-5.846388032005333,43.42794674900008],[-5.845895785005314,43.42784348700009],[-5.84590172200534,43.42795161100005],[-5.84603183200533,43.428027500000056],[-5.84626204500534,43.42810627700006]],[[-5.847411797005357,43.43011706700004],[-5.847873503005373,43.430168817000045],[-5.847886273005387,43.430045229000044],[-5.847411797005357,43.43011706700004]],[[-5.847888588005348,43.42798552900008],[-5.847692676005363,43.428076857000065],[-5.8476792020053505,43.42816094400009],[-5.8478055140053735,43.428238282000066],[-5.8480720420053744,43.42823540500007],[-5.847888588005348,43.42798552900008]],[[-5.849137055005404,43.42759716500008],[-5.849493207005404,43.427572795000074],[-5.849559178005377,43.42747614700008],[-5.849409392005364,43.427405347000054],[-5.849137055005404,43.42759716500008]],[[-5.849756389005375,43.43324094800007],[-5.849807309005409,43.433184005000065],[-5.849724285005417,43.433101820000076],[-5.849756389005375,43.43324094800007]],[[-5.8498384610053735,43.43128084500009],[-5.850075002005368,43.431090631000096],[-5.849946805005387,43.43097150000007],[-5.849710932005375,43.43111697500008],[-5.8498384610053735,43.43128084500009]],[[-5.85008041600541,43.4332725130001],[-5.849914105005363,43.43327989300008],[-5.849839631005389,43.43322037900004],[-5.849978962005406,43.43347810800005],[-5.85008041600541,43.4332725130001]],[[-5.850244659005385,43.43279155300009],[-5.8500626290054205,43.432817296000074],[-5.850116653005371,43.43294339500007],[-5.85023212100542,43.43289880900008],[-5.850244659005385,43.43279155300009]],[[-5.850511299005393,43.433637628000064],[-5.8503664440054175,43.43348081200005],[-5.8502424920053935,43.433566884000086],[-5.8503059590054125,43.43367656100004],[-5.850511299005393,43.433637628000064]],[[-5.850166379005427,43.41745627200005],[-5.850006010005409,43.417625601000076],[-5.850110124005422,43.41768909600009],[-5.8502394130053945,43.417581124000044],[-5.850166379005427,43.41745627200005]],[[-5.850906282005376,43.43588033500004],[-5.850912610005417,43.43598529800007],[-5.850952452005395,43.435991978000075],[-5.850992379005385,43.43591696700004],[-5.850906282005376,43.43588033500004]],[[-5.851541928005423,43.434996664000074],[-5.8516640710054215,43.43493465700006],[-5.851691342005443,43.43486473200008],[-5.851433053005395,43.43491595100008],[-5.851408701005426,43.435073072000094],[-5.851492684005396,43.4351489310001],[-5.851541928005423,43.434996664000074]],[[-5.851375100005387,43.432741741000044],[-5.85144724200541,43.43274360100004],[-5.8513995310054305,43.43269034400006],[-5.851375100005387,43.432741741000044]],[[-5.851748772005416,43.43439934400006],[-5.851757527005425,43.43415574000007],[-5.851545219005406,43.433734354000094],[-5.851431006005388,43.4338477250001],[-5.851504054005435,43.43393594100009],[-5.851497233005434,43.43386156200008],[-5.8515794240054255,43.43389954800007],[-5.851543617005407,43.43425898400006],[-5.851603677005419,43.434395112000075],[-5.851748772005416,43.43439934400006]],[[-5.852154864005411,43.43542527500007],[-5.851798344005437,43.43521271800007],[-5.8517829710054405,43.43534017400005],[-5.851928199005394,43.43534196900005],[-5.851918305005435,43.435459953000105],[-5.852141741005435,43.43555204800005],[-5.852154864005411,43.43542527500007]],[[-5.851836983005406,43.43475397800008],[-5.851846491005411,43.43495665100007],[-5.851892311005437,43.43473020000006],[-5.851836983005406,43.43475397800008]],[[-5.851849601005434,43.43517654700004],[-5.8518991170054235,43.43511600300008],[-5.851897472005427,43.434991139000054],[-5.851852852005442,43.43500327000005],[-5.851849601005434,43.43517654700004]],[[-5.852266227005443,43.43431433600007],[-5.852099220005425,43.434294236000035],[-5.852058849005413,43.434160286000086],[-5.851835300005413,43.43431468300004],[-5.852327672005416,43.43450470000006],[-5.852266227005443,43.43431433600007]],[[-5.852241057005428,43.4347217420001],[-5.852277827005436,43.43485792400004],[-5.852366187005443,43.43485222900007],[-5.852241057005428,43.4347217420001]],[[-5.852689173005404,43.43821903500006],[-5.852521350005432,43.43834503400007],[-5.852679829005427,43.43826650000008],[-5.852852662005452,43.438393110000085],[-5.852824881005421,43.438268453000056],[-5.852689173005404,43.43821903500006]]]}},{"type":"Feature","properties":{"zona":"ES018-AST-35-1","rio":"R\u00edo Nore\u00f1a"},"geometry":{"type":"MultiPolygon","coordinates":[[[[-5.690699440003593,43.39710430800006],[-5.691452268003633,43.39640927700004],[-5.692153182003632,43.39621066300004],[-5.692694638003646,43.39629527900008],[-5.693391696003609,43.39621821800007],[-5.694129675003624,43.395788594000074],[-5.694327337003632,43.39530970000005],[-5.69427364900365,43.39500737200007],[-5.6939117620036495,43.39434748300006],[-5.694065931003636,43.394251316000066],[-5.694049818003622,43.393787500000045],[-5.693525033003635,43.39307468000005],[-5.693930130003636,43.39308258300009],[-5.694144465003647,43.39317324000007],[-5.694556410003649,43.39284989200007],[-5.694489225003613,43.39278915000007],[-5.694678084003662,43.392640976000045],[-5.696249807003662,43.39206462200008],[-5.697503971003663,43.39207284800007],[-5.698265658003691,43.39232647000006],[-5.698480650003691,43.39220959200003],[-5.699119677003674,43.392104611000036],[-5.69962237400368,43.39214470100008],[-5.699828089003675,43.392236482000044],[-5.699985736003714,43.392135968000055],[-5.700081915003682,43.39190919400006],[-5.700000341003703,43.39159867800004],[-5.699820332003682,43.39145685600004],[-5.699867442003709,43.39127348800009],[-5.699695552003718,43.391088124000085],[-5.699774767003689,43.39082474900004],[-5.699620468003714,43.39051463400005],[-5.700061614003676,43.39023129900005],[-5.70081935000371,43.38998577200006],[-5.701186708003719,43.38966132100008],[-5.702001144003712,43.389235837000065],[-5.702179082003692,43.389877020000036],[-5.702357223003741,43.38998566900006],[-5.702422590003732,43.39061343100009],[-5.702558543003717,43.39067815300008],[-5.703220186003726,43.39067392800007],[-5.70331074900374,43.39113357000009],[-5.703278362003705,43.391679071000056],[-5.703146965003744,43.39161241600005],[-5.703278787003702,43.391430846000056],[-5.703062430003702,43.39126424500007],[-5.703259397003724,43.39121311200007],[-5.703146219003733,43.390756767000035],[-5.702762292003699,43.39087574500007],[-5.702618817003739,43.39076834700006],[-5.702315802003692,43.39071341400006],[-5.702175077003697,43.39104096400007],[-5.701580827003686,43.39110876800004],[-5.701230712003679,43.39131858600008],[-5.7013702750036845,43.391111329000076],[-5.701636776003688,43.3910088310001],[-5.702125516003727,43.390978366000084],[-5.702171657003712,43.39084612800009],[-5.702085318003706,43.390630612000066],[-5.701180835003698,43.39065743800007],[-5.7009153950037295,43.39081618200004],[-5.700781261003722,43.39132188400004],[-5.700638849003718,43.39143967600006],[-5.700403689003671,43.39142880500004],[-5.700293720003676,43.39129630500003],[-5.700524630003707,43.39097134100007],[-5.700020968003674,43.39100630700007],[-5.700290766003708,43.39178058000006],[-5.700792007003709,43.391982567000085],[-5.700735397003707,43.392171954000055],[-5.700521983003675,43.39236565900008],[-5.700200792003717,43.39239166000005],[-5.6999602270037,43.392592837000066],[-5.698852190003696,43.392582855000065],[-5.698419370003676,43.39279072000006],[-5.697879683003659,43.392809668000055],[-5.697614358003669,43.3926798460001],[-5.69750723100369,43.39248009400007],[-5.696973260003647,43.39246606800005],[-5.696669196003666,43.392567412000076],[-5.696558012003676,43.392829549000055],[-5.696145721003639,43.39312756000005],[-5.696498847003635,43.392635156000054],[-5.696427852003648,43.392545049000034],[-5.696024932003645,43.39253008800006],[-5.695467991003627,43.39272566200004],[-5.6952530090036335,43.39303980400007],[-5.695174288003669,43.39349679300006],[-5.694765070003648,43.39388515400004],[-5.694625785003658,43.394211492000075],[-5.694666934003627,43.39434028200003],[-5.695074753003663,43.39444282500007],[-5.695218038003643,43.39457575000006],[-5.695005361003662,43.39475835900005],[-5.695028315003636,43.39502524200004],[-5.694764327003661,43.39532990900006],[-5.694587816003652,43.39571875900005],[-5.694593553003633,43.39606423400006],[-5.694437359003633,43.39634167400005],[-5.693847424003632,43.39664699900004],[-5.693190990003619,43.39671649300004],[-5.692626804003594,43.39664017300003],[-5.6924319090036,43.396692084000065],[-5.692355944003592,43.39682438100005],[-5.691929743003606,43.39680772200006],[-5.691923842003596,43.39694762400007],[-5.691181905003602,43.397428929000064],[-5.6908463210036295,43.39729127100004],[-5.690699440003593,43.39710430800006]]],[[[-5.7086407000037465,43.414653494000056],[-5.708539574003741,43.414718036000075],[-5.707837919003735,43.41427069500003],[-5.707883763003734,43.414102501000066],[-5.707738168003741,43.41397293700005],[-5.707605440003756,43.413441488000046],[-5.707739921003732,43.41345508000007],[-5.7077106330037815,43.413215040000075],[-5.707801716003755,43.41302374500003],[-5.707559517003741,43.41245130200009],[-5.7070245180037675,43.41251258700005],[-5.707393607003775,43.41235277600005],[-5.707402496003731,43.41204864300005],[-5.707602078003784,43.411843581000035],[-5.7078413370037415,43.41185383600004],[-5.707875032003755,43.41173696200008],[-5.7081179490037375,43.41163235400006],[-5.7085100270037445,43.41160323900006],[-5.708677965003752,43.41139117600007],[-5.708695884003766,43.41115466300006],[-5.708616154003783,43.41102436500005],[-5.7082017160037735,43.410860244000055],[-5.70741283600375,43.410735529000085],[-5.707188975003753,43.41030003100008],[-5.7068582590037416,43.41028130000007],[-5.706542197003771,43.41009051100008],[-5.7062300930037235,43.40942778700004],[-5.706097718003758,43.40880530100005],[-5.706170487003745,43.40848864800007],[-5.705940918003743,43.408222701000064],[-5.705900911003747,43.40854326500004],[-5.705748629003758,43.40845350300005],[-5.703399070003699,43.40367709600009],[-5.703195189003694,43.40362161300004],[-5.703163061003706,43.40372269900008],[-5.702969222003742,43.40381372200005],[-5.7029670330037,43.403923078000055],[-5.703170783003728,43.403951672000076],[-5.7032161740037415,43.40403691400008],[-5.702798912003696,43.404258315000064],[-5.702874827003721,43.40433329500008],[-5.703276554003721,43.404306202000036],[-5.703299489003727,43.40444136600007],[-5.7028147800036875,43.404465556000055],[-5.702746521003699,43.4043926790001],[-5.702628594003736,43.40456395400003],[-5.7027515490037315,43.40465411200006],[-5.702830996003693,43.40462209800007],[-5.702893004003736,43.40493159000005],[-5.702730004003692,43.40489534100004],[-5.702785171003721,43.40495514900005],[-5.702717620003691,43.40496249900009],[-5.701732961003698,43.40469162400008],[-5.700851936003679,43.40404381300005],[-5.700745130003715,43.40368042700005],[-5.700478542003665,43.403729106000064],[-5.700552816003709,43.40356455800003],[-5.700506784003708,43.40324722800006],[-5.700320620003694,43.40271416800006],[-5.700047535003689,43.402439058000034],[-5.699800940003664,43.40235615900009],[-5.699518643003707,43.40254667800008],[-5.699349995003706,43.40282405300009],[-5.699214458003699,43.402852887000066],[-5.69896966600365,43.401793093000045],[-5.6991171530037015,43.40163382400006],[-5.699489627003665,43.40160576800003],[-5.699617035003692,43.40135266800008],[-5.699942072003677,43.40103037100004],[-5.6997194660037085,43.40083440300004],[-5.6996877290036805,43.400492836000076],[-5.699756354003666,43.40017582900005],[-5.699972583003712,43.39988420200006],[-5.699843384003698,43.39957266700004],[-5.700152042003695,43.39914031900003],[-5.699746278003698,43.398090435000036],[-5.6999303160036865,43.397626788000046],[-5.699994547003698,43.39610295000007],[-5.700167701003681,43.39587523200005],[-5.700191418003715,43.395732622000025],[-5.700084619003677,43.39561936700006],[-5.700236262003716,43.395279543000086],[-5.700543608003718,43.39550046300008],[-5.700484594003674,43.395604009000074],[-5.700551802003693,43.39575942100003],[-5.700651861003672,43.39575808600008],[-5.700872009003713,43.395965927000084],[-5.700857547003688,43.396057053000064],[-5.700615249003696,43.39610044800002],[-5.700348408003709,43.39579733700004],[-5.700157098003715,43.396019245000055],[-5.700312415003669,43.396217990000025],[-5.700576389003678,43.39634855900007],[-5.700533076003685,43.39664408500006],[-5.700638701003689,43.39677387700005],[-5.700785097003683,43.39649180700009],[-5.7008941790036785,43.39673757300007],[-5.700592004003672,43.396848297000076],[-5.700592216003704,43.39691996500006],[-5.700691222003678,43.39693225300006],[-5.701204343003721,43.39679325700009],[-5.701295071003697,43.39639535700008],[-5.701459765003733,43.39625994500007],[-5.701487868003711,43.39599023500007],[-5.701694487003696,43.39602750400008],[-5.701880673003704,43.39588913100006],[-5.701936541003709,43.395720095000065],[-5.701843091003699,43.39531029700005],[-5.7022254710037235,43.39499908000006],[-5.701940819003714,43.39486841700006],[-5.701554442003728,43.395207708000044],[-5.701083567003704,43.395174015000066],[-5.701238219003698,43.39494889600009],[-5.701441135003677,43.39490455100003],[-5.70127379000371,43.394834734000035],[-5.701437971003715,43.39462217400007],[-5.701407679003694,43.394466476000055],[-5.70200636500369,43.393951666000085],[-5.70259594600374,43.39366659100007],[-5.702816619003742,43.393426562000066],[-5.7028479960037135,43.39273840600004],[-5.702987181003737,43.39342409000005],[-5.70272928600373,43.39373121100005],[-5.702914750003701,43.393966707000075],[-5.703020427003723,43.393989899000076],[-5.703163746003743,43.39390357600008],[-5.703184396003697,43.393993276000074],[-5.7030112710037475,43.39457654200004],[-5.7026647460036894,43.395004540000066],[-5.702179623003708,43.39540495300003],[-5.702270162003694,43.395654989000036],[-5.702339401003721,43.3953869200001],[-5.7025173710037045,43.395350470000054],[-5.702519686003722,43.395449836000076],[-5.70266194800372,43.395460144000026],[-5.7024819500036985,43.395744617000055],[-5.702533172003723,43.39583922900006],[-5.702699413003713,43.39563311600006],[-5.702724037003705,43.39503430200007],[-5.702868666003739,43.39493115300007],[-5.702946437003748,43.39496325100006],[-5.702906861003741,43.39526069800009],[-5.7030017730036935,43.39553855700007],[-5.703445170003726,43.39400025200007],[-5.7034441590037295,43.39447384200003],[-5.703571814003703,43.394318436000056],[-5.703662850003719,43.393810566000084],[-5.70359134100371,43.39367092800007],[-5.70394170300372,43.393179602000046],[-5.703905815003706,43.39306565500006],[-5.703762572003736,43.39301421600004],[-5.703286874003727,43.392979142000065],[-5.703745134003749,43.39293117500006],[-5.703772025003755,43.39270442300006],[-5.703427631003729,43.38944309600004],[-5.7035361900037405,43.38926435700006],[-5.703408250003712,43.38915972500008],[-5.703379988003713,43.38837722400008],[-5.703540391003711,43.38816474800007],[-5.703774894003714,43.388050501000066],[-5.704125251003718,43.38757162100006],[-5.7046707330037325,43.38732098200008],[-5.705190662003743,43.38723296200006],[-5.705588840003759,43.38728388200008],[-5.706220941003773,43.38763010000008],[-5.7067050030037745,43.38767627400006],[-5.706844659003764,43.38786204400003],[-5.707244648003783,43.387887704000036],[-5.707686250003754,43.388175312000044],[-5.707933690003768,43.388516077000084],[-5.708220079003766,43.38862375000008],[-5.708564033003784,43.388913050000035],[-5.709851660003808,43.38934022400008],[-5.710273318003805,43.3897448910001],[-5.711718343003828,43.38981372900003],[-5.712221487003828,43.389906029000045],[-5.712808063003822,43.39012760800006],[-5.713225585003847,43.39066653900006],[-5.712951670003807,43.391104115000076],[-5.712448147003839,43.391440462000055],[-5.711754147003821,43.392076075000034],[-5.711858692003821,43.392339148000076],[-5.712145342003788,43.39251522700006],[-5.712517232003789,43.39250519200006],[-5.713062306003796,43.39224631500008],[-5.713753100003839,43.391785265000074],[-5.71450615300383,43.39102952500009],[-5.71452261400386,43.39088873900006],[-5.7143715510038255,43.39065823600005],[-5.714452379003849,43.390580991000036],[-5.7149244270038615,43.390520390000084],[-5.7154890300038526,43.390634398000046],[-5.715843369003868,43.39056324900009],[-5.716344012003881,43.390750289000046],[-5.716400713003831,43.39096154200007],[-5.715219096003833,43.39189505400003],[-5.715153547003833,43.39198612500009],[-5.715792960003825,43.39148737800008],[-5.716128909003864,43.391384398000085],[-5.71639964700385,43.39141837000007],[-5.716473599003829,43.39152539600009],[-5.71641842300384,43.39213956600004],[-5.7164950370038605,43.39247576200006],[-5.716842882003886,43.39286612000008],[-5.717036417003882,43.39295515500005],[-5.7170635020038825,43.393084333000054],[-5.717215939003881,43.39311271900005],[-5.717366022003876,43.39329872200007],[-5.717650592003841,43.39345261400006],[-5.717787525003865,43.39340796300008],[-5.7178738120038535,43.393475077000076],[-5.718281222003894,43.39319038200006],[-5.717753300003886,43.39251526300007],[-5.717998802003872,43.39219383000005],[-5.718485529003886,43.392251573000074],[-5.718737850003894,43.39207044400007],[-5.719095031003866,43.39208259800007],[-5.719374252003899,43.39194845900007],[-5.719404460003898,43.391781490000035],[-5.719856242003872,43.39140124500006],[-5.720143687003899,43.391398324000086],[-5.720231451003902,43.39127881600007],[-5.72055104100391,43.39117434800004],[-5.72100981900391,43.391156665000054],[-5.720891335003925,43.39091920000004],[-5.721090984003893,43.390821252000094],[-5.7213746710039315,43.39099017200006],[-5.721864539003924,43.39049928700007],[-5.7218796160039265,43.39028844000007],[-5.722414309003895,43.39031892000005],[-5.723290366003932,43.39010512900006],[-5.723849173003941,43.39008788100006],[-5.724189309003922,43.389972817000064],[-5.724347189003942,43.38979134200008],[-5.7247804650039695,43.38962033900004],[-5.725723918003969,43.38964612000009],[-5.725995835003938,43.38983773500007],[-5.725836005003963,43.39003568700008],[-5.726311302003946,43.39009536400006],[-5.726430118003943,43.39023137100003],[-5.7262240110039455,43.39040992200006],[-5.726579501003955,43.390755505000094],[-5.726869344003976,43.39076284200009],[-5.727110505003941,43.391033601000075],[-5.726999371003988,43.391165026000074],[-5.727108897003949,43.39139192500005],[-5.727318531003994,43.39138505200005],[-5.727824295003968,43.39160423900007],[-5.727992527003991,43.39179329200006],[-5.728143831003977,43.391794473000076],[-5.728568517003954,43.39213917800004],[-5.728439072003982,43.39234711300004],[-5.728498810003988,43.392481040000064],[-5.729082218004006,43.392952409000046],[-5.729372590004004,43.393079787000055],[-5.729373120003969,43.39330515200004],[-5.7297428300040005,43.39340703200003],[-5.729962449004013,43.39356204000009],[-5.730546443004027,43.39369829100008],[-5.730674811004019,43.39383523300007],[-5.731167695004007,43.39394126500008],[-5.731247564003998,43.39393190500005],[-5.731336679004038,43.39368848600004],[-5.731447978004005,43.39382741100008],[-5.732736430004001,43.39398019000004],[-5.733748297004057,43.39433144000004],[-5.734138280004052,43.39423339700007],[-5.734257988004052,43.39462016400007],[-5.7350533290040175,43.394960321000056],[-5.735630473004058,43.394861848000076],[-5.736824427004041,43.39511237000005],[-5.737010159004078,43.39504724600005],[-5.7377738190040475,43.395464100000034],[-5.738040160004093,43.39575522600007],[-5.738598597004093,43.395842470000055],[-5.739017419004069,43.396225058000034],[-5.739233538004086,43.39657731600006],[-5.740023287004075,43.39687866800006],[-5.740448568004128,43.39694067400007],[-5.740608525004122,43.39742715100005],[-5.740362609004078,43.39788215500005],[-5.740418944004088,43.39808146100006],[-5.740343809004114,43.39857148000006],[-5.740637364004103,43.399007315000084],[-5.740761862004093,43.39953858500009],[-5.741064275004082,43.39994244600008],[-5.741187801004122,43.40033168800005],[-5.741401617004109,43.40060663800007],[-5.74167224500412,43.40078062500005],[-5.742659022004114,43.40070917800007],[-5.74274321900415,43.40054974500004],[-5.743663796004146,43.40037303600009],[-5.743849420004131,43.40018203100005],[-5.744092229004118,43.400295120000074],[-5.744812768004168,43.400311892000055],[-5.745045892004147,43.39952990500007],[-5.745321736004136,43.399184248000054],[-5.745501337004151,43.399106108000076],[-5.745700167004143,43.39932145700005],[-5.745415898004178,43.39975858400006],[-5.745819140004185,43.40030318500005],[-5.746672495004142,43.400443156000065],[-5.747201768004189,43.40063068000007],[-5.7478579080041845,43.40067757300006],[-5.748339681004182,43.40056115300008],[-5.748554383004176,43.4003653550001],[-5.748522586004213,43.400163926000076],[-5.748617064004208,43.39999568000009],[-5.748907222004195,43.39980988800005],[-5.749120076004182,43.39979790000009],[-5.749357019004188,43.399934816000055],[-5.749749377004192,43.39995779100009],[-5.7499763000042075,43.40004929500003],[-5.750212175004197,43.399864138000076],[-5.750056414004221,43.400553071000054],[-5.750143904004221,43.40066910100008],[-5.750415339004227,43.40076188700005],[-5.750527774004233,43.400729783000045],[-5.750638401004203,43.40043878200003],[-5.750925009004217,43.40028404300006],[-5.7509710660042375,43.40000163800005],[-5.7511810200041955,43.39994240800008],[-5.7514800470042395,43.400074522000075],[-5.751892212004244,43.40005707400009],[-5.75255779900421,43.40032310100003],[-5.7531994120042445,43.40043101000004],[-5.755256743004268,43.40107442600005],[-5.756076256004287,43.40106654500007],[-5.75712329000431,43.40074246100006],[-5.757713566004284,43.400676806000035],[-5.758003846004291,43.400365582000084],[-5.758102300004301,43.400080979000066],[-5.758339433004289,43.399902850000046],[-5.7588127920043055,43.39928899900009],[-5.760369993004292,43.39816242200005],[-5.760459090004293,43.39789722600006],[-5.760618851004315,43.39790763200007],[-5.760781409004317,43.39802714500009],[-5.760907452004342,43.39786008100004],[-5.761197292004338,43.397718731000055],[-5.76198944400432,43.397728568000055],[-5.76314421700433,43.397436008000064],[-5.763790262004334,43.39753104500005],[-5.764242298004352,43.398024869000054],[-5.764374380004346,43.398317608000085],[-5.764275816004361,43.39837603300005],[-5.764014030004348,43.39833091800007],[-5.763953200004352,43.398421006000056],[-5.764395976004356,43.398466742000046],[-5.764445139004385,43.39871707200008],[-5.764203829004346,43.39894837100008],[-5.764460699004336,43.39919908000009],[-5.764525579004363,43.39921947300008],[-5.764696188004374,43.399008816000055],[-5.765114482004362,43.39898836900007],[-5.765220377004353,43.40125491200008],[-5.764660894004386,43.40138809100008],[-5.764426249004348,43.401265214000055],[-5.764196672004374,43.401293798000054],[-5.76407863900434,43.40118629500008],[-5.763827978004341,43.401128778000064],[-5.763564678004364,43.401106503000065],[-5.763458476004324,43.40116850800009],[-5.763196092004326,43.401108518000086],[-5.762865493004328,43.400630906000075],[-5.7626224860043305,43.400599834000054],[-5.762307722004333,43.40020664700007],[-5.76175944400433,43.39998004400008],[-5.761548354004333,43.40004486900006],[-5.761602447004352,43.400258648000055],[-5.761292677004346,43.400367467000095],[-5.761135988004351,43.400567906000056],[-5.760851251004332,43.40053933600007],[-5.760757374004347,43.401038661000044],[-5.760834732004345,43.40138186700007],[-5.760631527004297,43.40154179300005],[-5.760734116004347,43.40179758400007],[-5.760527296004328,43.401929787000036],[-5.760461542004337,43.40208271100006],[-5.7600742390043065,43.40214380700008],[-5.7600611740042895,43.40224878800008],[-5.759571276004329,43.402388814000076],[-5.759357739004291,43.40230048900005],[-5.758739394004319,43.40245347500009],[-5.758215439004308,43.40242587700006],[-5.7574695660042705,43.40262615800004],[-5.757153570004284,43.40283433800006],[-5.757160491004306,43.403133403000034],[-5.756980015004278,43.40312074900005],[-5.7569490830042644,43.402998911000076],[-5.756833328004295,43.403167098000054],[-5.75661222500429,43.40314570400006],[-5.756229474004269,43.40274439300004],[-5.755830657004245,43.40266657400008],[-5.755848903004271,43.40259417200009],[-5.755649562004285,43.402503164000066],[-5.755243186004279,43.40242479000007],[-5.754524820004272,43.40210079700007],[-5.753814117004226,43.40214757800005],[-5.753789506004265,43.40230158300006],[-5.753667522004235,43.40234680100009],[-5.753173641004217,43.40224369900006],[-5.752529555004245,43.40241031600006],[-5.7516724140041955,43.402334108000055],[-5.751356428004215,43.40236788200009],[-5.750803122004238,43.401931548000064],[-5.7501689810041965,43.401873321000046],[-5.749967793004189,43.40192179000009],[-5.749788482004175,43.40209450600003],[-5.749635291004193,43.402041997000026],[-5.749481123004196,43.40237407200005],[-5.748971842004184,43.40259833600005],[-5.747869065004202,43.40284010800009],[-5.747698171004191,43.40279285400005],[-5.747651749004165,43.40289395900004],[-5.747475359004186,43.40286639200009],[-5.74746449300416,43.40275915700006],[-5.7471082800041815,43.40275184700005],[-5.747264062004162,43.402503186000054],[-5.7470209000041566,43.40224005000007],[-5.746792899004171,43.40237411900007],[-5.746610215004188,43.40232341200006],[-5.74650047300418,43.40217813900008],[-5.746408707004154,43.40227773700008],[-5.745959554004172,43.40212039200004],[-5.745551614004166,43.40223399100007],[-5.745201514004171,43.40197610200005],[-5.744833641004152,43.401998178000056],[-5.744670814004152,43.40188342700004],[-5.743934514004116,43.402009689000074],[-5.742762022004136,43.402408618000045],[-5.742673136004121,43.40238702200004],[-5.742672736004145,43.40222865000005],[-5.7427860250041025,43.40210491500005],[-5.742489721004137,43.40211142100004],[-5.742101484004095,43.40224749900007],[-5.7418615100041395,43.402563458000046],[-5.741100261004083,43.40247407500004],[-5.740453662004083,43.402323886000026],[-5.740134963004089,43.40214297200005],[-5.739989762004079,43.40187085100009],[-5.739781058004089,43.40172965500006],[-5.739535400004103,43.40168024300006],[-5.739502744004072,43.401536532000094],[-5.739762988004078,43.40149115300005],[-5.739706221004089,43.40136928600004],[-5.739220008004095,43.40127660100008],[-5.739058264004069,43.40136451600007],[-5.738724556004096,43.401179861000074],[-5.738789280004063,43.40108685800005],[-5.7386857860040905,43.40090158400005],[-5.738540556004102,43.400911669000045],[-5.73839842000408,43.40078633100008],[-5.738183692004073,43.40085901700009],[-5.738001798004093,43.40082789400004],[-5.737705191004093,43.400651427000085],[-5.737772806004071,43.40051886700009],[-5.737572379004088,43.40050380000009],[-5.737317233004055,43.40075495900003],[-5.737411576004057,43.40080865600005],[-5.737136613004074,43.400973604000065],[-5.737135715004077,43.40154254600003],[-5.736838683004083,43.401654236000084],[-5.736105206004035,43.401427609000066],[-5.736142250004045,43.40127939600008],[-5.7363062390040325,43.40128207700008],[-5.736209814004052,43.40119670900005],[-5.7363885170040705,43.40121010900003],[-5.736460145004072,43.401140342000076],[-5.7363554750040295,43.400668690000046],[-5.736531088004041,43.40023599400009],[-5.737396031004063,43.39973339000005],[-5.738293705004057,43.39956573100007],[-5.73850911500407,43.39932432800004],[-5.738417088004075,43.399087223000045],[-5.7384606990041,43.398603442000095],[-5.738760160004101,43.39820170700006],[-5.738836216004056,43.39783439400004],[-5.738645221004085,43.39763224100006],[-5.7379628890040815,43.39742324400004],[-5.736860599004064,43.39687488900007],[-5.735968371004058,43.39657570200007],[-5.735406697004072,43.39616957300008],[-5.73511224500402,43.39606575600004],[-5.734189228004018,43.39596468100008],[-5.733553023004032,43.395726320000065],[-5.732855098004029,43.39556679500004],[-5.7326689810040286,43.39559749700005],[-5.731881639003997,43.395425987000074],[-5.731773216004023,43.39551264300009],[-5.731377342004028,43.39533613700008],[-5.73031194500397,43.39535682400005],[-5.729810549004017,43.39544856900005],[-5.7293714890039915,43.39542135700003],[-5.728310196003961,43.39497033600003],[-5.727961595003975,43.39494433900008],[-5.72795162800399,43.394651488000086],[-5.727712515003968,43.394888135000045],[-5.727484492003987,43.39496149600007],[-5.727484623003967,43.39483700600007],[-5.727683507003954,43.394764262000095],[-5.727928855003979,43.394490301000076],[-5.727640539003952,43.393794232000076],[-5.727011435003963,43.392974525000064],[-5.7264009990039675,43.39253101400005],[-5.726707282003957,43.39245807800007],[-5.72640937700393,43.392395956000044],[-5.726187910003968,43.39223263300005],[-5.725979241003947,43.391564265000056],[-5.725593429003954,43.3912958860001],[-5.725001318003946,43.39121898000009],[-5.724161612003915,43.39147876500005],[-5.723714013003926,43.391484043000055],[-5.723387084003941,43.39164698400005],[-5.722974125003921,43.39154006200007],[-5.722588365003944,43.39184124000008],[-5.722451680003913,43.39185702500005],[-5.722468716003945,43.39194928000007],[-5.721817194003884,43.39196668200005],[-5.721538765003889,43.39208220300004],[-5.7205331420039105,43.392764761000095],[-5.719914864003912,43.393458186000046],[-5.719470730003887,43.39382404000004],[-5.719105759003873,43.39431112200004],[-5.719140987003876,43.39452958200009],[-5.718869338003859,43.39515668800005],[-5.718420501003891,43.39539589600004],[-5.718148571003891,43.395359133000056],[-5.717917819003895,43.39518594700009],[-5.717732884003844,43.39545563600007],[-5.717810422003872,43.395266200000044],[-5.717728942003865,43.39518140700006],[-5.717665643003888,43.39534033700005],[-5.717592194003876,43.39524800200007],[-5.717385840003875,43.39529178300007],[-5.717553739003838,43.39544993600003],[-5.717432871003883,43.39554419400009],[-5.7167815440038625,43.39519726500005],[-5.716589928003866,43.395202148000074],[-5.716134255003828,43.395013051000035],[-5.7158023270038445,43.39449671800004],[-5.71551503000384,43.39426541900008],[-5.71460849600381,43.39427916500006],[-5.714477133003828,43.394119623000066],[-5.714603502003816,43.39394854000007],[-5.714492103003824,43.39378799700007],[-5.714501210003863,43.393474755000064],[-5.714980394003839,43.39328125500004],[-5.7148971310038155,43.393192974000044],[-5.714589441003815,43.393122608000084],[-5.714561402003841,43.39303440900006],[-5.714867428003821,43.39306556000003],[-5.715024714003869,43.392902212000095],[-5.714745846003856,43.39275294000006],[-5.714728649003822,43.39257400000003],[-5.714672876003836,43.392520559000054],[-5.7146809590038465,43.39262063600007],[-5.714582279003839,43.39263378700007],[-5.713918942003842,43.39245197900006],[-5.712906494003848,43.393228536000045],[-5.712679085003798,43.39331966700008],[-5.7125271590037965,43.393500237000076],[-5.711825171003785,43.39356273600004],[-5.711230928003814,43.39346583000004],[-5.710913289003807,43.39324292200007],[-5.710608285003822,43.39283468300005],[-5.710518447003813,43.39230553100005],[-5.7107583870037875,43.391643185000085],[-5.711072895003822,43.391120803000035],[-5.710926437003802,43.39077967400004],[-5.710719711003813,43.39071021600008],[-5.709919390003761,43.39069978600003],[-5.7094830870038,43.39042382800006],[-5.708982990003811,43.39024418300006],[-5.708833737003792,43.39000366900008],[-5.708374386003768,43.39008642500006],[-5.706522956003762,43.389809976000045],[-5.7064518820037575,43.38960720300004],[-5.706552846003771,43.38950246300005],[-5.707157076003742,43.38946557900006],[-5.707712780003768,43.38953245200003],[-5.707764226003755,43.38940195000004],[-5.707533356003759,43.38927469100005],[-5.706874726003776,43.389227972000086],[-5.705964663003774,43.38936978700008],[-5.705847754003731,43.38958352600009],[-5.70563979000376,43.38954916000006],[-5.705452807003765,43.38966724800008],[-5.705219950003749,43.38998407100008],[-5.705356228003764,43.390515396000076],[-5.705250157003759,43.390762716000054],[-5.705268505003726,43.391488154000065],[-5.7058014560037575,43.39157334400006],[-5.705757359003757,43.39171972100007],[-5.705655780003767,43.39178590800003],[-5.7054688640037465,43.39171819900002],[-5.705331962003738,43.392166642000085],[-5.704835758003733,43.392844099000065],[-5.704533791003743,43.39310402000007],[-5.704685566003752,43.393403960000065],[-5.704585754003721,43.39356383800004],[-5.7046881140037495,43.39382375100008],[-5.7038201420037025,43.394099054000044],[-5.70364490500375,43.394601459000064],[-5.703864345003718,43.39488344200003],[-5.703564742003743,43.39504595600005],[-5.703423713003721,43.39528140500006],[-5.703493946003752,43.39595029600008],[-5.703190668003702,43.396129483000045],[-5.703004696003704,43.39611006100006],[-5.702960712003703,43.39659093400008],[-5.703076067003694,43.397440318000086],[-5.70288743100373,43.39754631900008],[-5.702839186003713,43.39802035900004],[-5.702958292003714,43.39816187500004],[-5.702963829003707,43.39905647400008],[-5.702845323003727,43.39893842300007],[-5.702658294003709,43.39903125700005],[-5.702156850003695,43.398942967000046],[-5.702264648003685,43.398618900000045],[-5.7021497780037365,43.398538807000094],[-5.70199693400372,43.39913193100006],[-5.701869384003718,43.39892440700004],[-5.701829001003719,43.39835877700007],[-5.70167485400373,43.39826424100006],[-5.701481285003695,43.398288342000065],[-5.701241731003673,43.39847476000006],[-5.7011332780036765,43.39869589300008],[-5.701164850003689,43.39902095400005],[-5.701024335003688,43.399319688000055],[-5.701123359003697,43.39959755500007],[-5.701004788003723,43.39980579400004],[-5.701407680003681,43.39995925200004],[-5.701442780003731,43.40024306100005],[-5.701775072003729,43.40037515700005],[-5.701942260003707,43.40058020800008],[-5.702004425003682,43.40117620000007],[-5.701722445003725,43.40133643600007],[-5.7017433160037285,43.40165860000008],[-5.702262300003731,43.40200667900008],[-5.702786354003716,43.40283207700004],[-5.702652047003718,43.402170837000035],[-5.70278363300373,43.4021155280001],[-5.7027819390037395,43.40241575300007],[-5.702950234003721,43.40268475300009],[-5.703401753003748,43.40312328000006],[-5.703737126003735,43.40322035300006],[-5.7040505420037215,43.403477254000066],[-5.703725856003719,43.403563071000065],[-5.704477585003728,43.40407739100006],[-5.704669890003714,43.40408894800004],[-5.704860338003727,43.40421896200009],[-5.705449860003717,43.40438470200007],[-5.7058313270037315,43.404706962000034],[-5.705684823003745,43.404828105000036],[-5.705714686003755,43.404990126000044],[-5.705825441003734,43.40504307100009],[-5.705874782003757,43.404968946000054],[-5.706132482003724,43.40520091000008],[-5.706390883003722,43.40510066500008],[-5.706904683003748,43.40565516200008],[-5.706932952003731,43.40594548800005],[-5.707131089003776,43.40614614500005],[-5.707525717003761,43.40634349300008],[-5.707696813003735,43.40672044300005],[-5.707695789003765,43.40698585500007],[-5.708016760003774,43.40743996700007],[-5.708104741003755,43.40788973700007],[-5.707980129003774,43.40823266100007],[-5.708387776003752,43.40828129700004],[-5.708659983003779,43.40858617800008],[-5.709231791003802,43.409689877000076],[-5.709270358003792,43.41003420400007],[-5.709360293003798,43.4100525630001],[-5.709334339003775,43.41023587100006],[-5.708865521003768,43.410468346000094],[-5.7087430760037785,43.41062986700009],[-5.708879520003744,43.410660323000066],[-5.7090771390037505,43.410869865000066],[-5.709595828003802,43.411005883000044],[-5.709600813003777,43.41135492800005],[-5.709327160003753,43.411497946000054],[-5.7091369320037995,43.41206096900005],[-5.708941670003763,43.41232289300008],[-5.70848185200379,43.41261320500007],[-5.708404066003769,43.41318473200006],[-5.708568802003759,43.413584675000045],[-5.70881004100375,43.41384231200006],[-5.708963614003786,43.41437981300005],[-5.710018061003797,43.41510391000003],[-5.710085804003788,43.41549255200005],[-5.709933342003768,43.41583125900008],[-5.710328403003779,43.41636326600009],[-5.710508859003788,43.416880982000066],[-5.710295340003787,43.417238223000034],[-5.710275442003782,43.41748310100009],[-5.7097423010037724,43.41818879100004],[-5.709693725003787,43.418379017000056],[-5.708840824003749,43.4193537990001],[-5.708562620003764,43.419544428000066],[-5.708279533003746,43.41998623500008],[-5.707670689003741,43.42043482700007],[-5.7075530740037745,43.42064920900005],[-5.707401671003756,43.420685773000066],[-5.707015471003771,43.420582742000086],[-5.7070019680037225,43.42039447900004],[-5.707238520003772,43.42014635400005],[-5.708007276003738,43.41888504600009],[-5.708493017003778,43.41778620900005],[-5.708711306003755,43.41658549700003],[-5.708998922003794,43.416202937000044],[-5.708823304003778,43.41501077200009],[-5.7090351350037825,43.414889256000045],[-5.7086407000037465,43.414653494000056]],[[-5.702296612003698,43.402848194000065],[-5.702136528003682,43.40220398800006],[-5.7020039700037195,43.40210905200008],[-5.701731309003719,43.40210513000007],[-5.701612600003726,43.402239531000085],[-5.701696636003702,43.402392458000065],[-5.701522176003719,43.40271362100004],[-5.701647565003722,43.402745898000035],[-5.702107044003702,43.402650866000066],[-5.702296612003698,43.402848194000065]],[[-5.701963673003723,43.39776184100003],[-5.702545898003688,43.39628021200009],[-5.7024278950037335,43.39611321500007],[-5.7018703890037195,43.39632656800007],[-5.701827983003685,43.39649407000008],[-5.701633997003685,43.396524953000046],[-5.701575795003691,43.39660359800008],[-5.701655962003714,43.39664219500004],[-5.701976131003738,43.39654629500006],[-5.701669671003688,43.39674250800005],[-5.701535410003715,43.397016394000055],[-5.701785430003727,43.39727316600005],[-5.701963673003723,43.39776184100003]],[[-5.702816304003717,43.39723721000008],[-5.70288235600374,43.397175935000064],[-5.702753928003701,43.39646860300008],[-5.702380262003723,43.39716689200004],[-5.702816304003717,43.39723721000008]],[[-5.703006920003715,43.40314235200005],[-5.703068581003731,43.40313105900003],[-5.702889170003698,43.40297680100009],[-5.703033538003708,43.40319769700006],[-5.7029078350037254,43.40326800600008],[-5.7030763940037,43.40341689600007],[-5.7031204160036975,43.40323448600003],[-5.703006920003715,43.40314235200005]],[[-5.706990907003778,43.40745889000005],[-5.706846800003737,43.407595338000085],[-5.706860927003779,43.40790698400009],[-5.706983746003735,43.40789981600005],[-5.707170083003739,43.408030537000066],[-5.70721000800375,43.40791325200008],[-5.706990907003778,43.40745889000005]],[[-5.715087405003851,43.39309905500005],[-5.715169170003857,43.39345141400004],[-5.715351615003866,43.393254514000034],[-5.715252794003871,43.39312515000007],[-5.715087405003851,43.39309905500005]],[[-5.75159368300422,43.40091642800007],[-5.7519001470042275,43.400848291000045],[-5.751936964004252,43.40097194100009],[-5.752242290004243,43.40094731100004],[-5.752440532004257,43.40068043200007],[-5.752543711004208,43.40068685800004],[-5.752511744004225,43.400527271000065],[-5.752408103004213,43.400506652000054],[-5.75215008400421,43.40076627100008],[-5.752005411004243,43.40067536300006],[-5.75200132000425,43.4005423340001],[-5.751912057004242,43.40053673500008],[-5.7518378740042015,43.40073289800007],[-5.751717221004245,43.400686926000056],[-5.751724682004244,43.400777714000085],[-5.751551165004234,43.400837677000034],[-5.75159368300422,43.40091642800007]],[[-5.7521246340042005,43.40054515700008],[-5.752309845004232,43.40043815600008],[-5.751975995004225,43.400204701000064],[-5.751725343004246,43.400151123000065],[-5.751735659004232,43.40021988900003],[-5.751958530004239,43.400300608000066],[-5.7521246340042005,43.40054515700008]],[[-5.75310267000426,43.400829719000065],[-5.7532647320042205,43.40104594900004],[-5.753813428004236,43.401003229000025],[-5.753283611004259,43.40084021400004],[-5.753202301004215,43.400734799000084],[-5.75310267000426,43.400829719000065]],[[-5.756856244004273,43.40128149200008],[-5.756412722004256,43.40134123900003],[-5.75610899900425,43.40155699700006],[-5.755812177004253,43.401513364000046],[-5.755526448004266,43.40156892500008],[-5.75543799100426,43.40188421900007],[-5.755519966004261,43.401804540000064],[-5.755670696004236,43.40184137300003],[-5.755888166004291,43.40166935100007],[-5.756108324004283,43.40171641200005],[-5.756583402004254,43.40149011900008],[-5.756765433004264,43.40152807200009],[-5.756913799004285,43.40133737900005],[-5.756856244004273,43.40128149200008]]]]}},{"type":"Feature","properties":{"zona":"ES018-AST-15-1","rio":"Arroyo San Claudio"},"geometry":{"type":"MultiPolygon","coordinates":[[[[-5.877763524005801,43.370962668000075],[-5.878108847005841,43.37044211700006],[-5.878586062005839,43.37013323300007],[-5.878734983005844,43.36986921200004],[-5.878684100005815,43.36963702800008],[-5.879167861005821,43.36910572300008],[-5.879165621005863,43.36888130800004],[-5.879303842005852,43.36860380600008],[-5.8792286260058235,43.36776997500006],[-5.879290364005826,43.367464985000055],[-5.878974378005844,43.36657416200007],[-5.8789347960058445,43.36611590300006],[-5.879175363005839,43.36569728400009],[-5.879159745005877,43.36541974400008],[-5.879364077005833,43.36531524800008],[-5.8809388500058715,43.365042225000046],[-5.881358813005891,43.36470234800005],[-5.880985934005888,43.364686987000034],[-5.880748289005858,43.364592792000074],[-5.8808153580058695,43.364398107000085],[-5.881429119005889,43.36445039300005],[-5.881456132005855,43.36455476200008],[-5.88164470400587,43.36458457600004],[-5.8817462760058765,43.36450620600006],[-5.881561400005883,43.36441653400006],[-5.881856823005899,43.3642377030001],[-5.88183690500588,43.363983969000074],[-5.881979417005905,43.36391298600008],[-5.881887143005907,43.36448282600006],[-5.881425949005875,43.36497824700008],[-5.880780679005858,43.36522202100009],[-5.880104211005855,43.365268983000085],[-5.8793564800058515,43.36539577200007],[-5.879230785005844,43.36547367400005],[-5.879290135005859,43.36567888400004],[-5.879831540005847,43.36562074700006],[-5.879951342005877,43.365732425000054],[-5.879502504005857,43.36585790300007],[-5.879131185005842,43.36615107700005],[-5.879150865005823,43.3662848640001],[-5.879337323005856,43.366450891000085],[-5.879250689005842,43.366928711000085],[-5.879331303005855,43.36732082800008],[-5.879470905005847,43.36743526100004],[-5.8794472640058615,43.367544366000075],[-5.879580605005844,43.367523086000084],[-5.879659572005881,43.36761684600006],[-5.879637796005841,43.36807166700006],[-5.879574224005852,43.36812335900005],[-5.879498224005872,43.36807652000006],[-5.879378229005837,43.36758368500008],[-5.879313484005861,43.36802711800006],[-5.879488802005867,43.368459977000064],[-5.879124631005859,43.36927818900007],[-5.879210941005832,43.36943121100007],[-5.879034371005823,43.369343445000055],[-5.878796403005853,43.369613256000065],[-5.878819558005862,43.36988009300007],[-5.878649893005815,43.37006041100007],[-5.878797326005813,43.37010838400007],[-5.8786375420058645,43.370411710000056],[-5.878031946005839,43.37078181800008],[-5.878130807005811,43.37094563700005],[-5.878017752005823,43.37107057200007],[-5.878016271005854,43.37131731100006],[-5.877873467005845,43.371570676000054],[-5.877878937005806,43.37192387700006],[-5.877689112005795,43.372436613000055],[-5.87779074500584,43.37290839100009],[-5.877357544005813,43.37367801100007],[-5.877231062005826,43.3741106730001],[-5.877221310005787,43.37367859300009],[-5.8776294350058285,43.372945882000096],[-5.877596113005849,43.37195583700004],[-5.877772836005833,43.37163798700005],[-5.877644333005847,43.371320811000054],[-5.8779306340058115,43.371189129000086],[-5.877763524005801,43.370962668000075]]],[[[-5.882017690005879,43.3636282780001],[-5.8824443330059095,43.3635826330001],[-5.882495974005882,43.36332677500009],[-5.882640083005903,43.36330507500004],[-5.8838475520059275,43.36251282500009],[-5.884029845005898,43.36250982300006],[-5.884263224005909,43.362625050000105],[-5.884487165005913,43.36254727100006],[-5.884798927005942,43.362266843000064],[-5.884959805005919,43.36195060100007],[-5.885318555005957,43.36157141100008],[-5.885913824005938,43.36162366900005],[-5.886149307005925,43.361491875000084],[-5.88622634800598,43.36124154900008],[-5.886518454005945,43.36110597800009],[-5.886812456005983,43.360815169000055],[-5.886918571005979,43.36050559000009],[-5.887755722005975,43.36015651800007],[-5.887660692005962,43.36014370300007],[-5.888009803005961,43.35990506800006],[-5.888383167006006,43.3599692700001],[-5.8884894260060126,43.35989810100006],[-5.888627153005996,43.359960117000085],[-5.888995610005981,43.35956787100011],[-5.889117062006014,43.359248338000064],[-5.889457550006025,43.35925667100004],[-5.889741407006028,43.358975125000036],[-5.8901910300059885,43.35881748200008],[-5.890856023006041,43.35871334600007],[-5.891485566006052,43.35875354100008],[-5.8915415690060495,43.35862880200008],[-5.8917055600060175,43.35857634300005],[-5.892230363006045,43.35862509300008],[-5.89228024400604,43.35830515000005],[-5.892410814006053,43.358140593000066],[-5.892297868006051,43.357988341000095],[-5.892621005006065,43.357888136000064],[-5.892946279006046,43.35762064600004],[-5.893225304006048,43.357620902000086],[-5.8933757150060435,43.357540210000046],[-5.894012104006073,43.35777255300008],[-5.894346568006072,43.35765537100011],[-5.895245970006099,43.35752194500004],[-5.8956781200061,43.35766275100009],[-5.896084957006121,43.357564190000076],[-5.896465477006092,43.35769637600005],[-5.896493591006122,43.35743499800005],[-5.8970745070061215,43.35723151700007],[-5.897389594006116,43.3569976730001],[-5.897558523006102,43.356963674000056],[-5.89807011200615,43.35709660000005],[-5.898657230006158,43.35695146700005],[-5.899388012006174,43.357157098000094],[-5.901112467006187,43.356960087000076],[-5.902441235006213,43.35723642600007],[-5.903005235006221,43.35716156000009],[-5.903249189006209,43.35661829300008],[-5.903228565006207,43.356446123000076],[-5.903403134006233,43.35635215300007],[-5.903476707006186,43.35614069000009],[-5.903940672006247,43.35579049600008],[-5.904036078006203,43.35578635900006],[-5.904369177006254,43.35613213900008],[-5.904850327006245,43.3562793070001],[-5.904935362006231,43.35599188800009],[-5.905132731006267,43.35581454700011],[-5.9053950400062645,43.35575222700007],[-5.905543775006249,43.3555791300001],[-5.906555575006279,43.35546837400008],[-5.906774003006263,43.35554216400005],[-5.906947319006239,43.35545765100006],[-5.907489013006297,43.35539559700006],[-5.907205496006281,43.35514047600005],[-5.907074635006275,43.35478511700009],[-5.906908290006249,43.354691440000096],[-5.907220151006253,43.3543385660001],[-5.906991061006245,43.35395361800007],[-5.9072494360062935,43.35425285900006],[-5.907239141006254,43.35440881000007],[-5.907120008006254,43.35452163400006],[-5.907230096006298,43.3545670600001],[-5.9071643840062595,43.35482193300006],[-5.907261088006248,43.35497459000006],[-5.907461116006301,43.355096849000084],[-5.907677671006256,43.35506822500003],[-5.908114741006296,43.35526347600009],[-5.908626566006294,43.35527865200007],[-5.9086142110062685,43.35597361200009],[-5.9085285430062715,43.35612866700008],[-5.909407502006317,43.35626477000007],[-5.9098025730063375,43.356549258000044],[-5.909979034006307,43.3565864180001],[-5.910271073006298,43.35649045300006],[-5.910798165006333,43.356083892000086],[-5.911227569006328,43.35605003100007],[-5.911467102006344,43.356147965000055],[-5.911751123006319,43.356114330000054],[-5.9122408860063445,43.35624404300009],[-5.912256898006349,43.35609883900004],[-5.912741338006337,43.356072892000064],[-5.914018556006396,43.35544296300004],[-5.914295257006364,43.35539554600009],[-5.916020668006386,43.35468780800007],[-5.915965643006391,43.354661484000104],[-5.916094008006416,43.354551146000084],[-5.916484342006394,43.354448252000076],[-5.916635960006417,43.35421905800009],[-5.916987255006452,43.35414063200007],[-5.917234959006402,43.35397467200007],[-5.917499247006446,43.3540525110001],[-5.918010220006415,43.35404085300009],[-5.9183230080064515,43.35382481400008],[-5.919019830006472,43.35394588900006],[-5.919427549006486,43.353881425000075],[-5.919634782006458,43.353972287000055],[-5.919866731006473,43.3543874150001],[-5.920299148006493,43.354359837000075],[-5.9204896290065,43.354523330000085],[-5.9208008770065055,43.354466849000076],[-5.921207557006482,43.354596233000066],[-5.921650061074361,43.354395841470996],[-5.9216680299115385,43.35477006994189],[-5.9214876590065195,43.35476323000009],[-5.921431378006505,43.354828638000086],[-5.921674666168794,43.35490827830689],[-5.9216274630064785,43.35533433800006],[-5.921078863006469,43.355357977000054],[-5.920769406006506,43.355293450000055],[-5.919793425006482,43.35462348800009],[-5.9184713540064555,43.35505717100009],[-5.917822438006456,43.35544677200007],[-5.917567929006452,43.35544796500007],[-5.91498697000641,43.35632337500006],[-5.913716234006355,43.35654563300007],[-5.913648244006362,43.35650916700009],[-5.914762824006415,43.356262641000065],[-5.916551901006398,43.355577805000074],[-5.915231558006402,43.35603975100006],[-5.9138401200063955,43.356424288000056],[-5.913654483006377,43.35638292200011],[-5.910489301006296,43.356793693000064],[-5.909531700006298,43.35673658600009],[-5.909207659006293,43.35690416600006],[-5.907882110006273,43.35659904500006],[-5.907163417006252,43.35651003700009],[-5.907096945006293,43.35644612400008],[-5.905916755006264,43.3564297230001],[-5.9054709980062325,43.356719349000066],[-5.905421462006226,43.35662198800006],[-5.904593182006208,43.356519261000095],[-5.904347583006222,43.35637758400005],[-5.90366858100624,43.35711517500006],[-5.902621572006177,43.35748166700008],[-5.901406416006159,43.35723948000005],[-5.899408289006149,43.357368720000096],[-5.898802609006163,43.357456893000084],[-5.898543944006111,43.35761680400006],[-5.898001719006157,43.357587645000095],[-5.896934990006138,43.357900657000094],[-5.8965030300061185,43.357913663000055],[-5.895675464006107,43.35827635800009],[-5.895395685006064,43.35817542800007],[-5.895292600006085,43.3578758400001],[-5.895043076006112,43.357790293000065],[-5.894384940006076,43.35786829900009],[-5.893666524006081,43.35821877100007],[-5.893393190006035,43.358190262000065],[-5.89362649600608,43.35806612700006],[-5.893520909006072,43.35787697500009],[-5.893118379006034,43.35784355200009],[-5.892720516006039,43.358107990000086],[-5.89277838200606,43.35836172600008],[-5.892516761006063,43.358797291000045],[-5.892327611006021,43.35887003600007],[-5.891705226006025,43.35891259700004],[-5.891565820006007,43.359440268000085],[-5.891470954006021,43.35920947700004],[-5.891190145006014,43.35918728600009],[-5.890941573006034,43.358895714000035],[-5.890535526006016,43.35908225600009],[-5.88999926600602,43.35906827200009],[-5.88930061000601,43.35985603700006],[-5.888988819006005,43.359946725000064],[-5.888790351005993,43.360114541000044],[-5.889081113006019,43.36060512300005],[-5.888203277005975,43.36059737900009],[-5.88751310900596,43.36091518700006],[-5.887065390005987,43.36099201700007],[-5.886829872005973,43.36091241700009],[-5.886858409005966,43.36113104300008],[-5.886303123005949,43.36179114100005],[-5.886023536005923,43.36187416200007],[-5.885799357005934,43.3618221450001],[-5.884368956005919,43.362747065000086],[-5.884104243005936,43.36274710800008],[-5.883954086005927,43.36260830200008],[-5.883796778005942,43.36260651300007],[-5.883121464005896,43.363033515000055],[-5.882932483005885,43.36335838700008],[-5.8826489350059115,43.36349096400007],[-5.882515548005903,43.36370564600004],[-5.88256931600589,43.363856795000075],[-5.882109682005902,43.36384312700007],[-5.881946088005886,43.36373387800008],[-5.882017690005879,43.3636282780001]],[[-5.886109591005979,43.36161093400006],[-5.886032332005953,43.36162185200005],[-5.885947803005961,43.36169214300004],[-5.886120813005934,43.361692637000054],[-5.886109591005979,43.36161093400006]],[[-5.886223365005979,43.36160535100005],[-5.886327987005961,43.36147104500005],[-5.886293293005937,43.36140565500006],[-5.88617101800597,43.361534501000065],[-5.886223365005979,43.36160535100005]],[[-5.888819449005964,43.36036927200008],[-5.888613127005965,43.36043368000006],[-5.888596463005978,43.36048967100005],[-5.888882378005989,43.360476878000064],[-5.888819449005964,43.36036927200008]],[[-5.891358746006056,43.35904580400008],[-5.891564323006036,43.35908658000007],[-5.891576936006059,43.35907712600006],[-5.891522448006014,43.35895347100008],[-5.891358746006056,43.35904580400008]],[[-5.8968266430061,43.357686652000055],[-5.896766344006116,43.357512243000045],[-5.896751249006135,43.35771583600009],[-5.8968266430061,43.357686652000055]]],[[[-5.921641341006485,43.354279461000054],[-5.921311046006509,43.3543035960001],[-5.920712960006475,43.354409557000075],[-5.921079784006507,43.35433874900009],[-5.920875164006469,43.35423627600007],[-5.921273470006499,43.354155850000055],[-5.921639790112164,43.35418192975812],[-5.921641341006485,43.354279461000054]]],[[[-5.906665354006236,43.35646806400009],[-5.906675452006255,43.35646270200007],[-5.906667370006291,43.35646937200008],[-5.906665354006236,43.35646806400009]]]]}},{"type":"Feature","properties":{"zona":"ES018-AST-30-1","rio":"R\u00edo Nal\u00f3n"},"geometry":{"type":"MultiPolygon","coordinates":[[[[-5.708846549003789,43.32242049700006],[-5.709057316003791,43.32215355300007],[-5.709079860003837,43.32188164200005],[-5.708252130003805,43.32137279500007],[-5.708228792003798,43.321284560000045],[-5.707548337003785,43.320786264000056],[-5.707376015003813,43.32078473500008],[-5.707341793003801,43.320623756000025],[-5.707042968003783,43.32034793600008],[-5.706348177003775,43.32008313500007],[-5.705829332003783,43.32011112700009],[-5.706311138003769,43.31985479700007],[-5.706335726122978,43.31937944975706],[-5.713582149922863,43.31920763583273],[-5.713650694003878,43.31930709200004],[-5.713810083475597,43.319202224026796],[-5.713951011003864,43.319397801000044],[-5.714034681003846,43.31977500200004],[-5.713898203003841,43.319953963000046],[-5.713706430003856,43.31994903100008],[-5.71319060700385,43.32014271300005],[-5.712978129003867,43.32033195100008],[-5.713210519003877,43.32033595500009],[-5.7132180750038355,43.32048214600008],[-5.713720210003873,43.32105584800007],[-5.714221719003882,43.32103043700005],[-5.714624437003861,43.321211814000044],[-5.715608005003908,43.32133899900004],[-5.7153824100038895,43.32139169100003],[-5.71469948100389,43.321314867000076],[-5.7146348000038625,43.32127776700003],[-5.714842351003881,43.321262510000054],[-5.714243717003846,43.321227645000086],[-5.713154946003881,43.32094147800008],[-5.71173492100385,43.32040974400008],[-5.7115624530038325,43.320235274000034],[-5.711580950003816,43.32002537600004],[-5.711234235003836,43.32015989800004],[-5.711332398003855,43.32025113700008],[-5.710376703003829,43.31983642300003],[-5.710658030003815,43.32005470700006],[-5.7118637450038525,43.32065694400007],[-5.710176612003817,43.319955482000076],[-5.710098312003831,43.32006813800007],[-5.710321677003846,43.32028374000004],[-5.711554123003817,43.321110507000085],[-5.7112985570038495,43.321264531000054],[-5.711049322003835,43.321292267000054],[-5.710878594003832,43.32154255500007],[-5.710296280003843,43.32178630700003],[-5.710102676003837,43.321945331000066],[-5.709498650003812,43.32207334500004],[-5.709314790003818,43.32204909400011],[-5.708846549003789,43.32242049700006]]],[[[-5.719042055003897,43.32165245500005],[-5.717776465003882,43.32148563300007],[-5.717535777003916,43.32127958100007],[-5.717188849003914,43.32075081500007],[-5.717226221003923,43.32054863500008],[-5.716943417003868,43.32042741300007],[-5.7159933917035,43.319150362872875],[-5.7165861571663505,43.319136275425514],[-5.7170651240038755,43.319884167000055],[-5.7174976890039195,43.32024462700007],[-5.718333000003931,43.320584594000024],[-5.719959339003931,43.321409298000056],[-5.722501554003961,43.32276751500007],[-5.722532576003935,43.32284834400008],[-5.7222190080039645,43.32315956200006],[-5.72111115200392,43.322483538000036],[-5.72006612200391,43.32197341300008],[-5.719042055003897,43.32165245500005]]],[[[-5.730717950004011,43.32571984000004],[-5.729920441004009,43.32572307200009],[-5.728914073004008,43.32553872800004],[-5.728702031004017,43.32556303400004],[-5.726768650003982,43.32512106800005],[-5.724371990003971,43.32425541600004],[-5.722606676003942,43.323400735000064],[-5.722302973003953,43.32315963700007],[-5.722642592003946,43.322856383000065],[-5.723927238003944,43.323526177000076],[-5.725664683003967,43.32427863200007],[-5.727132275004021,43.324706388000045],[-5.729734845004013,43.32523233300004],[-5.730702619004026,43.32516022000004],[-5.731427970004062,43.324863740000076],[-5.732093878004043,43.324428901000026],[-5.732397093004076,43.32434325100009],[-5.733413755004073,43.32376104000008],[-5.733529287004068,43.32379216700009],[-5.733817033004098,43.324125128000055],[-5.732243975004061,43.324930478000056],[-5.731545714004028,43.325446594000034],[-5.731075064004069,43.325550509000045],[-5.730717950004011,43.32571984000004]]],[[[-5.734412183004085,43.32319083300007],[-5.735883139004093,43.322506886000056],[-5.7390000630041085,43.32164873900008],[-5.738825271004112,43.32130078500007],[-5.7385066360041215,43.32133793100007],[-5.738509028004121,43.32107660500004],[-5.739056160004136,43.32083268100008],[-5.739322104004117,43.320400490000054],[-5.739869775004115,43.320230187000064],[-5.739793752004152,43.32011084700009],[-5.740623922004134,43.319970240000025],[-5.741532863004177,43.32001783300007],[-5.741716098004131,43.31996868300008],[-5.7420178480041395,43.31981406900008],[-5.742127297004177,43.319665937000025],[-5.742807755004161,43.319418901000084],[-5.7428251500041485,43.31934123300005],[-5.742682513004191,43.319250977000095],[-5.743268458004153,43.318624205000056],[-5.7431585000041565,43.31858008100005],[-5.743209697643002,43.31850037581574],[-5.744306409085875,43.318474047831444],[-5.744187321004201,43.318778305000095],[-5.743628055004156,43.318938080000066],[-5.743510743004169,43.31906240400009],[-5.743547990004191,43.31959971900005],[-5.743724060004203,43.31992635900008],[-5.743517088004198,43.31986917000008],[-5.7430104770041455,43.32032316800008],[-5.742857730004185,43.320151120000055],[-5.742292160004187,43.320027161000056],[-5.741723512004168,43.32023333600008],[-5.741693941004142,43.32072723800009],[-5.741557427004177,43.32095543300005],[-5.741808273004152,43.32109812100004],[-5.741817453004158,43.32118203900007],[-5.741593178004161,43.321303876000066],[-5.7415952690041605,43.32137533700007],[-5.741077633004171,43.32144899300006],[-5.741044746004139,43.32165092500004],[-5.740776124004172,43.32171227400007],[-5.7407729800041665,43.321799033000055],[-5.740224451004147,43.321969791000065],[-5.740016645004154,43.32186571700004],[-5.740063734004117,43.32200366900004],[-5.739944578004135,43.32205714400005],[-5.739383757004105,43.322191137000075],[-5.7387254310041484,43.322225896000084],[-5.738237746004089,43.32235215000004],[-5.738163330004128,43.32245757200008],[-5.736525122004079,43.32286675000007],[-5.735493123004105,43.32322193100004],[-5.733920504004087,43.324058484000034],[-5.733572776004075,43.323681586000085],[-5.734412183004085,43.32319083300007]]],[[[-5.733807346004054,43.321562935000046],[-5.735508653004092,43.32109402800008],[-5.734984732004062,43.321183326000046],[-5.7351942410040655,43.32111230400006],[-5.73648477400411,43.320852146000064],[-5.737494136004112,43.32080761000004],[-5.738162008004125,43.32088850400004],[-5.738332177004129,43.32084013300006],[-5.73840733300411,43.32098323200007],[-5.738155396004132,43.32121785800007],[-5.736940571004087,43.32102520200005],[-5.7365242010041,43.32103173700006],[-5.735220235004062,43.321312358000064],[-5.735112792004071,43.321261732000046],[-5.735013309004085,43.321375136000036],[-5.733807346004054,43.321562935000046]]],[[[-5.740449595004162,43.32234897200005],[-5.740116251004147,43.32234321700004],[-5.739981783004145,43.322296191000085],[-5.740303386004124,43.32220131500004],[-5.740449595004162,43.32234897200005]]],[[[-5.742518970004147,43.32244365700008],[-5.740835337004158,43.322419718000056],[-5.740572858004141,43.322352755000054],[-5.7404202150041606,43.32219143000003],[-5.741538068004155,43.32179773500009],[-5.7422357170041805,43.32194249800007],[-5.7433253270042,43.32201108400008],[-5.743685340004181,43.32214941000007],[-5.743419946004181,43.32254628100003],[-5.742518970004147,43.32244365700008]]],[[[-5.760942249004333,43.33425995800008],[-5.7598431680043705,43.334197115000066],[-5.7591654170043505,43.33403789200003],[-5.7569618520043235,43.3332307090001],[-5.7568616770043235,43.33326395700004],[-5.754430599004266,43.332895436000065],[-5.753349778004297,43.33264701800005],[-5.75146512100427,43.33199740000005],[-5.750332923004265,43.331372940000065],[-5.7497007620042595,43.330729821000034],[-5.748297134004197,43.32866107300005],[-5.747812451004223,43.328104146000044],[-5.748042178004203,43.32809260500006],[-5.748021393004199,43.328016549000054],[-5.747792811004219,43.32784477300004],[-5.747577031004199,43.32743839600007],[-5.746412768004223,43.32595783400008],[-5.745302991004201,43.32471807700007],[-5.744802287004206,43.323532375000084],[-5.744170938004197,43.32288108600006],[-5.743597307004184,43.322571895000074],[-5.74383461000419,43.32216763000009],[-5.744553446004174,43.32246291400004],[-5.74477032300419,43.32242599100005],[-5.7447165500042,43.322242982000034],[-5.744440499004181,43.321978971000085],[-5.744304907004189,43.32162049200008],[-5.743005446004145,43.32142253900003],[-5.74320124200416,43.321362456000024],[-5.743595455004156,43.321447270000085],[-5.74399117500419,43.32143625300007],[-5.744338701004177,43.32153972700007],[-5.744462437004159,43.32150482500003],[-5.744577442004213,43.32098223100008],[-5.744188088004161,43.32037415400003],[-5.744651308004194,43.32082547000005],[-5.744738011004218,43.32109882500004],[-5.744583005004215,43.32162499700008],[-5.744661097004184,43.32189964400005],[-5.7448497130041885,43.32213167600003],[-5.745087108004189,43.32290271300009],[-5.745546111004197,43.32346679100006],[-5.746029264004206,43.32468124900005],[-5.747867788004219,43.32661013300005],[-5.748040826004234,43.32668329600007],[-5.7481371320042225,43.32688705400006],[-5.748284780004221,43.326882628000085],[-5.748164480004228,43.326749088000064],[-5.7484174690042185,43.326798641000046],[-5.748496394004246,43.326749230000075],[-5.748667653004203,43.32694473900006],[-5.748666919004233,43.32716163800007],[-5.748914461004248,43.32733531700008],[-5.749021746004205,43.32730954900007],[-5.748819175004217,43.32705871100007],[-5.7489023120042075,43.32694241000009],[-5.749041433004225,43.32700630400008],[-5.750092976004253,43.32813931800007],[-5.750319569004234,43.3288147740001],[-5.75064962700427,43.32901013100009],[-5.75098509300424,43.32938845900005],[-5.751248674004255,43.330257460000055],[-5.751244176004246,43.33079635700006],[-5.751363013004248,43.33117049400005],[-5.751547502004242,43.331360008000054],[-5.751992034004264,43.33159405800007],[-5.752391967004252,43.331689832000066],[-5.752939719004247,43.33162242200007],[-5.753178060004249,43.33168340900006],[-5.754067598004283,43.33169160800002],[-5.754975619004278,43.331886028000056],[-5.755730049004315,43.332193548000085],[-5.757167768004297,43.33241595100004],[-5.758494632004333,43.33295231900008],[-5.758970429004317,43.333434263000086],[-5.759216986004346,43.333452377000086],[-5.759767186004371,43.33373436600005],[-5.760355170004369,43.33381758700007],[-5.761986282004372,43.33379221600007],[-5.762023398004359,43.33416897700007],[-5.760942249004333,43.33425995800008]]]]}},{"type":"Feature","properties":{"zona":"Nalon-45-AST","rio":"R\u00edo Nora"},"geometry":{"type":"MultiPolygon","coordinates":[[[[-5.677062097003501,43.38328189800007],[-5.677642015003478,43.383141151000075],[-5.677863874003502,43.38328610000008],[-5.678527685003488,43.38340095700005],[-5.678787797003469,43.38353669200007],[-5.679158569003527,43.38331211800006],[-5.680435551003517,43.383563018000075],[-5.681100305003537,43.38281413900006],[-5.682416813003551,43.382876577000054],[-5.682733919003509,43.38275870200006],[-5.6832844420035284,43.382783479000075],[-5.683050614003548,43.382874036000025],[-5.683108683003527,43.38308171800004],[-5.682723536003549,43.383493754000035],[-5.682599572003536,43.38374865900006],[-5.6826636630035505,43.38393057300005],[-5.683265599003564,43.38441825500007],[-5.68330105600353,43.38457178500006],[-5.683073488003515,43.38437821200006],[-5.682997459003558,43.38504737100005],[-5.68280892400355,43.38509623200008],[-5.6824228480035055,43.38490604600003],[-5.682257186003532,43.384998719000066],[-5.68238964200355,43.38531540700007],[-5.68222806400353,43.38541841200005],[-5.681741855003497,43.38545104900005],[-5.68147394700354,43.38523814000008],[-5.681195174003546,43.38516127100008],[-5.680860099003532,43.38494774000004],[-5.680734528003518,43.38496445600003],[-5.680667378003511,43.384788324000056],[-5.68003813000351,43.38454168900008],[-5.679983189003479,43.384428779000075],[-5.679686579003512,43.38434352100007],[-5.6793071780034765,43.38403356000005],[-5.6790534580034855,43.38409347100003],[-5.678934089003481,43.38402054900007],[-5.678726150003473,43.38409437400003],[-5.678319077003507,43.38444630500005],[-5.677107245509159,43.38442113299728],[-5.677062097003501,43.38328189800007]],[[-5.682042191003509,43.384831453000075],[-5.682212568003527,43.38477399300007],[-5.682197271003523,43.38472287200006],[-5.681942327003515,43.38471514100009],[-5.682042191003509,43.384831453000075]]],[[[-5.676064925003462,43.360433901000086],[-5.676257164003465,43.36020465800005],[-5.676472752003468,43.36011813100003],[-5.6774459250035125,43.360049913000076],[-5.677686031003493,43.36011179900005],[-5.677791930003498,43.35997336200006],[-5.678179663003528,43.35989092900008],[-5.678309102003506,43.35976614900006],[-5.678743065003487,43.359756167000064],[-5.6789661470034805,43.359609583000065],[-5.67871930800348,43.35954995900006],[-5.677926679003483,43.35969099400006],[-5.677779548003476,43.35963083100007],[-5.678507887003518,43.35813690700009],[-5.678439840003502,43.35775090200008],[-5.678338509003507,43.35759686700005],[-5.678264762003518,43.35764299200009],[-5.678169436003509,43.35708451000005],[-5.6782437460035124,43.356985939000026],[-5.678755825003494,43.35678089200009],[-5.679410087003509,43.35683147800007],[-5.679618305003525,43.357215549000074],[-5.679395599003534,43.357530578000095],[-5.679650706003521,43.35782683200005],[-5.679551421003488,43.358424053000086],[-5.679821488003522,43.35884908600009],[-5.67960212000353,43.359257448000065],[-5.679790659003498,43.359273025000064],[-5.679641698003516,43.35953848000003],[-5.679289709003488,43.35986585100005],[-5.679050747003516,43.359745440000054],[-5.678940800003518,43.35981214700007],[-5.67862831500352,43.360255187000064],[-5.678633329003529,43.360543961000076],[-5.678530236003521,43.360746969000054],[-5.6780849740034895,43.36099569500005],[-5.677564035003472,43.361092855000045],[-5.677793591003497,43.361261796000086],[-5.677826154003488,43.36140547500003],[-5.677143972003491,43.36162300700006],[-5.677235152003519,43.36168309500006],[-5.677071848003504,43.36169360400005],[-5.676461503003458,43.36160023500003],[-5.6760953593995325,43.36142918390566],[-5.676064925003462,43.360433901000086]],[[-5.6785278280035225,43.35696437000007],[-5.678440668003502,43.35700545000004],[-5.678436977003484,43.35732997600008],[-5.6786534390035115,43.357554852000085],[-5.678748451003487,43.35721651700004],[-5.6785278280035225,43.35696437000007]],[[-5.679128455003512,43.35932115800006],[-5.679005277003487,43.35938898500009],[-5.679023300003481,43.35953649000004],[-5.679273190003504,43.35946397800007],[-5.679249729003491,43.359363554000026],[-5.679128455003512,43.35932115800006]]],[[[-5.68171900600356,43.36398647000004],[-5.681267697003527,43.36384831600004],[-5.681097823003531,43.36357504000006],[-5.680093448003543,43.363065237000065],[-5.679672385003506,43.362736809000076],[-5.679620126003533,43.36252448900007],[-5.679328808003537,43.36240482300009],[-5.679215385003519,43.36246883700005],[-5.67883659700348,43.36247981200007],[-5.678362659003507,43.36211545800007],[-5.678165737003519,43.36208655500008],[-5.677801655003481,43.361849622000086],[-5.678061964003483,43.361443689000055],[-5.678442034003491,43.36118778400004],[-5.6784640220035065,43.361005505000044],[-5.678594228003501,43.360883589000025],[-5.67913385600352,43.360773398000056],[-5.679115322003529,43.36088317300006],[-5.67887031400349,43.36088885800007],[-5.678814609003523,43.36096114700007],[-5.6790438170035324,43.36106819800006],[-5.679090656003527,43.36128118300009],[-5.679330217003529,43.36084153700007],[-5.6795460560034945,43.36075557300007],[-5.679947434003492,43.360843107000065],[-5.680527427003526,43.361068931000034],[-5.681062340003499,43.36144905700007],[-5.681291398003503,43.36148497000006],[-5.681365180003519,43.36172988300007],[-5.681497064003506,43.36184279300005],[-5.68196154600355,43.36166665700007],[-5.68207021900355,43.36195847900007],[-5.682637546003553,43.361968532000056],[-5.683001761003549,43.36216906000005],[-5.682990496003536,43.36296232300004],[-5.682721457003545,43.364086013000076],[-5.682685301003522,43.36400019200005],[-5.682547219003544,43.36400923900005],[-5.682223108003543,43.36426811100007],[-5.682222666003555,43.36419954400003],[-5.681979066003519,43.364157941000045],[-5.68171900600356,43.36398647000004]]],[[[-5.682762625003532,43.382261772000064],[-5.682521726003525,43.38213731300005],[-5.682055866003501,43.38204659600007],[-5.682360372003527,43.38130837100005],[-5.682802925003558,43.37975630100004],[-5.683384878003556,43.379310382000035],[-5.684023772003525,43.379193245000074],[-5.684524676003565,43.378926177000054],[-5.6847247200035635,43.37856119200008],[-5.684923447003562,43.378411138000054],[-5.6855304630035715,43.378683396000056],[-5.685690712003548,43.37898666000007],[-5.685579790003572,43.37931021500005],[-5.685423429003572,43.379513375000045],[-5.684981918003551,43.37975806400005],[-5.684586160003578,43.37982908200008],[-5.68448808300356,43.37990955000004],[-5.6841050520035425,43.37994047800004],[-5.683935788003521,43.38009194700004],[-5.683764032003531,43.38005333000008],[-5.68378763400353,43.38017853600008],[-5.683894548003547,43.38022491300007],[-5.683858437003559,43.380915762000036],[-5.683616091003564,43.38219914600006],[-5.682762625003532,43.382261772000064]]],[[[-5.682794253003519,43.38252798800006],[-5.68344553900352,43.38249644700005],[-5.683514529003566,43.38251266600003],[-5.682794253003519,43.38252798800006]]],[[[-5.711662618003794,43.38087531600008],[-5.71131501300379,43.38078174900006],[-5.711589101003818,43.38066239700003],[-5.711459686003814,43.38016723300007],[-5.711054265003828,43.38018250800009],[-5.710958679003783,43.38064320500006],[-5.710912420003796,43.380599731000075],[-5.7106989780037765,43.38068737900005],[-5.7106200740038116,43.38054431200004],[-5.710428582003812,43.38050971800005],[-5.709738997003773,43.380590095000066],[-5.708437221003769,43.38037304000006],[-5.707811608003752,43.38008063100006],[-5.707107724003785,43.37994745800008],[-5.706478488003769,43.37947469300009],[-5.705702132003744,43.37903794400007],[-5.705948043003783,43.37849435500006],[-5.706670224003749,43.37818800900005],[-5.707592367003784,43.37719793100008],[-5.707733491003765,43.377183723000044],[-5.7079253490037605,43.377344578000084],[-5.7084650580037755,43.37743539900004],[-5.708069085003804,43.377303293000075],[-5.707998943003777,43.377168633000075],[-5.707855508003789,43.377192169000075],[-5.70771982100378,43.37701971200006],[-5.707735080003787,43.376572354000075],[-5.707903910003796,43.37650141900008],[-5.707940857003751,43.37636963200004],[-5.7076919650038045,43.376087424000055],[-5.708884956003798,43.37477534300007],[-5.708951065003786,43.37456576700005],[-5.708467934003773,43.37391961300007],[-5.707792670003771,43.373590393000036],[-5.7076211450037855,43.37335687500008],[-5.706836277003796,43.372824431000026],[-5.7064974030037705,43.37248116900004],[-5.706227804003789,43.372334055000074],[-5.7057812250037605,43.372286928000065],[-5.70544071900377,43.37239618100006],[-5.704844889003754,43.372855997000045],[-5.704725148003762,43.37315728300007],[-5.704443594003734,43.37344746700007],[-5.7040065530037305,43.37368676200005],[-5.703340830003727,43.373878060000045],[-5.702976812003753,43.374108745000065],[-5.702283497003711,43.37409772300004],[-5.701930611003733,43.37423959000006],[-5.701623151003742,43.37413927800003],[-5.70053568600372,43.37440124300007],[-5.700173482003718,43.37457234400005],[-5.699383537003701,43.37463249500007],[-5.698844739003717,43.374803223000086],[-5.698567322003709,43.37476042600008],[-5.698280884003659,43.37481133400008],[-5.696284760003683,43.37325311300004],[-5.694248626003628,43.37145531500005],[-5.694031454003661,43.37145867400007],[-5.693760912003649,43.37129885100008],[-5.693798831003671,43.37136021800007],[-5.693706011003648,43.37135794800004],[-5.693896635003621,43.37151269800006],[-5.693367289003666,43.371301471000045],[-5.692454016003619,43.37120085000004],[-5.692153462003638,43.37123772600007],[-5.691966963003642,43.37134069400003],[-5.691574637003642,43.37129722400005],[-5.690054108003624,43.37203442100008],[-5.6891655980035765,43.372118913000065],[-5.6881492570036,43.37179062400004],[-5.687888282003593,43.37130599300009],[-5.688013215003589,43.371214833000074],[-5.6879475220035784,43.37114431200008],[-5.68728626700356,43.371030204000085],[-5.68709759500358,43.37113383100007],[-5.687065056003563,43.37118294100004],[-5.687485341003585,43.37164556700003],[-5.687488996003585,43.37230679100002],[-5.6865809910035905,43.37339317700003],[-5.685994309003581,43.373741916000036],[-5.6860429590035775,43.374016435000065],[-5.685753134003592,43.37424867600005],[-5.685625699003568,43.37459827400007],[-5.685581624003561,43.37514160000007],[-5.685903609003591,43.37554204400004],[-5.686776566003555,43.377490165000054],[-5.686711195003548,43.37804882300004],[-5.686399063003569,43.37862786800009],[-5.686255783003594,43.37867962200006],[-5.686099242003569,43.37837893200003],[-5.686143122003588,43.37800858600008],[-5.6855390120035425,43.37690309400005],[-5.685623985003559,43.37684433400006],[-5.685514173003552,43.37679567700008],[-5.685540156003554,43.37662384400006],[-5.685394147003562,43.37648807600006],[-5.685408317003547,43.37627504200003],[-5.685182339003541,43.376189894000056],[-5.685199809003531,43.37608861400003],[-5.684710912003559,43.37554916000006],[-5.684516243003561,43.37510169100006],[-5.684667202003558,43.37463737900004],[-5.684580032003529,43.37412952700004],[-5.684673363003545,43.37376656400006],[-5.68585697900355,43.37185029100005],[-5.685539652003542,43.37164045100008],[-5.6850390070035495,43.371546604000066],[-5.684834843003579,43.371197229000074],[-5.684600114003579,43.37103019100006],[-5.684583406003547,43.37060980700006],[-5.684308746003542,43.37048060600006],[-5.684350957003535,43.370341297000046],[-5.684718052003541,43.37013106000008],[-5.684764295003584,43.36977811900005],[-5.684645818003583,43.369544189000074],[-5.684858732003558,43.36943322500009],[-5.6847887720035395,43.36939227700004],[-5.684934958003535,43.36926983100006],[-5.68504681700355,43.36936302100004],[-5.685162885003562,43.36932419800007],[-5.68492518900356,43.3691569200001],[-5.685323578003562,43.36900649900008],[-5.6859755510035725,43.36905250100006],[-5.686156244003577,43.369143744000034],[-5.686518862003578,43.36963292200005],[-5.686998525003604,43.369739965000065],[-5.68757852900358,43.36957600900008],[-5.68803231000356,43.369611805000034],[-5.6883822490036104,43.36946449800008],[-5.689225315003577,43.36954270400003],[-5.6893832150036125,43.36970785900007],[-5.6892048430036155,43.36995331000003],[-5.689311938003593,43.37013824700007],[-5.688985466003608,43.370654345000055],[-5.689067983003617,43.37097206600004],[-5.689459756003609,43.37101458300004],[-5.689738701003605,43.37090519800006],[-5.690133597003597,43.36972810600003],[-5.689778196003615,43.369555236000046],[-5.689566563003622,43.36953868100006],[-5.689101478003587,43.369222988000054],[-5.688263730003598,43.36824348200003],[-5.687000614003567,43.367734123000055],[-5.68666326400357,43.36744748400009],[-5.686720850003595,43.367396363000076],[-5.689634807003597,43.368973294000064],[-5.69056705000363,43.36953299900006],[-5.691158349003642,43.36977518600004],[-5.686783419003561,43.36710673500006],[-5.686512070003558,43.36678937000006],[-5.686381390003572,43.366834011000044],[-5.686042195003588,43.366689475000044],[-5.685453410003593,43.36614828300004],[-5.685306611003542,43.36581641800008],[-5.6849334370035365,43.36546455000008],[-5.684440135003536,43.36529688400003],[-5.68429190200353,43.36495269500006],[-5.68392721700356,43.36469833500007],[-5.683384897003534,43.36443816700007],[-5.683196431003535,43.364449217000086],[-5.683034606003569,43.36431532900008],[-5.68318686100356,43.36430903300004],[-5.683855033003527,43.364603582000036],[-5.684081718003559,43.36453738400007],[-5.684024935003569,43.36442836300007],[-5.683797700003554,43.36445637200007],[-5.683654538003524,43.36439180600007],[-5.683111507003569,43.36391802500004],[-5.683282785003554,43.36309040900006],[-5.683284520003566,43.36237569800005],[-5.683677458003574,43.362599345000035],[-5.683811211003575,43.362796758000066],[-5.684043258003574,43.362845182000065],[-5.684617333003554,43.36319940800008],[-5.684921020003542,43.36366944900005],[-5.685557990003565,43.36416104200004],[-5.6865339370036025,43.364504434000025],[-5.686999803003562,43.365124010000045],[-5.687474131003563,43.365329062000065],[-5.687726935003578,43.36569311500006],[-5.688274872003604,43.36605392500009],[-5.688209953003593,43.36610873600007],[-5.688939468003589,43.366496465000075],[-5.688990400003613,43.36662840100008],[-5.689226447003601,43.366650137000086],[-5.6891988860035765,43.36677838700007],[-5.689942061003609,43.367158799000045],[-5.690208246003597,43.36755488600006],[-5.690592272003606,43.36782479800008],[-5.690900437003587,43.367845203000066],[-5.691222590003605,43.36826957900008],[-5.6915079430036455,43.36836008100006],[-5.691892473003611,43.36799840500005],[-5.691689555003595,43.368430049000054],[-5.692411177003618,43.36884648500008],[-5.692370271003635,43.36910416300004],[-5.692177929003644,43.36924463900006],[-5.692336136003614,43.36944602400008],[-5.692771367003659,43.369565129000094],[-5.694235468003625,43.369526040000046],[-5.694499813003634,43.369862673000064],[-5.694741320003634,43.369948074000035],[-5.6948254550036435,43.37026679800005],[-5.695294722003676,43.370930658000084],[-5.69573117600369,43.37115903600005],[-5.696146524003684,43.371652244000074],[-5.696425090003649,43.37222166900006],[-5.696470686003655,43.37266787500005],[-5.697038962003684,43.37302071400006],[-5.697554852003663,43.37358289500004],[-5.697836981003695,43.37357001000005],[-5.69812117200369,43.37370697500007],[-5.698502895003667,43.37372814000003],[-5.699201635003692,43.37364544700006],[-5.699367816003692,43.37368977500007],[-5.6999306460036765,43.373564130000055],[-5.700295261003704,43.37360509800006],[-5.701363253003716,43.37336503400008],[-5.701984499003703,43.37311373400008],[-5.702453771003739,43.37304968100007],[-5.70297560200376,43.372860804000034],[-5.703478104003724,43.372491573000055],[-5.703596904003722,43.37190991100005],[-5.703418521003731,43.37169127900006],[-5.704395451003719,43.371206925000074],[-5.704641612003728,43.370948669000036],[-5.704916139003776,43.37083822100004],[-5.706230703003771,43.370920230000095],[-5.706928536003782,43.371120155000035],[-5.707437467003801,43.371403272000066],[-5.707561571003752,43.37164484700005],[-5.707906735003766,43.371890727000064],[-5.7084531080037895,43.37202406600005],[-5.709033010003766,43.37229055100006],[-5.709387425003774,43.372604913000046],[-5.709552528003805,43.373076910000066],[-5.709943459003776,43.373366777000065],[-5.710400612003795,43.37399913500008],[-5.710254197003776,43.37471085000004],[-5.7104071960038,43.375223807000054],[-5.71089641100382,43.37610879700004],[-5.711008133003806,43.37656500600008],[-5.710864020003828,43.37670455000007],[-5.711071636003784,43.37678385300006],[-5.711310496003811,43.377322801000055],[-5.711177007003804,43.37744731300008],[-5.711143370003803,43.37780292500003],[-5.710994547003782,43.37788311700007],[-5.711106449003799,43.378128784000054],[-5.711157300003824,43.37876082700007],[-5.71129785200383,43.37895836800004],[-5.711394242003785,43.37957290800008],[-5.7120228330037985,43.380574586000094],[-5.712114882003845,43.38035570700004],[-5.711535811003835,43.37927803700006],[-5.711262980003816,43.377619288000076],[-5.7114566350037945,43.37718560700007],[-5.711443896003794,43.37681303000005],[-5.711626466003788,43.37664231000008],[-5.71157968200384,43.37658483800004],[-5.7117161530038025,43.376633421000065],[-5.711801653003818,43.37657276100004],[-5.711602623003838,43.37611642200007],[-5.7120308950038075,43.37565814300007],[-5.711962536003797,43.37555913700004],[-5.7125510070038175,43.37469390500008],[-5.713315604003824,43.374563923000046],[-5.71377152200383,43.37462499500004],[-5.713858937003826,43.37448368900006],[-5.714239994003858,43.374398488000075],[-5.715465587003828,43.37472099800005],[-5.716058419003885,43.374669021000045],[-5.716922271003847,43.37482635200009],[-5.717873503003889,43.37477354000004],[-5.7182507870038615,43.374651481000065],[-5.718874511003904,43.37465536900005],[-5.71946407100389,43.37453046000007],[-5.719840401003888,43.37419830500006],[-5.720289983003881,43.37400204500006],[-5.721070687003911,43.37408139500009],[-5.721653617003923,43.373954804000064],[-5.722627305003921,43.37389510800006],[-5.722823823003919,43.37393793000008],[-5.723232287003954,43.37373959000008],[-5.723614914003923,43.373712486000045],[-5.724995797003963,43.373368436000085],[-5.725699891003984,43.373995804000074],[-5.725813643003988,43.37421128100005],[-5.727259486004002,43.375194388000075],[-5.727638213004002,43.375282909000084],[-5.72745533400398,43.37539874300006],[-5.727480897003989,43.37547365400009],[-5.728347262003975,43.375798347000064],[-5.728264956004008,43.37590906300005],[-5.728024577003957,43.375909910000075],[-5.7280199840039865,43.37606110800005],[-5.727907382003983,43.376101691000045],[-5.726948423003972,43.37600651900005],[-5.72575697000397,43.376155715000046],[-5.724968506003923,43.37615367900004],[-5.724416066003939,43.37636046200005],[-5.724096564003968,43.37665262100006],[-5.7232123310039364,43.37704673600008],[-5.722877021003907,43.377045076000066],[-5.722410584003901,43.37715364400003],[-5.7221791300039415,43.377283419000044],[-5.720920429003889,43.37734592700009],[-5.7203560320038775,43.37756408700005],[-5.718921554003899,43.37785812000005],[-5.717119141003872,43.378441778000095],[-5.716334668003853,43.37899543600003],[-5.715908779003865,43.379030349000075],[-5.7152282000038515,43.379756656000055],[-5.71481619700384,43.37936661200008],[-5.714092428003843,43.379602788000064],[-5.714268760003812,43.37970369800008],[-5.714482551003836,43.379660577000045],[-5.714503740003831,43.37983776500007],[-5.713522925003829,43.37951707200006],[-5.711738858003795,43.37909033500008],[-5.712168036003846,43.379363473000076],[-5.711963333003836,43.37935264400006],[-5.712481522003831,43.37967916000009],[-5.714528335003844,43.380410512000026],[-5.714716773003856,43.38053623600008],[-5.714375900003824,43.38079824800009],[-5.713922565003845,43.38094218500004],[-5.713560891003809,43.38087068200008],[-5.713470652003833,43.380977554000054],[-5.713298463003819,43.38087984300006],[-5.7123904290038485,43.38085949800007],[-5.712015983003821,43.38109696400005],[-5.711662618003794,43.38087531600008]],[[-5.685956214003548,43.36481861100004],[-5.68550751400355,43.36500893500006],[-5.685535123003579,43.36512022500007],[-5.686087774003548,43.36491948000003],[-5.685956214003548,43.36481861100004]],[[-5.6926374320036475,43.36990831300006],[-5.692538816003645,43.36997242300005],[-5.692676777003655,43.37016887500006],[-5.692964123003649,43.37047009700008],[-5.69313287400364,43.37049091600005],[-5.693120213003614,43.37026381500005],[-5.6926374320036475,43.36990831300006]],[[-5.712476038003848,43.37766958900006],[-5.712685974003826,43.37737198400004],[-5.712934137003809,43.377256803000094],[-5.712909892003846,43.37712600000004],[-5.712802538003823,43.37708505900008],[-5.712832004003823,43.376978962000074],[-5.712561998003826,43.37702722600006],[-5.7125887190038105,43.37720323900004],[-5.711925668003801,43.37714894800009],[-5.711908540003832,43.37721872500005],[-5.712214652003811,43.377258773000065],[-5.712191564003833,43.37732990700005],[-5.711677710003808,43.37730020600005],[-5.711578896003795,43.37737216500006],[-5.711634070003809,43.37754013100006],[-5.711864991003834,43.377710236000055],[-5.7123943460038085,43.37788924900009],[-5.712507611003849,43.37784190200007],[-5.712476038003848,43.37766958900006]],[[-5.712573799003798,43.37595596000007],[-5.712688053003839,43.37583790600007],[-5.71260531100382,43.37580709100008],[-5.712573799003798,43.37595596000007]],[[-5.712752702003806,43.375710015000045],[-5.712732943003808,43.37542953200006],[-5.712601581003817,43.37536825300004],[-5.7125495200037975,43.37550012700007],[-5.712752702003806,43.375710015000045]],[[-5.713727049003824,43.38066990000006],[-5.713700875003854,43.38049473100008],[-5.7134947460038585,43.38038783800005],[-5.713199257003805,43.380376678000076],[-5.713132697003812,43.380444367000074],[-5.71315995400381,43.38057872900004],[-5.71330869800381,43.38063372300008],[-5.713264074003814,43.38074792600003],[-5.7131499110038355,43.38076316700005],[-5.713191180003843,43.380808611000084],[-5.713727049003824,43.38066990000006]],[[-5.713190705003809,43.377126200000085],[-5.713421124003858,43.376967168000085],[-5.713683630003817,43.37710608600003],[-5.7136724500038145,43.37722841800008],[-5.713873869003825,43.37724812300008],[-5.713948082003829,43.377050961000066],[-5.713840468003827,43.37668638100008],[-5.713744002003825,43.37668883800007],[-5.713637824003814,43.37684919300006],[-5.713054056003853,43.37695334900008],[-5.713191061003853,43.37700850400006],[-5.713190705003809,43.377126200000085]],[[-5.713656497003814,43.37615945000006],[-5.713612720003841,43.37592325100009],[-5.713502461003842,43.37588396700005],[-5.713326206003856,43.37605217800007],[-5.713656497003814,43.37615945000006]],[[-5.714089994003834,43.38066247300004],[-5.714289252003845,43.38058328600007],[-5.71385794000385,43.38044056700005],[-5.713856596003854,43.38056826200006],[-5.714089994003834,43.38066247300004]],[[-5.71374866700383,43.37643140300003],[-5.713650237003851,43.376216618000065],[-5.713681613003831,43.376475026000044],[-5.71374866700383,43.37643140300003]],[[-5.714084980003825,43.37675752700005],[-5.71533692100386,43.37642285300008],[-5.715486421003881,43.376237087000064],[-5.715242411003862,43.37611395000005],[-5.7148790520038535,43.37613460100006],[-5.71474100200382,43.37628496100006],[-5.714488421003832,43.37630554700008],[-5.714215102003857,43.37644681000007],[-5.714014441003847,43.376666516000064],[-5.714084980003825,43.37675752700005]],[[-5.716497724003877,43.37559246300005],[-5.7169040900038715,43.37596395000003],[-5.717061683003857,43.37584601500004],[-5.716344738003886,43.37526900100006],[-5.715526813003842,43.37504665800004],[-5.7150075280038415,43.37509582200004],[-5.71502816200385,43.375156056000044],[-5.715247368003849,43.37509736100004],[-5.715303737003842,43.375156128000086],[-5.715492673003873,43.375093343000074],[-5.7155481570038456,43.37512814500008],[-5.715435124003853,43.37517178200006],[-5.715500716003854,43.37521493500004],[-5.715768374003841,43.37516312600009],[-5.715686049003846,43.37526365300005],[-5.716251588003886,43.37528832300007],[-5.716116228003883,43.37557137300008],[-5.716272590003869,43.37553065500004],[-5.716497724003877,43.37559246300005]]],[[[-5.704803462003766,43.378520714000054],[-5.704813518003775,43.378230869000056],[-5.705262345003734,43.378382391000066],[-5.705597452003751,43.37838319400004],[-5.705775366003756,43.378477820000064],[-5.705377503003764,43.37907190900007],[-5.705048357003748,43.37918089100005],[-5.704807535003723,43.37890945200009],[-5.704817920003719,43.378648180000035],[-5.704988120003734,43.37857873300005],[-5.704803462003766,43.378520714000054]]],[[[-5.725223667003968,43.37286419300006],[-5.725299721003945,43.37291261700006],[-5.726238101003991,43.37408238500007],[-5.725895815003953,43.373955982000055],[-5.725313282003949,43.37341784800004],[-5.725170962003938,43.37299979000007],[-5.725223667003968,43.37286419300006]]],[[[-5.726932797003979,43.374051339000076],[-5.7268333240039455,43.3740594860001],[-5.726780156003978,43.37390727500009],[-5.726603269003967,43.374022842000045],[-5.726400847003993,43.37398480500009],[-5.7254531560039625,43.37280101000004],[-5.725555736003939,43.37251464900004],[-5.725682223003985,43.37246786400005],[-5.725779913003947,43.37253306700006],[-5.725676485003959,43.37203295400008],[-5.725916653003968,43.3712700610001],[-5.7258726730039795,43.37101544600006],[-5.725700894003951,43.37077431100005],[-5.725813966003985,43.370690102000026],[-5.7257413700039885,43.37033011800004],[-5.7259533320039715,43.37009898300005],[-5.725937182003951,43.369809281000094],[-5.726229422003975,43.36922667500006],[-5.726887440003949,43.36900282800009],[-5.727157665003961,43.36874348800006],[-5.7270657410039565,43.36839777500007],[-5.726776063003953,43.36799392200005],[-5.726778953003972,43.368273562000084],[-5.7265627410039714,43.36795825700006],[-5.726191161003988,43.36780917900007],[-5.726003349003952,43.36756688100009],[-5.7259561770039555,43.36726737000004],[-5.726111864003976,43.36704445100003],[-5.726133841003993,43.36669054100003],[-5.725643730003954,43.36630698100004],[-5.725449881003982,43.365892192000054],[-5.725456221003953,43.365719601000094],[-5.725665508003973,43.36547533200008],[-5.725642946003948,43.36500943700004],[-5.725444112003944,43.36478935400005],[-5.725305058003953,43.364422903000055],[-5.725556365003943,43.36407038800009],[-5.725265886003939,43.36390388600007],[-5.724969495003929,43.36327121000005],[-5.725185254003946,43.36325423700005],[-5.725342126003937,43.36312106300005],[-5.725431888003955,43.36316496000008],[-5.725420945003949,43.363080204000035],[-5.72572993500396,43.36303572000003],[-5.725944386003996,43.36277884500005],[-5.726200018003947,43.36288949200009],[-5.725597373003982,43.363349893000084],[-5.725447785003982,43.36357421500003],[-5.7257824770039525,43.36409772500009],[-5.725685784003962,43.36451938400007],[-5.725929482003983,43.364904239000055],[-5.726013010003989,43.36550804100007],[-5.725734473003942,43.36617804000008],[-5.726549367003981,43.366665689000065],[-5.726595491003975,43.36709572000007],[-5.726490979003966,43.36759326100004],[-5.726912852003964,43.36785814300004],[-5.727397244004001,43.368374480000064],[-5.72745243900396,43.36854662400005],[-5.727261503003991,43.36912297500005],[-5.726814335003993,43.369351051000095],[-5.72647164800399,43.36942473100005],[-5.72635222300395,43.36966324700006],[-5.726390091003945,43.37024422400005],[-5.726017319003947,43.37129822000002],[-5.726204962003954,43.371829150000075],[-5.7262885960039736,43.37252303200007],[-5.726403554003958,43.372664375000056],[-5.725806619003977,43.372525953000036],[-5.726170979003972,43.37279309200006],[-5.726095363003969,43.37308712500005],[-5.726164853003955,43.37337687700007],[-5.727004967003992,43.37322680900007],[-5.727485637003999,43.37444850800007],[-5.7274750970039925,43.374610011000094],[-5.727279693003981,43.37453467100006],[-5.726932797003979,43.374051339000076]]],[[[-5.7782779480045035,43.380215007000075],[-5.7781879940045275,43.38032443800007],[-5.777637203004498,43.38012396600005],[-5.776405246004526,43.37992692400009],[-5.775913594004526,43.37964197300007],[-5.77591224000452,43.37943497700008],[-5.775783588004517,43.37926268100007],[-5.775707422004475,43.379340476000046],[-5.775688455004516,43.37884094600003],[-5.775407480004502,43.378514426000045],[-5.775566020004478,43.37853538300005],[-5.775329156004489,43.377684580000064],[-5.7747105120044955,43.377304661000046],[-5.7745837280044645,43.3771432820001],[-5.774130983004495,43.37710015900008],[-5.773823073004489,43.37693250300003],[-5.773838354004494,43.37683560000006],[-5.773057229004481,43.37720219200003],[-5.772819194004484,43.377408877000065],[-5.7722608680044445,43.37754831900005],[-5.771770532004455,43.377557593000084],[-5.771596085004445,43.37772082100003],[-5.771281237004426,43.37782173400009],[-5.770829544004474,43.378102570000074],[-5.77032189200446,43.37826274600009],[-5.770175035004453,43.37798855800004],[-5.769967807004428,43.37789312300004],[-5.770205619004454,43.37786828600009],[-5.770103398004433,43.377760947000084],[-5.770220402004439,43.377705981000084],[-5.770192923004457,43.37759076800007],[-5.7699192860044315,43.377588029000044],[-5.769520558004435,43.37745738200005],[-5.769382124004426,43.37732937500005],[-5.7690987170044385,43.37726089600006],[-5.768604954004424,43.37732591400006],[-5.766902382004407,43.37714910800005],[-5.766025700004386,43.37689735700009],[-5.765761290004382,43.37675600400008],[-5.765637488004362,43.37686116600005],[-5.765668209004391,43.376681263000094],[-5.765489482004399,43.376700508000056],[-5.7649269920044,43.37637825300005],[-5.764520880004389,43.376378852000094],[-5.764141611004377,43.37648575400004],[-5.764062731004389,43.37636864200005],[-5.763600448004392,43.37621546700007],[-5.763182232004373,43.376335396000066],[-5.762808356004341,43.37611915200006],[-5.762794567004364,43.376172719000074],[-5.762059806004365,43.37632083000006],[-5.761916424004331,43.37647991600006],[-5.761734653004355,43.37649620900004],[-5.761626411004344,43.376705100000045],[-5.761621675004349,43.37705568800004],[-5.761398963004365,43.37732295800005],[-5.760736987004353,43.37748527200006],[-5.760093464004338,43.37739135400006],[-5.7597064940043134,43.377490908000034],[-5.759546540004343,43.37767044300007],[-5.759234066004341,43.37768569500003],[-5.759025412004332,43.37777918500007],[-5.758819185004295,43.37822643800008],[-5.758914439004325,43.37884517100009],[-5.758834174004317,43.37892095800005],[-5.758708085004324,43.37876975200005],[-5.75839419000429,43.37895150000004],[-5.7586863270043205,43.37899784200005],[-5.7587249270043035,43.379097445000085],[-5.758489112004305,43.37903997600007],[-5.757746264004282,43.37944824800009],[-5.757455035004307,43.37946286600003],[-5.757261810004274,43.37938908200006],[-5.757015335004287,43.37906024800004],[-5.757067976004313,43.37895346400007],[-5.756254352004259,43.379282837000076],[-5.756467040004294,43.37912156900007],[-5.75625568400427,43.37910359800004],[-5.756395289004287,43.37891025700004],[-5.756271496004286,43.378729622000044],[-5.75598052800428,43.3788674240001],[-5.7558022990043085,43.37877892500008],[-5.7555291300042795,43.37878213100004],[-5.755603264004266,43.378942011000056],[-5.755431555004293,43.37907405800008],[-5.755359737004256,43.379001680000066],[-5.755575633004301,43.378693025000075],[-5.755583399004256,43.37850510300008],[-5.755207268004254,43.37898734300007],[-5.755029587004286,43.37888477000009],[-5.754954984004253,43.378713279000074],[-5.755120478004299,43.37885703500008],[-5.755239306004285,43.37882408100008],[-5.755144183004289,43.37881516300008],[-5.75484968600426,43.378403586000054],[-5.754915858004264,43.37865593000006],[-5.754797865004259,43.37867033600004],[-5.753971587004274,43.37735577000007],[-5.753785411004273,43.37728494300007],[-5.753326785004256,43.37655474300006],[-5.7528868130042685,43.37622479400006],[-5.752298457004226,43.37543646300003],[-5.752309202004224,43.37534184800007],[-5.7520399720042645,43.37514524000007],[-5.75189585800424,43.374670753000046],[-5.751626563004228,43.37461539100008],[-5.751043636004239,43.3748227070001],[-5.750883137004233,43.374780213000065],[-5.750986651004223,43.37457023300006],[-5.751227211004236,43.37443824400005],[-5.751107471004231,43.37442395900008],[-5.751107827004217,43.374215760000034],[-5.75095552000421,43.37408222000006],[-5.750495225004222,43.37389865000007],[-5.749964962004244,43.37384991300007],[-5.747935524004199,43.373938279000086],[-5.7474396350042145,43.37375597800007],[-5.747387154004203,43.37334090300005],[-5.74703514400417,43.373289527000054],[-5.746893385004196,43.373150542000076],[-5.7465701390041986,43.373032007000056],[-5.746232372004178,43.37257710300004],[-5.745778736004196,43.37251459900008],[-5.745462481004163,43.372367171000064],[-5.744047428004131,43.37216403600008],[-5.7435397850041365,43.37199680600003],[-5.742609368004119,43.37189283700007],[-5.742208708004146,43.37194397800006],[-5.7418164420041355,43.371737217000046],[-5.741880367004143,43.371862413000045],[-5.741766527004101,43.371995099000074],[-5.740746520004125,43.371813616000054],[-5.740334549004116,43.37216751200004],[-5.740163073004121,43.37220800900008],[-5.740058643004099,43.37243896400004],[-5.739844445004117,43.37254717400005],[-5.739888823004101,43.37261019800009],[-5.7396946160041065,43.37267245800008],[-5.739757045004131,43.37273735600008],[-5.740114532004109,43.372698089000046],[-5.739923504004089,43.37280124200006],[-5.7399133190040805,43.37313767200004],[-5.739290543004074,43.37398396300007],[-5.738933281004105,43.37427036800007],[-5.738189083004089,43.374649415000086],[-5.737522160004099,43.37483650600007],[-5.737502503004104,43.37500197900006],[-5.737122784004076,43.37526350000008],[-5.736933827004096,43.37549937400007],[-5.737104315004079,43.37554772600004],[-5.737004002004059,43.375800042000044],[-5.73672256700408,43.375775993000055],[-5.736301884004059,43.375902110000034],[-5.735656195004043,43.375929456000065],[-5.735481246004057,43.37601442100004],[-5.735337034004046,43.37601455500005],[-5.73512757000408,43.37587443200006],[-5.7351741060040355,43.375963301000084],[-5.734916937004082,43.37596188200008],[-5.734773080004069,43.37574564300009],[-5.7344647420040396,43.37556817700004],[-5.7354157270040815,43.37571661400006],[-5.735963458004071,43.375612835000034],[-5.736370951004087,43.375424347000035],[-5.7362640710040536,43.375166779000054],[-5.735140742004047,43.37539014300007],[-5.734318525004031,43.375304118000045],[-5.733427985004022,43.37535257400004],[-5.733191218004028,43.37542306000008],[-5.732379396004017,43.37538682800004],[-5.73097171000401,43.375485002000076],[-5.7306219260040265,43.37567984900005],[-5.730323035004023,43.37627838700007],[-5.730135442004,43.37627748800003],[-5.729687162003995,43.37585784400005],[-5.728910476003993,43.375498260000036],[-5.728662143003988,43.37502785500005],[-5.728320838003978,43.37508358900006],[-5.728087232003981,43.37489670600009],[-5.727706780003976,43.37436488000004],[-5.727171977003977,43.37317200200005],[-5.7273521640039915,43.37307572400005],[-5.728458750003995,43.373202376000066],[-5.728962141003995,43.37309204100008],[-5.730051352004028,43.37300820700007],[-5.730579931004024,43.372868723000074],[-5.731581196004047,43.37285713300004],[-5.731944911004043,43.37274643500009],[-5.733169400004037,43.37258258700008],[-5.734204856004058,43.37260019000008],[-5.734981600004073,43.37251883000006],[-5.735508449004061,43.37238890000004],[-5.736034819004055,43.372364672000074],[-5.736657206004083,43.37208797800003],[-5.736827938004101,43.371692345000056],[-5.736455688004099,43.37110228300003],[-5.736708792004069,43.37063890000008],[-5.736769473004106,43.37030745600004],[-5.7369587870040615,43.370137633000084],[-5.737347000004073,43.37005595000006],[-5.737868824004112,43.36975215800005],[-5.738224605004111,43.36930154700008],[-5.7383353600040925,43.36890298300005],[-5.7387137050040975,43.368506927000055],[-5.738726251004092,43.368220978000075],[-5.738449020004107,43.36767866700007],[-5.738489246004117,43.36741781700006],[-5.738844488004076,43.366779203000085],[-5.738857604004125,43.36614560900007],[-5.738679055004124,43.365653533000064],[-5.7389085210040784,43.36471279200005],[-5.739527682004118,43.36367330900005],[-5.73974093300411,43.36376799200009],[-5.739553733004137,43.36387131000004],[-5.73910694400411,43.36450281000004],[-5.738918068004127,43.36491568500004],[-5.738956471004087,43.36532031700007],[-5.738810517004083,43.36561526100009],[-5.739055768004108,43.366610760000086],[-5.738966697004116,43.36722029700008],[-5.738724659004102,43.36763994900008],[-5.73881839700408,43.36787178100009],[-5.738767227004073,43.36796550700007],[-5.738979997004093,43.36829514100005],[-5.738954798004101,43.368546504000065],[-5.738176187004105,43.369792538000084],[-5.737626156004111,43.37021701500005],[-5.737145310004088,43.37034997400009],[-5.736961519004103,43.37059545600007],[-5.736707982004051,43.37133409300004],[-5.736859543004104,43.37149803300008],[-5.7384381800040885,43.37147511200004],[-5.739451791004117,43.37126232500004],[-5.740122709004094,43.37103814600006],[-5.740199584004143,43.370941073000054],[-5.740449407004134,43.37096264800005],[-5.740559291004119,43.370783977000045],[-5.74093959200413,43.37071524600004],[-5.741231094004114,43.37087540800009],[-5.7415748440041305,43.37089045600004],[-5.7420993050041345,43.37105438600003],[-5.743252441004118,43.37100243700007],[-5.74338382600415,43.37107778100006],[-5.743715296004146,43.371055148000046],[-5.746327270004165,43.371380460000076],[-5.747879859004209,43.371733870000085],[-5.748071302004217,43.37169408600007],[-5.748754044004204,43.37224551800006],[-5.749106296004235,43.37233735700005],[-5.750496481004243,43.372334409000075],[-5.751915173004217,43.372112244000064],[-5.752392959004255,43.37237409700005],[-5.752818390004255,43.37250118200007],[-5.753198280004235,43.37279742800008],[-5.75329000500424,43.37296328500003],[-5.753244902004249,43.37317836100006],[-5.7529887670042745,43.373195255000056],[-5.7526797320042276,43.373427560000046],[-5.752208182004236,43.37362472100006],[-5.752195660004215,43.37383419300005],[-5.752424788004219,43.37399955100006],[-5.752857342004266,43.374100609000045],[-5.7536217800042495,43.37399673900008],[-5.7528174090042254,43.37516389500007],[-5.753001682004231,43.37576779600006],[-5.753159349004228,43.37570591400005],[-5.753021722004268,43.37515861500004],[-5.753200551004263,43.374828866000044],[-5.753400382004239,43.37464903000007],[-5.7536073190042725,43.374594860000066],[-5.753644829004243,43.37431694000004],[-5.753826187004265,43.374060740000054],[-5.7550519330042675,43.373578858000045],[-5.755316948004295,43.37362475800007],[-5.755480483004254,43.37385191000006],[-5.755694576004267,43.37386890300007],[-5.755953286004295,43.37377712800003],[-5.755896475004258,43.37361104500009],[-5.756786368004291,43.37341421500005],[-5.757588268004298,43.37309500000005],[-5.7582287730042845,43.373343799000054],[-5.758612669004305,43.37326055600006],[-5.759143430004304,43.373335603000065],[-5.7597361580043245,43.373748119000034],[-5.760228648004331,43.373649403000066],[-5.760307427004309,43.373690181000036],[-5.758666227004294,43.37427826900007],[-5.758038962004296,43.37465861600003],[-5.757925936004287,43.37488061600005],[-5.7578492440042925,43.37485758700007],[-5.757742574004313,43.374946111000064],[-5.7578068230043025,43.37501992200004],[-5.758631305004297,43.37444437300008],[-5.759791271004298,43.37397114000005],[-5.760211355004344,43.37423014100006],[-5.760317132004334,43.37439821500004],[-5.760676116004339,43.374469601000065],[-5.761340411004325,43.374475679000064],[-5.761010352004357,43.373985558000086],[-5.761049843004352,43.37392857000004],[-5.761526415004326,43.374439194000054],[-5.761680213004371,43.37436697500006],[-5.7618845460043735,43.37446053600009],[-5.762098245004345,43.37434190800009],[-5.762563261004372,43.37445941300007],[-5.762952681004354,43.37431200400006],[-5.763246853004352,43.374373075000065],[-5.763375549004345,43.37422969400008],[-5.763391160004383,43.37381642700008],[-5.76347456700436,43.37382186300006],[-5.763569820004345,43.37412519400006],[-5.76376557400435,43.37414801200004],[-5.7638579220043615,43.373972243000054],[-5.763645527004353,43.373751834000096],[-5.763947313004379,43.37359228200007],[-5.763934439004387,43.373476441000044],[-5.764128944004357,43.37343152600007],[-5.762329338004374,43.37326466300005],[-5.762243051004327,43.373129553000076],[-5.761923724004326,43.373064710000065],[-5.7619273460043345,43.37270505800007],[-5.7616735470043245,43.37248882300004],[-5.761829489004376,43.372350204000035],[-5.761448758004363,43.37242680400005],[-5.761241197004338,43.372289238000086],[-5.761209866004334,43.37215194300007],[-5.7612962740043505,43.37186561600004],[-5.761564285004356,43.37160285400007],[-5.762000766004371,43.371568939000056],[-5.762208321004346,43.37161594500002],[-5.762221812004352,43.37170837300005],[-5.7623554020043715,43.37170082300005],[-5.762659044004381,43.37143494800007],[-5.7626812570043455,43.37126864100004],[-5.762969105004377,43.37125469000008],[-5.76309435900439,43.37110725100008],[-5.763379137004372,43.37105632800007],[-5.7634228870043485,43.37091874300008],[-5.7644989140043705,43.37082295300007],[-5.764686464004394,43.3707308990001],[-5.764795955004385,43.37002430500008],[-5.764702523004355,43.36966211100003],[-5.765061226004378,43.36894105100005],[-5.764704228004402,43.368753813000076],[-5.764607200004373,43.36835565300005],[-5.76495327200439,43.368109227000055],[-5.764979665004376,43.367861415000064],[-5.765327474004385,43.36743187700007],[-5.765306857004365,43.36722032600006],[-5.765062697004398,43.36693372100007],[-5.765148940004397,43.36608316400004],[-5.764832116004412,43.36599482000003],[-5.765018205004369,43.36593452800004],[-5.764970329004371,43.365623566000075],[-5.7652943950043944,43.36557749400004],[-5.765389847004378,43.36657820300008],[-5.7652952040043655,43.36688623500005],[-5.76556898300442,43.36726741500008],[-5.765559472004392,43.36761737800004],[-5.765168830004372,43.36829413500004],[-5.7654309190043636,43.36873485100007],[-5.76529668500439,43.369017078000084],[-5.765438245004363,43.37031550900009],[-5.766087849004418,43.37071727300004],[-5.766047942004388,43.37065640600008],[-5.766153686004386,43.370672029000055],[-5.766358254004403,43.370533055000074],[-5.766583944004384,43.37054768700007],[-5.7668384350044075,43.37035497000006],[-5.767303159004397,43.370278809000084],[-5.767383528004385,43.37035861300007],[-5.767352094004392,43.37054747200006],[-5.767532994004425,43.37071592100006],[-5.767373729004388,43.37076096000005],[-5.767396496004407,43.370899034000054],[-5.767734048004429,43.37097942100009],[-5.768015922004427,43.37074822600005],[-5.768393072004453,43.3705884870001],[-5.768328848004424,43.37040118900007],[-5.768826467004418,43.37026550700008],[-5.768959871004413,43.37010465200008],[-5.768936464004455,43.37027780600006],[-5.768473802004431,43.370437389000095],[-5.768603902004411,43.370660452000045],[-5.768650813004439,43.370546538000035],[-5.769031273004417,43.37028832300008],[-5.769022016004429,43.37013743100006],[-5.769577166004462,43.36992356800006],[-5.769832038004436,43.36965121000005],[-5.7699574630044586,43.369611904000074],[-5.77013043100442,43.36971630700004],[-5.770409000004467,43.36970109500006],[-5.77053667200443,43.36991278700004],[-5.7704844880044615,43.37046059200005],[-5.7707352040044455,43.37124983900004],[-5.770377797004472,43.37171534800008],[-5.770723020004431,43.37214918600007],[-5.771000080004465,43.37233302500006],[-5.77115661300446,43.372333562000044],[-5.770917571004426,43.37259161600009],[-5.771176899004456,43.372465657000085],[-5.771791324004444,43.372897147000074],[-5.77210691500445,43.37278967000003],[-5.772727318004486,43.37284943400006],[-5.773198614004491,43.37299278500008],[-5.776350985004525,43.37542826200008],[-5.776366297004541,43.37549750400008],[-5.775798725004512,43.375981407000054],[-5.775985935004493,43.376175426000046],[-5.775846917004522,43.37624660800005],[-5.776044033004505,43.37655753900005],[-5.775742381004481,43.37658134900006],[-5.775568213004477,43.376844242000075],[-5.776051430004494,43.376863202000045],[-5.776087820004486,43.37664736800009],[-5.776192747004481,43.37658858500005],[-5.7770846580045445,43.37703280600006],[-5.777692462004523,43.377230563000076],[-5.778872705004555,43.380331660000095],[-5.778324841004551,43.38038447200006],[-5.7782779480045035,43.380215007000075]],[[-5.7292682200039815,43.37492867600004],[-5.729558439004005,43.37484190700009],[-5.729382130004022,43.37464081800006],[-5.729204363003993,43.37486021000007],[-5.7292682200039815,43.37492867600004]],[[-5.737676808004078,43.371778564000074],[-5.737287947004099,43.37178203300006],[-5.736795615004072,43.37226599300005],[-5.736558198004075,43.372290378000066],[-5.7371089860040785,43.37251992200005],[-5.73742423900408,43.3724314500001],[-5.737614865004088,43.37212139600009],[-5.737676808004078,43.371778564000074]],[[-5.738518700004073,43.36890998400003],[-5.7384350830041,43.36889451000009],[-5.738508567004084,43.36894829000007],[-5.738518700004073,43.36890998400003]],[[-5.755435604004278,43.37759257700002],[-5.755498551004283,43.37748967500005],[-5.755205659004275,43.377497475000055],[-5.755263238004262,43.377550788000086],[-5.755435604004278,43.37759257700002]],[[-5.75580163600427,43.37865532100006],[-5.756050283004309,43.37842513000006],[-5.755957250004265,43.37835309500009],[-5.755685316004252,43.37848799300009],[-5.755789109004303,43.37853721300009],[-5.75580163600427,43.37865532100006]],[[-5.7560618220042645,43.37871795000008],[-5.755919055004263,43.378631486000074],[-5.755921785004268,43.378785966000066],[-5.7560618220042645,43.37871795000008]],[[-5.756089223004276,43.37862053400006],[-5.756276514004309,43.37859405300004],[-5.75617962300431,43.37847472000005],[-5.75602020400431,43.37854609500006],[-5.756089223004276,43.37862053400006]],[[-5.757603749004287,43.37834998800003],[-5.757314170004316,43.37827111700008],[-5.757197232004293,43.37831812100007],[-5.75715207900432,43.37858623200004],[-5.756977452004283,43.37857156900004],[-5.756595580004287,43.37881505500008],[-5.756672335004297,43.378962491000046],[-5.756784705004309,43.37898029100007],[-5.757318711004268,43.378693257000066],[-5.7575235270042775,43.37879732600005],[-5.7572454460042986,43.378580042000074],[-5.757570046004299,43.37852067700004],[-5.757603749004287,43.37834998800003]],[[-5.75727379500429,43.37781981600006],[-5.756738596004269,43.37771093900006],[-5.7565396730042995,43.37781016800007],[-5.75706860800428,43.377913125000084],[-5.75727379500429,43.37781981600006]],[[-5.757553902004275,43.37353299500007],[-5.75715638400427,43.373638300000046],[-5.757053181004289,43.37377908200006],[-5.757249980004271,43.37379717000006],[-5.757578702004281,43.37365368600008],[-5.757641969004312,43.373576020000044],[-5.757553902004275,43.37353299500007]],[[-5.757406574004303,43.37769575800008],[-5.757342811004286,43.37779584300007],[-5.757457056004308,43.377825211000086],[-5.757569257004289,43.37766375900004],[-5.757406574004303,43.37769575800008]],[[-5.7576835000042745,43.378583268000064],[-5.757692092004302,43.37867527800005],[-5.757799111004288,43.37876178700004],[-5.757836897004295,43.378630873000084],[-5.7576835000042745,43.378583268000064]],[[-5.75783350400431,43.37879796600004],[-5.757969206004277,43.37902222200007],[-5.758103262004313,43.37909262200004],[-5.7580083820043075,43.378872930000064],[-5.75783350400431,43.37879796600004]],[[-5.758672640004288,43.37639161800008],[-5.75834933300431,43.376481726000065],[-5.758180346004314,43.3766131990001],[-5.758098049004307,43.37687786300007],[-5.757904010004297,43.376979376000065],[-5.757937854004328,43.37705788500008],[-5.758697179004326,43.37703034400006],[-5.759079306004296,43.377167027000056],[-5.759412134004313,43.37705367000008],[-5.759415478004304,43.37692299500005],[-5.758835672004336,43.37640647600007],[-5.758672640004288,43.37639161800008]],[[-5.758157764004328,43.37816383600007],[-5.7580474650042985,43.37828117100003],[-5.758073030004286,43.37832544000003],[-5.758219588004328,43.37829332600007],[-5.758157764004328,43.37816383600007]],[[-5.758521021004334,43.37780054000007],[-5.758416795004314,43.37791621100008],[-5.75848455000429,43.3779828450001],[-5.758636826004287,43.37787813800005],[-5.758521021004334,43.37780054000007]],[[-5.758453877004321,43.37815806900006],[-5.758548593004301,43.37819228300004],[-5.758564692004293,43.37807160300009],[-5.7584980510043025,43.37808017500005],[-5.758453877004321,43.37815806900006]],[[-5.764557223004367,43.37190365000004],[-5.764767069004388,43.37182889000009],[-5.764782263004402,43.371707702000045],[-5.764736991004377,43.37152124900007],[-5.764636639004374,43.37147536400005],[-5.764491843004399,43.371521569000045],[-5.764446980004371,43.37173909000007],[-5.764557223004367,43.37190365000004]],[[-5.765289455004394,43.37310257800006],[-5.765313142004404,43.37287398400009],[-5.764982472004359,43.372614959000046],[-5.764810335004365,43.37253555000007],[-5.764539623004388,43.37258302400006],[-5.764563184004365,43.37279892900007],[-5.765289455004394,43.37310257800006]],[[-5.765203153004394,43.37272641600004],[-5.765327042004402,43.37266085500006],[-5.765247002004402,43.372412912000094],[-5.7653501030043826,43.37225212400006],[-5.765085117004389,43.37201916600005],[-5.7652177860043725,43.37198736400008],[-5.765125590004402,43.37196765100005],[-5.765164347004372,43.371862965000055],[-5.764845510004361,43.371657234000054],[-5.764919621004364,43.37187910700005],[-5.7647737560043835,43.37188099800006],[-5.7646250380043895,43.37201501500005],[-5.764546553004373,43.37232913800006],[-5.765041729004393,43.37254292600006],[-5.765203153004394,43.37272641600004]],[[-5.765103529004364,43.373173962000095],[-5.765069385004379,43.37305426100007],[-5.7648065550043786,43.37308346400005],[-5.764888571004402,43.37324408800005],[-5.765103529004364,43.373173962000095]],[[-5.7649901360043705,43.37036133300007],[-5.76491052700436,43.37058542200005],[-5.7649846130044,43.370694827000094],[-5.765144601004409,43.370546160000075],[-5.7649901360043705,43.37036133300007]],[[-5.766952300004413,43.370996575000056],[-5.766537207004392,43.37097258400008],[-5.766451508004381,43.37102474500007],[-5.766680438004431,43.37117292700003],[-5.766876830004398,43.37111895500005],[-5.766952300004413,43.370996575000056]],[[-5.769101459004435,43.37121346700008],[-5.769369836004435,43.37064448600007],[-5.768965777004426,43.37100117300003],[-5.769101459004435,43.37121346700008]],[[-5.769836367004411,43.37414799500006],[-5.769451865004432,43.37389771300009],[-5.769281219004417,43.37407969800009],[-5.769629489004438,43.37438406200006],[-5.769836367004411,43.37414799500006]],[[-5.769443408004456,43.370958205000086],[-5.769297849004421,43.37096440700003],[-5.76916745000442,43.371297985000076],[-5.769568622004436,43.371171473000075],[-5.769443408004456,43.370958205000086]],[[-5.770778777004471,43.374055525000095],[-5.770365394004444,43.37390198300007],[-5.769997303004455,43.37386439200006],[-5.770080872004426,43.37392064500006],[-5.770778777004471,43.374055525000095]],[[-5.770557002004471,43.37246070900008],[-5.77067191200445,43.37292931900004],[-5.771043264004457,43.37303114300006],[-5.7712014320044425,43.37299220700005],[-5.77119391700445,43.37284887300008],[-5.770889108004447,43.37270136500009],[-5.770775403004456,43.37246186900007],[-5.770557002004471,43.37246070900008]],[[-5.7742324190044645,43.37705256500005],[-5.774111387004481,43.37686782100009],[-5.774058918004513,43.37696414200009],[-5.7742324190044645,43.37705256500005]]]]}},{"type":"Feature","properties":{"zona":"ES018-AST-34-1","rio":"Arroyo Maca\u00f1o"},"geometry":{"type":"MultiPolygon","coordinates":[[[[-5.798816896004787,43.35387354300009],[-5.799042793004797,43.35413248300008],[-5.799350975004771,43.3542829450001],[-5.799512591004785,43.35455516200007],[-5.798960980004788,43.35414910800007],[-5.798816896004787,43.35387354300009]]],[[[-5.814539941004989,43.364904646000085],[-5.814182323004977,43.364808778000075],[-5.814039203004954,43.36463791200004],[-5.813770748004984,43.36458917800009],[-5.813539378004987,43.36440581000007],[-5.813154294004967,43.36441601600009],[-5.812552762004941,43.36426329500007],[-5.812351752004926,43.36387804500005],[-5.811636225004964,43.36354345200005],[-5.811329138004949,43.36348495700005],[-5.81000471900492,43.36226987800007],[-5.808722142004922,43.36172660700005],[-5.807666960004892,43.36106417000009],[-5.80726639600487,43.36094484300004],[-5.806902524004887,43.36074019800004],[-5.805668169004862,43.36040713700005],[-5.805373102004891,43.3596698040001],[-5.805029653004875,43.3592777900001],[-5.804513246004847,43.35905654800008],[-5.803947687004846,43.35841614800007],[-5.802923157004839,43.35756865500009],[-5.802946953004833,43.35717519000009],[-5.802661435004833,43.3569829780001],[-5.802233880004839,43.35688116500008],[-5.8018687630048325,43.35664710600004],[-5.801460098004819,43.35654629400006],[-5.800489562004798,43.35611718500009],[-5.8000818980048265,43.35578683400008],[-5.799697040004803,43.35520500300005],[-5.799556652004826,43.35459180000005],[-5.7998012490047754,43.35523928000004],[-5.800140890004821,43.35572919300007],[-5.800529694004835,43.35605047100008],[-5.8021428600048255,43.35674201600006],[-5.802613672004834,43.356796124000034],[-5.8027767540048645,43.35688434100008],[-5.803128893004841,43.35721809300004],[-5.803018828004838,43.35743908700006],[-5.803470951004847,43.357699875000044],[-5.80358164900486,43.35802697500004],[-5.803860566004867,43.358212858000066],[-5.804555490004834,43.35893893100009],[-5.80512438900487,43.359231777000055],[-5.805557228004859,43.359774023000064],[-5.805583170004895,43.36001818900009],[-5.805784347004847,43.36030222500007],[-5.806320667004892,43.360556447000086],[-5.807256953004916,43.36072850400007],[-5.807371933004895,43.36094947000006],[-5.80795675700489,43.36112173600005],[-5.808172702004928,43.361351926000076],[-5.808758374004935,43.361669707000054],[-5.8089992410049405,43.36172101100005],[-5.810306504004899,43.362360756000044],[-5.8105427860049055,43.36268807200005],[-5.81127797900494,43.36332911600007],[-5.812418783004941,43.36384545700003],[-5.812646933004943,43.364231728000064],[-5.8135581520049415,43.364339969000085],[-5.813864120004965,43.36453477400006],[-5.81410929700498,43.36455676200007],[-5.814298496004958,43.36479573200007],[-5.815212107005014,43.364891144000076],[-5.816432643004978,43.36402068300005],[-5.816590499005024,43.36370507200008],[-5.816557030005009,43.36357445700005],[-5.816975756005035,43.36301177400003],[-5.817275897005007,43.36278146700007],[-5.817613985005046,43.36268294900005],[-5.818186167005038,43.36233296100006],[-5.818318491005033,43.36169956800006],[-5.81777719700501,43.36089204200006],[-5.817656585005019,43.360541594000054],[-5.817092128005018,43.36011234900009],[-5.816835968005022,43.35939902900005],[-5.8163285310050075,43.358977375000066],[-5.816080521004997,43.35842045700009],[-5.815681859004982,43.35819515500005],[-5.815120688005017,43.35761695200007],[-5.815079406004976,43.357246411000084],[-5.814810010005009,43.35710957300007],[-5.814590594005011,43.35680036600007],[-5.813766356004995,43.356293540000095],[-5.813439419004982,43.35593520600004],[-5.813281623004983,43.35530445300005],[-5.813446050004944,43.355010606000086],[-5.813424609005,43.35484253100004],[-5.813104067004942,43.35482134600006],[-5.812865298004975,43.35461860200009],[-5.812697647004946,43.35431199200009],[-5.812749593004988,43.35410726200008],[-5.8124917760049515,43.353514436000076],[-5.812212386004946,43.353218419000044],[-5.812016000004974,43.353130189000076],[-5.811930462004964,43.35278816800009],[-5.811621748004933,43.35263366700009],[-5.8113460240049255,43.35204093800008],[-5.811552684004932,43.352084687000065],[-5.811751191004926,43.35225037100003],[-5.811923729004944,43.35263468300008],[-5.812167856004977,43.352806930000035],[-5.812200364004982,43.35301407900006],[-5.812471030004934,43.353299190000044],[-5.812753140004938,43.35332176100009],[-5.812885305004964,43.35317040400004],[-5.813092847004966,43.353095666000065],[-5.812910736004947,43.35329539100008],[-5.812847486004964,43.35390675800007],[-5.812916924004989,43.35434278400003],[-5.8135591740049986,43.35483445000006],[-5.813597480004962,43.355041179000075],[-5.8135128660049595,43.35521815300009],[-5.814012864004973,43.356292527000065],[-5.814708126005004,43.356758278000044],[-5.815008430005015,43.357114118000034],[-5.815309581004992,43.35720538200008],[-5.815235834005003,43.357370466000084],[-5.8154122340049925,43.35763307900005],[-5.816339075005026,43.35842170800005],[-5.816511487005012,43.35873657800006],[-5.8168476890049865,43.35890072400009],[-5.817056815005006,43.35877631800004],[-5.817137487005031,43.35879825100007],[-5.817172353004994,43.35906645800004],[-5.816994826004989,43.35921288500004],[-5.817115725005014,43.35987975800005],[-5.817261970005011,43.36011960100008],[-5.817806191005001,43.360551441000055],[-5.818175967005021,43.361305309000066],[-5.818485141005017,43.36163767700005],[-5.8185911960050225,43.362303197000095],[-5.818745062005028,43.36242961200004],[-5.818501544005034,43.36268834300007],[-5.818288004005028,43.362689869000086],[-5.818096485005028,43.36295242200004],[-5.81767224600504,43.363137805000086],[-5.817163579005013,43.36308324100004],[-5.817291201004993,43.363175525000024],[-5.81694528900499,43.363313236000074],[-5.816830453005021,43.36377149900007],[-5.8165456680049985,43.36413014700003],[-5.815866246004971,43.36451198400007],[-5.815543584004992,43.365047646000065],[-5.815260597004998,43.36529410200008],[-5.815224446004979,43.36549896500004],[-5.8149367820049935,43.36571175800006],[-5.814921521005004,43.36611005300007],[-5.814751205004965,43.365935462000046],[-5.814872438004982,43.36552649600004],[-5.814539941004989,43.364904646000085]],[[-5.813643346004956,43.355810059000085],[-5.813541785004946,43.35592295300007],[-5.813823294004998,43.35621258300008],[-5.813771498004959,43.35597432200007],[-5.813643346004956,43.355810059000085]]],[[[-5.806902311004852,43.38026541000006],[-5.806934118004879,43.37992037800007],[-5.8062035460048635,43.379225784000035],[-5.806249738004875,43.37897381600005],[-5.805991996004844,43.37862234500006],[-5.806070232004879,43.37859899600006],[-5.806132824004886,43.378324921000065],[-5.80758057400486,43.37753354500007],[-5.807298598004859,43.37721093800008],[-5.807555481004885,43.37700066200007],[-5.807884864004896,43.377169403000046],[-5.807961510004863,43.377288552000046],[-5.808368438004886,43.37707841700008],[-5.807892764004908,43.37653709400008],[-5.807679274004885,43.376446077000026],[-5.807972015004898,43.37640600200008],[-5.808594696004887,43.37695441200004],[-5.808911106004873,43.37687423700004],[-5.809492257004886,43.376571243000065],[-5.809475683004916,43.37635317400005],[-5.809652642004903,43.376481805000026],[-5.809778788004921,43.37644851800009],[-5.80993368400489,43.37627778700006],[-5.809870885004913,43.37616502500005],[-5.810032189004931,43.376015825000046],[-5.810171805004888,43.376065430000054],[-5.810988918004939,43.37573626100005],[-5.810867405004927,43.37567632300006],[-5.810801198004952,43.37471595700004],[-5.811144149004949,43.37436682100009],[-5.811835958004948,43.3739361930001],[-5.811968396004929,43.37406895300008],[-5.812059480004946,43.375440339000086],[-5.81182456700496,43.37534936600011],[-5.811668447004914,43.37548992200006],[-5.812039816004969,43.37601535900007],[-5.81203836300493,43.37632136800005],[-5.811540977004916,43.37699146500008],[-5.811302739004907,43.37708199900005],[-5.810916372004924,43.37700580300004],[-5.810200795004921,43.37746256600009],[-5.810312434004933,43.377536822000046],[-5.810373423004895,43.37826568100008],[-5.8101265200048875,43.37875460300008],[-5.809946767004889,43.37867382900004],[-5.809618029004933,43.37892471800007],[-5.809689008004921,43.37927760400005],[-5.809567392004919,43.379591817000076],[-5.809812285004923,43.37937655500009],[-5.809312083004903,43.379949167000085],[-5.80947110900491,43.38015220900008],[-5.809132554004923,43.3802165430001],[-5.809190129004893,43.38057316600004],[-5.8077897370048825,43.38086423500007],[-5.80705899600489,43.380758319000066],[-5.806627172004854,43.38042317700009],[-5.806902311004852,43.38026541000006]],[[-5.810900774004919,43.37674613700006],[-5.811970290004962,43.37613826900008],[-5.811670174004954,43.37562257200007],[-5.811526871004938,43.37553620500008],[-5.81122989400493,43.375723195000056],[-5.811249067004925,43.37596272700006],[-5.811482317004938,43.3762085640001],[-5.811238578004948,43.376383861000086],[-5.811169847004951,43.37656821000007],[-5.810700124004907,43.37664845500009],[-5.8106308140049485,43.376780306000065],[-5.810900774004919,43.37674613700006]]],[[[-5.812109628004962,43.37390977700007],[-5.81213904600496,43.37406540100005],[-5.812232365004933,43.37558382500004],[-5.81217989400493,43.37532131700006],[-5.812109628004962,43.37390977700007]]],[[[-5.812254372004919,43.37596100700008],[-5.8122979700049635,43.37603547400006],[-5.812281265004958,43.37614014600008],[-5.812259705004965,43.37606364900007],[-5.812254372004919,43.37596100700008]]],[[[-5.81246236000492,43.37600544600009],[-5.8122803340049725,43.37409025600006],[-5.812340238004926,43.373812845000046],[-5.812430647004921,43.3748137090001],[-5.813000059004933,43.37573223300008],[-5.81246236000492,43.37600544600009]]],[[[-5.813475245004954,43.375564845000056],[-5.813156600004959,43.37553988400004],[-5.812878588004931,43.375158165000094],[-5.812614945004945,43.3744855940001],[-5.812650929004969,43.37377112000008],[-5.812825084004938,43.373107663000056],[-5.8134531600049435,43.37265416900005],[-5.813559026004959,43.37271453300009],[-5.813689946004964,43.37265742800003],[-5.814588339004976,43.37269205500008],[-5.814932780004963,43.372571246000085],[-5.815249535004994,43.372792052000094],[-5.815572752005015,43.372730861000065],[-5.815454493004981,43.37239374100007],[-5.815767442005018,43.37264158800009],[-5.8160257130049695,43.372720339000075],[-5.816340662005003,43.37251600000008],[-5.815915529004977,43.37204810000004],[-5.816437271004974,43.37236824400004],[-5.816549182005007,43.37235842200006],[-5.817044137004978,43.37206961400006],[-5.816770226005009,43.371697189000045],[-5.817194518005006,43.37207751200004],[-5.817425876005016,43.37205887700004],[-5.81765382700502,43.372164739000034],[-5.817807580005027,43.37198683300007],[-5.8171115650050025,43.37127283100008],[-5.817770523005042,43.37173944800004],[-5.817950350004997,43.371617846000056],[-5.817892800004988,43.37132063200007],[-5.8182658140050405,43.371002161000064],[-5.817851210005022,43.37048686000004],[-5.8173692730049975,43.370747422000086],[-5.81732261000502,43.37065706700004],[-5.817482454005018,43.37049699300008],[-5.817140987005014,43.37052428800009],[-5.816973366005011,43.37020352400005],[-5.816987513005012,43.36999099900003],[-5.816781501005031,43.36994168100008],[-5.816426269005023,43.36970571700005],[-5.81555356900501,43.36992535000008],[-5.814967134005001,43.369670154000076],[-5.814867287004997,43.36952873900004],[-5.815052124005007,43.369388469000064],[-5.815485365005009,43.368206571000044],[-5.815631938005005,43.368178836000034],[-5.815941854005001,43.3683005230001],[-5.816008060004987,43.368663469000076],[-5.816335448005009,43.368824586000095],[-5.816500777004978,43.36897937800007],[-5.81647854800501,43.369068703000046],[-5.81798431300502,43.36977986500007],[-5.818152794005025,43.36954828800004],[-5.818260334005013,43.36956588800007],[-5.818356731005008,43.36946580800004],[-5.818807130005003,43.36934753400005],[-5.818735839005019,43.36924786200009],[-5.818493973005006,43.36932878800008],[-5.818536867005051,43.36925600700005],[-5.819105555005045,43.369060747000056],[-5.819588301005039,43.36906224800004],[-5.820916578005085,43.368856337000075],[-5.8208203710050705,43.368923519000084],[-5.820948010005042,43.36894797900006],[-5.820548951005076,43.36910694400008],[-5.819968618005053,43.369168721000065],[-5.81966293200506,43.36929325600007],[-5.819298137005058,43.369563201000076],[-5.819337356005033,43.36977584000006],[-5.819212635005011,43.36986230000009],[-5.818930429005055,43.369522365000094],[-5.818483666005037,43.36975733000005],[-5.818491647005046,43.36982491100008],[-5.818754315005054,43.36973359200006],[-5.818856569005011,43.36977214700007],[-5.819046800005046,43.37034916600005],[-5.8192939050050185,43.37063236700004],[-5.819229875005044,43.37117769900004],[-5.819400429005011,43.37130974600008],[-5.819245263005052,43.371519278000065],[-5.818975470005017,43.371661015000036],[-5.8183928130050155,43.37224603100004],[-5.817582478005023,43.37247445100009],[-5.817098781005021,43.37296392900005],[-5.816558239005006,43.37319970600005],[-5.816198196005,43.373661153000064],[-5.814267478004992,43.37481250200006],[-5.8140567280049815,43.374788812000084],[-5.813836143004957,43.374630276000076],[-5.813716645004952,43.374667734000084],[-5.813671212004983,43.37475192800009],[-5.813890482004988,43.37496005700008],[-5.814124519004976,43.37492678000009],[-5.814003509004986,43.37505456200008],[-5.814074128004973,43.375138377000056],[-5.813475245004954,43.375564845000056]]],[[[-5.815198370004994,43.36771944100009],[-5.815395568004963,43.36770011400007],[-5.815297723004993,43.36743696000009],[-5.815572909005005,43.36707876800008],[-5.815549772004978,43.36679324200004],[-5.815344157005004,43.36632884400007],[-5.815573599004984,43.36652032200005],[-5.815660325004992,43.36732821600005],[-5.815813270005019,43.36753538500007],[-5.815640324004996,43.368101876000054],[-5.81544213600498,43.368136739000114],[-5.815259598004988,43.3679894250001],[-5.815198370004994,43.36771944100009]]]]}},{"type":"Feature","properties":{"zona":"ES018-AST-34-1","rio":"R\u00edo Nora \\ R\u00edo Nore\u00f1a"},"geometry":{"type":"MultiPolygon","coordinates":[[[[-5.782346483004565,43.43285455400008],[-5.782694049004527,43.432804311000055],[-5.782781973004543,43.43266063000006],[-5.78272097500456,43.43203823900008],[-5.782447855004526,43.431592409000075],[-5.782606869004549,43.43156896100005],[-5.782630817004526,43.43147566300009],[-5.782487542004553,43.43155260200008],[-5.782239823004536,43.43145338600006],[-5.782353554004537,43.43125145300008],[-5.782288919004536,43.43085104200004],[-5.782365467004573,43.43022835300009],[-5.78257161200457,43.42980160900005],[-5.782381274004529,43.42929277400005],[-5.782438658004531,43.42913987300007],[-5.782313228004561,43.42902247000008],[-5.781886056004556,43.42798906400006],[-5.781090860004534,43.42747416800008],[-5.780270487004514,43.426701343000055],[-5.7799627280045005,43.42661700500004],[-5.779649238004502,43.42663241900005],[-5.779279567004511,43.42692301800003],[-5.779113341004531,43.42691268900007],[-5.779058868004497,43.42702378900004],[-5.778998438004534,43.426983202000045],[-5.7795369680045106,43.42621281000005],[-5.779614291004542,43.42596826700004],[-5.7790489300044925,43.42516157500008],[-5.778920811004538,43.42451535500006],[-5.779158503004526,43.42400306300006],[-5.7791054640045045,43.42356404600009],[-5.779190231004539,43.422984419000066],[-5.779108799004536,43.42260735300006],[-5.779295064004504,43.42230549700004],[-5.779404533004502,43.42162142300005],[-5.7797134870045515,43.421273593000095],[-5.779971157004551,43.42114259100004],[-5.780311509004522,43.42062832100006],[-5.780496188004553,43.42058946300007],[-5.78061002600456,43.42040031200004],[-5.781038097004552,43.420088472000046],[-5.781618774004576,43.41996462400006],[-5.782292345004575,43.41932005400003],[-5.782532493004568,43.41924220300008],[-5.782598520004571,43.41909998400009],[-5.782790414004586,43.41902982400008],[-5.783129153004561,43.41861757300008],[-5.783806411004564,43.41806184900003],[-5.784002602004553,43.41771456500005],[-5.784084012004561,43.41701741200007],[-5.783601091004601,43.41623847500007],[-5.783615867004602,43.416031234000066],[-5.783279103004543,43.41508598500008],[-5.783287281004572,43.41503201700006],[-5.783408205004561,43.415173960000075],[-5.7833725820045885,43.414951348000066],[-5.783171126004572,43.41457701000009],[-5.783077570004546,43.414129369000094],[-5.782806254004591,43.41379344700006],[-5.7827843990045915,43.41344310900008],[-5.782700997004561,43.41338178200006],[-5.782885299004542,43.41285774500007],[-5.782159389004563,43.41219853800005],[-5.782307306004557,43.41177516700003],[-5.782607870004548,43.411384768000076],[-5.782885028004566,43.41134610300004],[-5.783388694004558,43.411603490000076],[-5.783418397004556,43.4114946810001],[-5.783010116004574,43.41090464200007],[-5.782336595004556,43.41046986300008],[-5.782023057004552,43.409989148000086],[-5.7821037990045765,43.409545538000046],[-5.782227877004577,43.40942542800009],[-5.784289238004563,43.40806950100007],[-5.784120621004574,43.40778296700007],[-5.784002918004572,43.40680809700008],[-5.783679901004597,43.40628552800008],[-5.7834873390046,43.405574143000095],[-5.783341876004575,43.40548019600005],[-5.782969916004575,43.405419661000074],[-5.78322046100455,43.40522686200008],[-5.78328542300456,43.40503269000005],[-5.78269403400459,43.404048143000075],[-5.7818317060045405,43.404199721000055],[-5.781140923004549,43.40452878200006],[-5.780253343004558,43.40469719800008],[-5.779103903004538,43.40460808700005],[-5.778287813004528,43.4047547420001],[-5.778093694004511,43.404725598000034],[-5.778061987004507,43.40442129500009],[-5.777694153004529,43.404183752000066],[-5.777457190004505,43.40438921600004],[-5.777420402004517,43.40426183600005],[-5.776979386004486,43.40449251600007],[-5.775756121004509,43.40418797000007],[-5.775715865004474,43.40426635400008],[-5.775162916004473,43.404252414000055],[-5.774539581004465,43.40437700100007],[-5.7733513390044395,43.40429915500007],[-5.7725688690044406,43.40390468600005],[-5.772556643004473,43.40377189100008],[-5.772020682004441,43.40324446600006],[-5.771647963004454,43.40314418100008],[-5.772074783004431,43.40304530300007],[-5.771697914004448,43.402865449000046],[-5.771501581004427,43.40262321100006],[-5.771400496004442,43.40223981000003],[-5.771148261004435,43.402024150000045],[-5.7711566930044516,43.40163697900007],[-5.771048865004437,43.40163295100007],[-5.771004271004465,43.40175520300006],[-5.77088638300443,43.401770953000046],[-5.770763219004426,43.401367174000036],[-5.770860632004419,43.40120222400004],[-5.77074457700444,43.40112498600008],[-5.770768872004442,43.40101745100003],[-5.770081709004426,43.400783287000095],[-5.769851881004437,43.40081021500004],[-5.769598999004393,43.40098253600008],[-5.769562177004422,43.401221430000085],[-5.769238918004391,43.40164330100004],[-5.769275265004441,43.40137249600009],[-5.7691048290044185,43.40130896000005],[-5.7692227560044405,43.40123106800009],[-5.769239029004412,43.40099104300004],[-5.768955778004423,43.40097593800005],[-5.768777716004389,43.40162933600004],[-5.7687499930044295,43.40150218900006],[-5.768602926004427,43.401485047000044],[-5.76849539400441,43.40136759300004],[-5.768417800004405,43.401022020000035],[-5.767989012004381,43.400605766000076],[-5.767853962004395,43.400566278000056],[-5.767035892004405,43.4007820080001],[-5.766178002004377,43.40130766900007],[-5.766020725004403,43.401327990000034],[-5.76552493300436,43.40117984800005],[-5.765220131004397,43.40125027200004],[-5.765114464004383,43.39898800800007],[-5.765872650004376,43.39891367600007],[-5.766588252004397,43.398631604000066],[-5.766816769004383,43.39838779300005],[-5.768447103004427,43.39779967300009],[-5.769095782004428,43.397789235000076],[-5.769024121004435,43.39829880700007],[-5.7692594570044395,43.398176452000044],[-5.769458741004405,43.39817061900006],[-5.769217191004404,43.39824615400007],[-5.769302799004412,43.39848031900006],[-5.769696565004416,43.398516951000055],[-5.769781948004416,43.39834839700008],[-5.769952171004415,43.39851315600004],[-5.770440824004412,43.39846528600004],[-5.770588463004448,43.39859124000005],[-5.77091134200446,43.39852819000005],[-5.771266552004416,43.398567470000046],[-5.771376668004447,43.398894917000064],[-5.771465420004461,43.39866884000003],[-5.77155798600444,43.39863903500004],[-5.771754985004465,43.39879476100005],[-5.77251052000447,43.398759621000075],[-5.773197661004435,43.39892283700005],[-5.773413218004485,43.39902497100008],[-5.773486965004474,43.39921719500008],[-5.773728733004442,43.39936961300005],[-5.773660636004446,43.399419073000054],[-5.774222091004478,43.39969101000004],[-5.7744708900044985,43.399948615000035],[-5.774750265004493,43.399957221000086],[-5.7747873080044565,43.400073449000054],[-5.775593921004476,43.40035063100005],[-5.775823027004484,43.40033069900006],[-5.776178542004511,43.40043195000005],[-5.776148986004495,43.40056332600007],[-5.776516787004482,43.40077844900004],[-5.776930472004499,43.40095136800007],[-5.777293816004495,43.40093863400007],[-5.777255962004525,43.40111687900004],[-5.777335786004537,43.40120766500008],[-5.777717538004493,43.40124791200005],[-5.777905636004518,43.401179830000046],[-5.778163585004523,43.40125447900005],[-5.778186717004492,43.401109698000035],[-5.7788759110045165,43.40114637700004],[-5.77948182400454,43.40101422000004],[-5.77990809100451,43.401124284000055],[-5.780034618004533,43.40098638100007],[-5.780236704004537,43.40114603100006],[-5.780655204004564,43.40098868600007],[-5.7817240010045365,43.40107979400007],[-5.781793654004562,43.40120224900006],[-5.781637673004583,43.40135575300008],[-5.781633490004539,43.40148091400006],[-5.781662175004557,43.40163932500009],[-5.7817791610045814,43.40169511200004],[-5.78162369800458,43.401759426000076],[-5.781635134004547,43.4023225220001],[-5.781788733004535,43.40237539000004],[-5.782213848004583,43.40210832600009],[-5.78228591700458,43.402128602000076],[-5.782071650004588,43.4023903390001],[-5.781946888004544,43.402752170000056],[-5.781978951004537,43.40290399400005],[-5.782230781004563,43.403135183000074],[-5.784004527004613,43.40319547900005],[-5.784477133004576,43.40333252900008],[-5.784719753004573,43.40325963700009],[-5.785021402004571,43.40298925500009],[-5.785273186004574,43.40317640400009],[-5.785522362004588,43.40310529200009],[-5.785732377004585,43.40315957200007],[-5.786778042004645,43.40370270000005],[-5.786137783004615,43.40299516100005],[-5.786209800004595,43.402953435000036],[-5.786150138004583,43.402772706000086],[-5.7866344330046235,43.402792142000074],[-5.786823708004594,43.40305415600006],[-5.786440860004631,43.40316264400009],[-5.7866935500046015,43.403314733000066],[-5.786991186004634,43.403300558000076],[-5.787027934004646,43.403475734000054],[-5.787599257004628,43.40394152500006],[-5.787741262004616,43.403999672000054],[-5.788031451004618,43.40383168300009],[-5.787901500004653,43.40403882100005],[-5.7881940730046235,43.40423320900006],[-5.78865490900463,43.40400534700007],[-5.788761832004665,43.40407194700004],[-5.78847005700461,43.404358492000036],[-5.78856357500464,43.40479887700008],[-5.788229088004662,43.40448150100009],[-5.787738000004609,43.404215181000055],[-5.78858717700464,43.40487404100004],[-5.789334997004664,43.405641672000066],[-5.789443261004669,43.40566182400006],[-5.789449899004672,43.40579724100009],[-5.789758747004649,43.40602163400008],[-5.789773964004647,43.406326660000055],[-5.790018791004667,43.40656851000007],[-5.789923236004635,43.406649432000066],[-5.789599806004653,43.406367206000034],[-5.789158812004616,43.40566811700007],[-5.789353681004658,43.40642442100005],[-5.789119578004632,43.40645050300005],[-5.7888477230046345,43.40585936800007],[-5.788794514004646,43.40582058500007],[-5.78875592800463,43.405872887000044],[-5.788927376004635,43.40697938400009],[-5.789945138004651,43.40777423300006],[-5.789446826004655,43.40706491100008],[-5.789678164004648,43.40702213000004],[-5.7902419560046345,43.40755199200005],[-5.789913793004625,43.40699750200009],[-5.7900114210046745,43.406768029000034],[-5.791007847004658,43.40696596200009],[-5.791328610004653,43.40712087300007],[-5.791627727004655,43.40738907300007],[-5.791383131004692,43.40749351900009],[-5.791005315004662,43.407502998000055],[-5.791069184004693,43.407592634000046],[-5.791781459004656,43.407818927000065],[-5.792039177004661,43.40809068900008],[-5.7921110230046855,43.408471357000074],[-5.791911494004697,43.409540059000065],[-5.7918054750046535,43.40939089500007],[-5.79160558100466,43.40935023200007],[-5.791338770004639,43.40966053000006],[-5.790888011004645,43.40983590000009],[-5.790645574004646,43.41021034000007],[-5.790271217004641,43.41045516500003],[-5.789400122004652,43.41046171400007],[-5.78860316000466,43.41031526500009],[-5.787993490004637,43.40989157300006],[-5.787642063004636,43.40981214500005],[-5.787354566004645,43.409839480000095],[-5.787234400004597,43.40974015800004],[-5.786766904004594,43.409685358000054],[-5.786078209004577,43.40914691500008],[-5.785749854004608,43.409004955000064],[-5.784652001004562,43.40909047200007],[-5.784284610004561,43.409576543000085],[-5.784279642004576,43.410022589000064],[-5.784062357004553,43.410407025000055],[-5.784095587004597,43.41060107000005],[-5.783965975004571,43.41125957000004],[-5.783818116004588,43.41150134500004],[-5.783616889004595,43.412768095000054],[-5.783906458004558,43.4135944700001],[-5.783904480004557,43.41389855700005],[-5.784211572004574,43.414293411000095],[-5.7842377870045665,43.4146038150001],[-5.7846745490045635,43.414506491000076],[-5.784377642004612,43.414699714000065],[-5.784329463004579,43.41494092300008],[-5.7839396280045525,43.41523354300006],[-5.783863953004603,43.41559588800007],[-5.783991163004563,43.415854245000055],[-5.7839518260045875,43.41612397500007],[-5.784339592004609,43.41689967300006],[-5.784373509004605,43.41732781900005],[-5.784667266004561,43.417535879000084],[-5.784728674004582,43.41768040200005],[-5.784560102004574,43.41776425500008],[-5.784193801004585,43.41776933600006],[-5.7838785530045875,43.418292966000095],[-5.783121932004585,43.41886781400008],[-5.783116830004538,43.41910180500005],[-5.783505688004551,43.41939753800007],[-5.782727764004566,43.420279576000055],[-5.782384598004568,43.42047333600005],[-5.781866014004542,43.421012396000044],[-5.781797289004536,43.42087193800008],[-5.781865688004522,43.42055251000006],[-5.781718195004535,43.42053594800007],[-5.781064971004565,43.42082966800008],[-5.781018440004557,43.42101650500008],[-5.780601763004518,43.42126381600009],[-5.780074485004518,43.421804664000035],[-5.779826749004511,43.42192405100009],[-5.779750627004512,43.42224612600007],[-5.779819221004541,43.42243263000007],[-5.779652092004506,43.42263744500009],[-5.779702503004524,43.42311770000005],[-5.779627281004502,43.42356263400008],[-5.7797039970045265,43.423725323000056],[-5.779228292004534,43.42436221500004],[-5.7793211730045355,43.42462280100007],[-5.779526480004526,43.42480545100007],[-5.7795267050045345,43.42501594900007],[-5.779727745004516,43.42522099400005],[-5.779984571004516,43.42524331800008],[-5.780044601004501,43.42542199400003],[-5.780601841004541,43.42605828600006],[-5.780725388004531,43.42639131500007],[-5.780687155004532,43.42668188400008],[-5.7808526970045255,43.42670496900009],[-5.781545990004517,43.42729617200008],[-5.781866842004535,43.42740218000006],[-5.782022321004536,43.42759842900006],[-5.782360989004525,43.42769354100006],[-5.782594653004533,43.428591414000046],[-5.783041934004531,43.429272784000034],[-5.782785781004576,43.43033493300005],[-5.78286341900457,43.43060497300008],[-5.783055531004551,43.43082987400005],[-5.782884319004552,43.431561811000066],[-5.783139241004563,43.432310048000055],[-5.783057845004578,43.43267160000006],[-5.783140976004575,43.43270801600008],[-5.783245227004557,43.43265005500008],[-5.783273301004557,43.432764121000055],[-5.7830713370045705,43.43283573800006],[-5.783312527004569,43.432950138000095],[-5.78264975200454,43.433144304000066],[-5.782346483004565,43.43285455400008]],[[-5.772313385004461,43.40001423800005],[-5.771863887004431,43.39978225700004],[-5.7718274040044575,43.40004407400007],[-5.771947555004434,43.400203586000046],[-5.771933933004451,43.40035164400008],[-5.772237375004473,43.40037522600005],[-5.772313385004461,43.40001423800005]],[[-5.772512056004426,43.40112123400009],[-5.77236529300445,43.400655452000095],[-5.772184353004441,43.40060897200005],[-5.772110858004459,43.40084772700005],[-5.772272908004433,43.40087822900007],[-5.772512056004426,43.40112123400009]],[[-5.772947797004479,43.40150596100008],[-5.7729072540044655,43.401233283000074],[-5.773190495004445,43.40114971000005],[-5.7732799630044465,43.401019711000075],[-5.772977548004477,43.40096818200004],[-5.772966508004475,43.40103338200005],[-5.77263362600446,43.40114945900009],[-5.772595318004459,43.401297632000094],[-5.7727340180044395,43.40143559900009],[-5.772947797004479,43.40150596100008]],[[-5.7756305220045085,43.40207043200008],[-5.775944659004485,43.40198354600007],[-5.775882587004494,43.401488265000076],[-5.775507489004482,43.401663952000035],[-5.775426513004489,43.40204521700008],[-5.7756305220045085,43.40207043200008]]],[[[-5.777693128004527,43.37723231200006],[-5.778630126004524,43.37734564900008],[-5.778645520004527,43.37761918200006],[-5.779177424004545,43.37827551300008],[-5.77937098700453,43.37838880800008],[-5.779921439004562,43.37959641700008],[-5.780154311004534,43.37972973600007],[-5.780088933004545,43.37981000400005],[-5.779612040004556,43.379921649000046],[-5.778878706004529,43.38033018900008],[-5.777693128004527,43.37723231200006]]],[[[-5.8071653210048755,43.38722820200009],[-5.806446146004839,43.38725013000005],[-5.805518112004858,43.38703959700007],[-5.8053355750048565,43.386894146000046],[-5.80509706600487,43.38684390400007],[-5.8046972810048505,43.38691510100007],[-5.8046161870048545,43.38685028500006],[-5.8040989550048545,43.38688032600006],[-5.803679923004826,43.38697093100008],[-5.803109633004834,43.38663521500009],[-5.802737448004825,43.38656824600008],[-5.802215115004828,43.38660455900005],[-5.8019437950047985,43.38683391700007],[-5.801212057004777,43.38670499300008],[-5.801192821004821,43.386625227000046],[-5.801072681004783,43.38668109700008],[-5.800935513004801,43.38656783500007],[-5.80094157800478,43.38646004200008],[-5.8004805070048135,43.38639468300006],[-5.800534164004782,43.386139460000045],[-5.800652836004767,43.3862983110001],[-5.801024644004783,43.386141907000095],[-5.801813316004792,43.386114994000025],[-5.801757733004786,43.385891311000094],[-5.801455591004831,43.38565560800006],[-5.801714065004797,43.38555061600005],[-5.801884513004804,43.385531253000075],[-5.8019167640047975,43.38561980400005],[-5.802082102004787,43.385568579000065],[-5.801923946004787,43.38548572300007],[-5.801860062004802,43.38530376000008],[-5.801418101004818,43.385195955000036],[-5.800920386004818,43.38535199200005],[-5.800956745004797,43.38543123500007],[-5.8012032380048195,43.38545180800005],[-5.80139894400482,43.38533391900007],[-5.801442757004812,43.38552800900006],[-5.8011063800048115,43.385478021000054],[-5.801136861004823,43.385548858000064],[-5.800869074004778,43.38574472100006],[-5.800778670004786,43.385489244000055],[-5.799635846004774,43.38496643500009],[-5.798730664004766,43.38421908200009],[-5.797858536004786,43.38405148300008],[-5.796653494004735,43.3835497410001],[-5.796447424004741,43.38357311600005],[-5.7964079120047405,43.383691554000066],[-5.795584681004762,43.383663441000074],[-5.795115036004746,43.383822919000075],[-5.794767988004702,43.38426449600008],[-5.794265283004725,43.38449240300009],[-5.794154574004711,43.38461191600007],[-5.794232133004745,43.38467801600007],[-5.794171883004696,43.38482431000007],[-5.79385380500473,43.384909415000045],[-5.793699808004687,43.384785831000066],[-5.793640869004701,43.384880956000075],[-5.793794347004719,43.38504874900009],[-5.793541299004726,43.38522318300007],[-5.791780450004711,43.38524897400003],[-5.78983488400467,43.38473313900007],[-5.78940163500464,43.38432053200007],[-5.788610924004653,43.38381372700009],[-5.788577569004625,43.38329381300009],[-5.788133104004632,43.38248490200006],[-5.788126922004641,43.38220825200006],[-5.787524196004622,43.381933276000055],[-5.786862948004643,43.381846672000066],[-5.786755462004651,43.38156450000003],[-5.786535065004627,43.38136502600003],[-5.7862401940046295,43.38129554400008],[-5.785971402004641,43.38108210900005],[-5.785989270004629,43.381302268000084],[-5.7858766340046435,43.381296760000076],[-5.785652929004645,43.381018281000095],[-5.785674137004609,43.38083406000004],[-5.785480168004598,43.380819626000076],[-5.785396843004605,43.380729403000046],[-5.785659603004607,43.38059093200008],[-5.78563498400462,43.38053549900009],[-5.785126121004622,43.38053816900006],[-5.78470268700459,43.38009610900009],[-5.784535281004585,43.38025743600009],[-5.784411798004601,43.380241704000085],[-5.784581133004614,43.37977482200007],[-5.784565788004605,43.379536215000044],[-5.784434000004627,43.379350278000075],[-5.7837321430045945,43.379157870000036],[-5.782523230004609,43.379226077000055],[-5.781632523004547,43.37916167000004],[-5.780947998004541,43.37928296400004],[-5.7807908220045805,43.37944387200009],[-5.780445265004573,43.37957260600008],[-5.780429160004531,43.379694051000065],[-5.780287865004537,43.37971355700008],[-5.780308159004561,43.379560718000064],[-5.780091698004579,43.37911409600008],[-5.780304811004553,43.37906882600005],[-5.780776692004569,43.37921476300006],[-5.780639314004535,43.37879945800008],[-5.780389288004586,43.378630482000084],[-5.7799305140045405,43.37873086800005],[-5.7796981130045335,43.378701172000035],[-5.779450798004565,43.37830494300007],[-5.779543138004545,43.37808964900007],[-5.780049812004561,43.37809489200004],[-5.780389326004583,43.37802272300008],[-5.780429998004536,43.37789349800005],[-5.7802455200045415,43.377347385000085],[-5.779427574004547,43.37736706400007],[-5.779250478004528,43.37742734300008],[-5.7792247390045635,43.377566488000085],[-5.7791200930045505,43.37743040400006],[-5.778831375004512,43.37741749700008],[-5.778757054004512,43.37729422400003],[-5.778850407004524,43.37723535400007],[-5.779654710004527,43.37720608500008],[-5.780655186004543,43.376856450000055],[-5.78148306900455,43.37619267100007],[-5.781599021004597,43.37579191900006],[-5.781881468004562,43.37564441900003],[-5.782601963004566,43.375519566000044],[-5.7829756000045665,43.375133001000066],[-5.783028996004565,43.37497392800004],[-5.7834139400045865,43.37487614000004],[-5.783744516004602,43.37465908600007],[-5.784029190004605,43.37427494800007],[-5.784483830004599,43.374301095000106],[-5.784598493004632,43.37449653800009],[-5.784814419004588,43.374562825000055],[-5.7848421960046,43.374749715000064],[-5.785010233004641,43.374938913000065],[-5.786272706004652,43.37551992600005],[-5.786424789004642,43.37567122700006],[-5.787070000004656,43.37580301100008],[-5.787511168004669,43.375664770000085],[-5.787903256004632,43.37563807500005],[-5.788040837004623,43.375528780000046],[-5.788402520004677,43.37548318200005],[-5.788645342004642,43.37531837100006],[-5.789073362004663,43.37523637100004],[-5.789644825004641,43.375994772000084],[-5.789424293004679,43.376589131000074],[-5.789543982004654,43.37671584200007],[-5.7894326830046845,43.37698523400008],[-5.789534737004653,43.37739984200007],[-5.789762242004652,43.37772363600004],[-5.789974384004664,43.377852571000076],[-5.790055929004668,43.378084211000065],[-5.79035356400465,43.37826037800006],[-5.790462413004668,43.37851635500005],[-5.790784443004678,43.37860870000004],[-5.790814370004691,43.378732956000086],[-5.791125092004688,43.37892345800004],[-5.790758992004677,43.37893997700008],[-5.789818365004688,43.379225250000054],[-5.789766107004649,43.379278073000094],[-5.789867366004669,43.37944003900005],[-5.790562020004649,43.37955958000005],[-5.790955858004689,43.37971710300008],[-5.791128261004657,43.379889685000094],[-5.791863420004708,43.38013753400004],[-5.792205988004721,43.38005681100005],[-5.792657134004714,43.38028649300003],[-5.792638968004697,43.380151747000085],[-5.792559227004716,43.38014282600006],[-5.792603875004689,43.38021542300005],[-5.792505480004678,43.380188610000076],[-5.792261819004718,43.37998786900007],[-5.792340729004676,43.37985833100004],[-5.791688386004713,43.37947672300005],[-5.791357039004668,43.37916149100005],[-5.791152634004688,43.3791727710001],[-5.791168376004705,43.379063788000074],[-5.791364100004688,43.379030889000035],[-5.792262941004679,43.37933420700007],[-5.7924397210046825,43.37932487800004],[-5.792612203004724,43.37915752400007],[-5.792578611004701,43.37943086700006],[-5.792966960004696,43.37966474900004],[-5.793003191004721,43.37988479500009],[-5.793220259004707,43.380039373000066],[-5.793426279004716,43.38001332000005],[-5.7939416190047135,43.38017152900006],[-5.795440462004713,43.38015146600004],[-5.7954065420047485,43.380227055000056],[-5.7946046920047225,43.38039943400004],[-5.794109244004735,43.38036219300007],[-5.793187613004685,43.38007745800007],[-5.793413509004705,43.380280558000045],[-5.793870017004725,43.3804343400001],[-5.793436222004726,43.380423755000045],[-5.79332053400473,43.380723323000055],[-5.793459434004701,43.380795033000055],[-5.793584083004687,43.380731431000086],[-5.793970911004739,43.38097702800008],[-5.7942059100047265,43.380891175000066],[-5.794473834004744,43.38092342700004],[-5.795038619004744,43.38083329000006],[-5.795186264004717,43.380944849000066],[-5.795551585004724,43.38099337900009],[-5.7958685250047335,43.38065064800005],[-5.796423364004757,43.38049127400008],[-5.796322078004738,43.38032929500008],[-5.79617546400472,43.380277521000046],[-5.795518643004762,43.38039157600009],[-5.795463246004722,43.380312413000084],[-5.796939613004749,43.37982310600007],[-5.797183002004743,43.37983146500005],[-5.79762250000474,43.380009629000035],[-5.797206422004734,43.37979723800006],[-5.797529574004761,43.37967645400007],[-5.800419185004794,43.37990258800008],[-5.801177819004825,43.38012174700004],[-5.801553798004787,43.38000531100006],[-5.801978458004812,43.379983295000066],[-5.804309969004864,43.38005664600009],[-5.80513164500486,43.38020191200009],[-5.80660932700485,43.380925889000046],[-5.8073448300049035,43.38166919200009],[-5.807739913004908,43.38254716500008],[-5.808288938004912,43.38440550100007],[-5.807973462004883,43.38259500100004],[-5.807505299004883,43.38157654900005],[-5.807100742004856,43.381122833000084],[-5.806469644004862,43.380647693000085],[-5.805593911004865,43.38020566200005],[-5.804403176004828,43.379965353000046],[-5.804088178004859,43.379828809000074],[-5.803744558004832,43.37983996100008],[-5.805293237004846,43.37954075900009],[-5.805560024004835,43.37965113700007],[-5.805611953004831,43.379745453000076],[-5.805409838004849,43.37985252000006],[-5.805121669004859,43.3798235720001],[-5.805190864004839,43.380014075000076],[-5.80583582800485,43.380231868000074],[-5.806026546004852,43.38010343800006],[-5.806207219004842,43.380121909000046],[-5.806354771004888,43.38044328000007],[-5.806627172004854,43.38042317700009],[-5.80705899600489,43.380758319000066],[-5.8077897370048825,43.38086423500007],[-5.809188118004902,43.38057355300003],[-5.809247110004895,43.38094807700004],[-5.80934291900491,43.38102393000005],[-5.809235819004929,43.381054122000094],[-5.809055041004912,43.38095991200004],[-5.808433024004892,43.38109851900005],[-5.808324225004918,43.38121775000009],[-5.808860912004886,43.382240330000066],[-5.809659571004894,43.382220048000086],[-5.809072706004884,43.382308663000074],[-5.808971115004909,43.382392831000075],[-5.8091036320049065,43.38324460600007],[-5.808995640004922,43.383296828000034],[-5.809209174004879,43.38416582300005],[-5.809113992004882,43.3839922110001],[-5.809071513004882,43.38410638900008],[-5.808884831004887,43.383595001000074],[-5.808877514004904,43.38364327600007],[-5.809322953004884,43.38485820700005],[-5.809091109004896,43.38503860100008],[-5.8084291600048825,43.38505228900005],[-5.808227882004861,43.384947233000055],[-5.807466185004879,43.38480242400006],[-5.807252849004874,43.38484225500009],[-5.808096995004903,43.38524433400006],[-5.808311796004875,43.38552348900005],[-5.8083689020048626,43.38513857000005],[-5.808497700004913,43.385160064000054],[-5.808611328004865,43.385348645000086],[-5.808773199004913,43.38533380100007],[-5.808764034004921,43.38547749000004],[-5.808703611004883,43.38551574700007],[-5.808636087004907,43.385396614000065],[-5.80863364400488,43.38551753500008],[-5.809034000004884,43.386478395000054],[-5.808919731004887,43.386635884000036],[-5.808382588004908,43.3868932010001],[-5.808495955004891,43.386931843000085],[-5.80836025800487,43.38719756300004],[-5.8077735070049075,43.38778056700008],[-5.807475747004879,43.38791752400005],[-5.807352007004886,43.38767168900007],[-5.807385568004895,43.387289684000066],[-5.8071653210048755,43.38722820200009]],[[-5.788336879004626,43.37970818300007],[-5.788758449004645,43.37969533600006],[-5.788923467004665,43.37959053400005],[-5.788874360004669,43.379529713000075],[-5.788836166004656,43.37949932300006],[-5.788806237004664,43.37948188900003],[-5.788801061004662,43.379479226000065],[-5.788652125004643,43.37949550000008],[-5.787732672004637,43.37980209900009],[-5.787559326004638,43.37996117300005],[-5.787756878004615,43.37997298400008],[-5.788220414004662,43.379817766000045],[-5.788336879004626,43.37970818300007]],[[-5.792847787004722,43.38024879600007],[-5.792645107004689,43.37994312300005],[-5.792416696004721,43.379878361000095],[-5.792847787004722,43.38024879600007]],[[-5.7972974540047355,43.381551053000074],[-5.79754283600474,43.38104237100004],[-5.7974694380047564,43.38097572600003],[-5.797167990004737,43.38156441600006],[-5.7972974540047355,43.381551053000074]],[[-5.797784964004767,43.38136261700005],[-5.797751753004752,43.38110827100009],[-5.797722378004755,43.381061270000046],[-5.797612823004759,43.3811497820001],[-5.797692421004773,43.38125178300005],[-5.797556560004781,43.381555927000086],[-5.797784964004767,43.38136261700005]],[[-5.798064617004779,43.38101691000005],[-5.797800737004743,43.38125127600008],[-5.79807289100476,43.38136083100006],[-5.798238951004788,43.38133847500008],[-5.798179393004756,43.38107920800008],[-5.798064617004779,43.38101691000005]],[[-5.800275836004807,43.38196154000009],[-5.799747092004794,43.382038034000075],[-5.799634964004781,43.38219924700009],[-5.7997523330047915,43.38233368000006],[-5.800293950004808,43.38213664400008],[-5.800403774004803,43.38202819500005],[-5.800275836004807,43.38196154000009]],[[-5.802597897004808,43.38587416300005],[-5.802293300004837,43.38560243000007],[-5.8020236660048266,43.385865477000046],[-5.802029473004805,43.386017255000084],[-5.802352397004797,43.386090375000045],[-5.802378238004821,43.38620477100007],[-5.802597897004808,43.38587416300005]]],[[[-5.78919154100467,43.40659325700007],[-5.789330222004624,43.40653429800006],[-5.789469596004642,43.40656737100006],[-5.7895635120046665,43.40690871500004],[-5.789312916004662,43.40692643300008],[-5.78919154100467,43.40659325700007]]],[[[-5.79265852700469,43.40901435600007],[-5.792345976004706,43.408868268000056],[-5.792204250004666,43.407928078000054],[-5.792002854004698,43.40750580300006],[-5.792161251004651,43.40733829300007],[-5.7918290170046625,43.407283841000044],[-5.791235582004671,43.40678423200007],[-5.7919571370046645,43.407033637000055],[-5.792364340004676,43.40731067700006],[-5.7923961370046975,43.40768979500008],[-5.792621963004662,43.408295396000035],[-5.79265852700469,43.40901435600007]]],[[[-5.792181459004672,43.41074026100008],[-5.792731337004694,43.41052469500006],[-5.792597689004662,43.41018556500008],[-5.792677210004695,43.41000213000008],[-5.792396470004699,43.40963161600008],[-5.792772912004708,43.40947391800007],[-5.793062025004661,43.409820088000075],[-5.793082472004716,43.41030213500007],[-5.793289039004683,43.41063145400008],[-5.793136405004662,43.41073544200004],[-5.7927817210046575,43.41073894900006],[-5.792131625004692,43.41091515400008],[-5.792084492004682,43.41084296900006],[-5.792181459004672,43.41074026100008]]],[[[-5.798619318004765,43.41271852000007],[-5.798402734004776,43.41276392900006],[-5.7982145230047495,43.41260672300008],[-5.797941961004727,43.41257490600004],[-5.797943416004744,43.41276741700006],[-5.797608224004718,43.412659858000055],[-5.797561661004762,43.41275632100009],[-5.797283875004733,43.41287997000008],[-5.796684406004716,43.41270893400008],[-5.796675381004719,43.41214424200008],[-5.796508664004706,43.411750081000044],[-5.7954461470047125,43.411059743000074],[-5.7951160110047075,43.41100838000007],[-5.7949851550047065,43.410860468000074],[-5.794466573004717,43.410963026000054],[-5.794507948004683,43.411262106000045],[-5.7943010870047,43.411220257000046],[-5.794125497004673,43.41110653300007],[-5.793976265004716,43.41068498200009],[-5.7935030510046985,43.41056448500009],[-5.79347693100467,43.41025818600009],[-5.793215011004708,43.40981221300008],[-5.793288033004692,43.40964647300008],[-5.792703531004705,43.40814442000005],[-5.7926658610046635,43.407451155000054],[-5.792472142004682,43.40717408400008],[-5.793110899004679,43.407528165000045],[-5.793311692004714,43.40783097900005],[-5.794639197004736,43.407688825000044],[-5.796223112004725,43.40775968500003],[-5.796656104004745,43.40770764400005],[-5.79714389700474,43.40779607600008],[-5.797265720004713,43.40769100100006],[-5.797526370004747,43.40768391600006],[-5.797968514004729,43.407879698000066],[-5.797729595004756,43.408070568000035],[-5.797995364004769,43.40828641600008],[-5.798023093004722,43.40846692600009],[-5.797544259004738,43.408599514000066],[-5.797330833004721,43.40878115300009],[-5.7974135340047175,43.408927549000076],[-5.797884795004753,43.40913687400009],[-5.797592807004733,43.40916880800007],[-5.797463315004745,43.409574095000046],[-5.797166085004742,43.40977745100003],[-5.796913230004753,43.40975222500005],[-5.796631674004747,43.40960079400004],[-5.7964665140047495,43.40943650900006],[-5.79633690500475,43.40910090800004],[-5.796080200004719,43.40903544200007],[-5.795982596004701,43.40929991700008],[-5.795899538004727,43.40932346700005],[-5.79563142400473,43.40879565400008],[-5.795480241004715,43.408806405000085],[-5.795316805004732,43.40911086600006],[-5.794897043004692,43.40894722800005],[-5.794776134004716,43.408968283000036],[-5.795488877004732,43.410037648000085],[-5.7963979870047515,43.41102613500005],[-5.797348485004714,43.4114444510001],[-5.798064792004728,43.41151115500004],[-5.7987094200047675,43.411475340000045],[-5.799232538004763,43.41280230200007],[-5.799102819004733,43.41282083300008],[-5.798920994004761,43.41271181700007],[-5.798879861004735,43.412825450000085],[-5.798700234004767,43.41285432200006],[-5.798619318004765,43.41271852000007]],[[-5.795366898004704,43.40823131300005],[-5.795756836004722,43.40816813000005],[-5.79575424000472,43.40801508700009],[-5.794963777004723,43.407941809000086],[-5.793698452004689,43.40812789000007],[-5.793946049004689,43.40826365300008],[-5.794480405004697,43.40834957100004],[-5.795063038004727,43.408332443000084],[-5.795307078004714,43.40845035100007],[-5.79539354900469,43.40841368900007],[-5.795366898004704,43.40823131300005]]],[[[-5.803291783004811,43.42784261000004],[-5.803343456004784,43.42644274400004],[-5.8032542490048105,43.42658509200005],[-5.803181315004806,43.42735290500009],[-5.802928769004791,43.42718192000009],[-5.802751540004814,43.42735980100008],[-5.802757534004808,43.42660912700007],[-5.802557273004773,43.427206679000065],[-5.802539985004791,43.42682840600003],[-5.802278113004776,43.42743613400007],[-5.8023386020048004,43.42683594200004],[-5.802302358004799,43.42677458900005],[-5.802208690004765,43.42675968000004],[-5.802285809004791,43.42685423200006],[-5.802101552004787,43.42691333500007],[-5.80200669900478,43.42664003500006],[-5.802054791004766,43.42643209200004],[-5.802235372004763,43.426593132000065],[-5.802326493004789,43.426575386000046],[-5.802423471004777,43.42599562500005],[-5.802472302004795,43.42333302100009],[-5.803002184004824,43.42330663700006],[-5.803027847004799,43.42432589300007],[-5.803083055004792,43.424350758000074],[-5.803227425004782,43.42406089700008],[-5.803336823004788,43.42403052500005],[-5.80342017400479,43.424749692000056],[-5.803892055004805,43.42369135200006],[-5.803819336004803,43.42328640000007],[-5.8035249450047885,43.42311454100009],[-5.803456485004823,43.42286977900007],[-5.803595184004813,43.42262991300005],[-5.803668429004825,43.42216289400007],[-5.803220512004789,43.42206197300006],[-5.8029710100048115,43.42230616700005],[-5.802874078004791,43.42230584700009],[-5.803077316004776,43.42208010600008],[-5.80272075700482,43.42104628800008],[-5.802732408004784,43.420797540000095],[-5.802845191004807,43.42064418600007],[-5.802711174004812,43.420174636000084],[-5.802760410004809,43.419685717000064],[-5.80261780400481,43.419308798000046],[-5.8024692920047976,43.41917693800009],[-5.802602777004791,43.41875597000008],[-5.802450066004791,43.418572762000075],[-5.8021701420048055,43.41844949600006],[-5.80195164500481,43.417939924000066],[-5.801913371004792,43.41761956600006],[-5.802008414004781,43.41753976300004],[-5.801871205004778,43.417488582000054],[-5.802116817004793,43.417480420000075],[-5.802044105004775,43.41705412700004],[-5.80236813500478,43.41688426900004],[-5.801965942004819,43.41643379000005],[-5.801770541004774,43.41632697700005],[-5.802456881004799,43.41632531800009],[-5.802947490004801,43.41649018800009],[-5.803028779004782,43.41659765000004],[-5.803428481004825,43.416428322000066],[-5.8038012680048325,43.41642154900008],[-5.8041760760048415,43.416532254000074],[-5.804626300004809,43.41646626800009],[-5.804814365004844,43.41576530500005],[-5.804575009004833,43.415532817000056],[-5.804991949004816,43.415070207000035],[-5.80546336900482,43.414920782000095],[-5.805984270004842,43.41512846800005],[-5.806590194004862,43.41511238300007],[-5.806719398004824,43.41488233500009],[-5.806017504004843,43.41446028400005],[-5.805930698004828,43.41421747500006],[-5.805683060004864,43.414108685000045],[-5.805656302004816,43.41378043800006],[-5.805321988004827,43.41336675700008],[-5.804665062004842,43.413482238000036],[-5.80372633300479,43.413325803000085],[-5.802497477004821,43.412885131000074],[-5.800555028004785,43.41241167300008],[-5.801116678004803,43.411686611000064],[-5.800705021004768,43.412047354000045],[-5.800665660004761,43.411955338000055],[-5.800493384004757,43.41203131000005],[-5.800455517004756,43.412221601000084],[-5.800221244004764,43.41223167500007],[-5.799790164004758,43.412593236000085],[-5.799872709004759,43.41217736100004],[-5.800384369004792,43.411830481000045],[-5.79991340800477,43.411890048000046],[-5.7998219260047525,43.412119143000055],[-5.79972495900476,43.411701713000085],[-5.7997729510047815,43.411646140000094],[-5.799905292004765,43.41176464100006],[-5.799986813004794,43.41165494600008],[-5.799625039004791,43.4115599180001],[-5.799545661004779,43.41146837800006],[-5.799622994004761,43.41103457100009],[-5.799361878004767,43.41077093300005],[-5.799260755004787,43.41038931200008],[-5.799341146004771,43.41026584300006],[-5.79921554800476,43.410183419000106],[-5.799222787004771,43.409961964000054],[-5.799097206004748,43.409743169000095],[-5.799056531004771,43.40916865700008],[-5.798948832004757,43.40892298300003],[-5.798725218004761,43.40875909300008],[-5.798702370004747,43.40858637600007],[-5.798992819004784,43.40858143100008],[-5.799545123004787,43.40872076300008],[-5.799836313004776,43.408455765000056],[-5.799907710004776,43.408632936000075],[-5.800220995004784,43.40859785300007],[-5.800238460004768,43.40881535200005],[-5.800465974004786,43.40890351200006],[-5.800782521004802,43.40866787400008],[-5.800875773004802,43.40882254900004],[-5.801262517004775,43.40898771400004],[-5.80139485700477,43.40928727600006],[-5.801645115004765,43.40933506800008],[-5.801736320004815,43.409263587000076],[-5.801894355004786,43.40930609200009],[-5.801970157004814,43.40914122500007],[-5.8022011730048035,43.40922046400005],[-5.802247579004771,43.40914635200007],[-5.802079941004775,43.4089791420001],[-5.802263090004787,43.408890389000085],[-5.802226747004809,43.408669624000034],[-5.802028220004798,43.408443976000065],[-5.80178701800481,43.4078860480001],[-5.801664425004795,43.408090362000074],[-5.8015756720047955,43.4080442310001],[-5.8015641130047655,43.40791940700008],[-5.801692396004804,43.40780230600007],[-5.801484080004803,43.407730132000054],[-5.800923269004783,43.40798781300005],[-5.800617828004756,43.40755715300003],[-5.800274928004788,43.40754893500009],[-5.80038784200479,43.40742367700007],[-5.800122403004753,43.40722591500003],[-5.800047707004797,43.40691102600007],[-5.799834083004769,43.406805798000065],[-5.799741602004744,43.406490558000044],[-5.7997198070047915,43.406186928000075],[-5.799941778004769,43.40609414700004],[-5.800157624004773,43.40623336600005],[-5.800216368004774,43.40652428600005],[-5.800560135004782,43.40681751700005],[-5.801058125004772,43.406896958000075],[-5.801035174004768,43.40695855000008],[-5.800858756004799,43.4069262990001],[-5.800898446004793,43.40700627400004],[-5.801093637004785,43.40703171200006],[-5.801790996004808,43.40685531600009],[-5.801684287004786,43.406962094000065],[-5.801865117004819,43.406971865000074],[-5.801167475004777,43.40725711900007],[-5.801157701004799,43.407389618000025],[-5.802211297004774,43.40764935700005],[-5.802279356004777,43.407901544000026],[-5.802625778004787,43.40825909000007],[-5.802536280004821,43.408346823000045],[-5.802856569004825,43.40846518300004],[-5.803055544004816,43.40843984900006],[-5.803410842004809,43.40868847000009],[-5.802949436004805,43.409043424000075],[-5.803145536004787,43.40910916400004],[-5.803141832004794,43.409208082000085],[-5.801684112004814,43.410865505000075],[-5.80150205000479,43.41101754700003],[-5.801155871004767,43.41108583200005],[-5.801230123004758,43.41140315200006],[-5.801425991004809,43.41137140000007],[-5.803148745004788,43.40947104800007],[-5.803607759004794,43.40916451000006],[-5.803724911004824,43.40890706700005],[-5.804681039004821,43.40921634900008],[-5.80560110800485,43.40927393400007],[-5.8061443440048555,43.40901380600009],[-5.805138926004808,43.408481680000094],[-5.805405995004828,43.408476246000085],[-5.805442962004858,43.408375891000055],[-5.805608117004851,43.40832758000006],[-5.805937643004828,43.4084119010001],[-5.806212645004855,43.408602818000084],[-5.806468518004872,43.408961679000086],[-5.806763953004874,43.40896855700006],[-5.808194398004873,43.41017258400009],[-5.808302178004881,43.41075588100007],[-5.808185149004857,43.410873603000034],[-5.808205798004878,43.41064628000005],[-5.808064227004847,43.41107133400005],[-5.808096963004884,43.41121765200007],[-5.8083248200048585,43.411194243000075],[-5.808195674004851,43.41168894000004],[-5.808091048004854,43.41173520800005],[-5.807754027004842,43.41158585400009],[-5.807816291004849,43.41135214300006],[-5.808006851004874,43.41116870900005],[-5.80804150800489,43.41096040000009],[-5.807919292004866,43.41081160100005],[-5.808112399004899,43.410694026000066],[-5.808157288004879,43.41053286400008],[-5.808095999004848,43.41034765400009],[-5.807946150004878,43.41027351100008],[-5.807738453004868,43.410318100000055],[-5.807606358004842,43.41048200100008],[-5.807585825004844,43.41062015600006],[-5.807727396004874,43.41073503300005],[-5.807491481004853,43.41074343300006],[-5.807539800004882,43.41107672600004],[-5.807162954004882,43.41142391000007],[-5.80710814400483,43.411614413000066],[-5.807272650004865,43.41182379500003],[-5.808117591004845,43.41215053800007],[-5.808143142004865,43.412385684000085],[-5.806921186004857,43.41194220700005],[-5.8069688370048445,43.411780946000086],[-5.806883925004866,43.41171299500009],[-5.805469362004824,43.41123232700006],[-5.8051978340048365,43.41107073700007],[-5.804748000004837,43.41097368800009],[-5.804727893004824,43.410906060000066],[-5.804972319004821,43.41083601500004],[-5.804763273004811,43.41070192700006],[-5.8044384500048345,43.41085599000007],[-5.804066638004805,43.41075977100009],[-5.803757864004841,43.410793735000034],[-5.803700744004832,43.41095421600008],[-5.804175129004798,43.41118887500006],[-5.804044599004818,43.4111788750001],[-5.803968519004832,43.41125930400006],[-5.804009677004821,43.41153267300009],[-5.804422839004798,43.41151762500006],[-5.804539371004847,43.411439626000075],[-5.804280689004808,43.41121648000008],[-5.804973371004836,43.41151799800009],[-5.804901945004803,43.41158266500004],[-5.805172162004842,43.41189326500007],[-5.805490015004859,43.41189868100004],[-5.80549758400485,43.411797055000086],[-5.805656609004813,43.41178770300009],[-5.806101133004861,43.41197229500007],[-5.806522603004859,43.41202597600006],[-5.806702714004824,43.41227552300006],[-5.807642052004859,43.41271856800007],[-5.8077974860048815,43.41276154300006],[-5.808017998004882,43.41269701800009],[-5.808124767004896,43.41298955100008],[-5.809270888004887,43.4135407300001],[-5.810198410004881,43.414164966000044],[-5.810301031004879,43.414125369000054],[-5.810158093004866,43.413836585000084],[-5.810485471004881,43.41396831900007],[-5.810787880004912,43.413931285000054],[-5.810936493004879,43.41412371300006],[-5.811358603004928,43.41432823900005],[-5.811192322004906,43.414359730000065],[-5.81121263400491,43.41442838000007],[-5.812010494004898,43.41476148000005],[-5.81222128400494,43.41496895800006],[-5.8123813780049085,43.41493837300005],[-5.8126166290049035,43.41500723400005],[-5.813566680004932,43.415483744000035],[-5.813968913004925,43.415729530000085],[-5.813915193004942,43.41580530200009],[-5.81368070600494,43.41574976400007],[-5.813721545004947,43.41581183500006],[-5.8142649950049625,43.416129267000045],[-5.814757104004962,43.41630018600007],[-5.814975383004931,43.416206293000094],[-5.81517669000493,43.416356892000074],[-5.815203771004973,43.41662877100004],[-5.814516162004953,43.416335306000065],[-5.814494576004951,43.41644651800006],[-5.814271992004921,43.41639324000006],[-5.814090978004955,43.41650131000007],[-5.813664394004926,43.416367141000094],[-5.813043526004919,43.41644203300009],[-5.812408567004943,43.41662281600004],[-5.811886341004894,43.41660367600009],[-5.811642963004895,43.417495855000034],[-5.811801676004917,43.4176585320001],[-5.812056771004921,43.41770553100011],[-5.812132740004943,43.4178376020001],[-5.81240124100494,43.41777116300006],[-5.812908408004914,43.41791753900006],[-5.813539094004943,43.41798728700009],[-5.813550258004943,43.41812285300006],[-5.813441107004937,43.41819565100009],[-5.813630905004948,43.41859008300004],[-5.8136981150049465,43.418624895000065],[-5.813786835004956,43.418481774000064],[-5.813966792004957,43.41849469500007],[-5.81415722500496,43.4192397510001],[-5.815284441004961,43.41935227400007],[-5.814725059004949,43.41956843900006],[-5.814742783004921,43.419754102000084],[-5.8155496460049685,43.41984352100009],[-5.815656936004931,43.420338448000074],[-5.815585827004953,43.42054463700004],[-5.815685405004958,43.42059348400007],[-5.815744061004981,43.4208708830001],[-5.8167414250049925,43.42085675500006],[-5.816867810004983,43.42036922900011],[-5.817060336004962,43.42024237500006],[-5.8172583860049585,43.42116625700004],[-5.817912496004993,43.42315105500007],[-5.818017592004964,43.42416910500005],[-5.817950962004972,43.42452442100008],[-5.8177958470049855,43.42460234800008],[-5.817696079005,43.42430522100007],[-5.817484264004997,43.42429031300004],[-5.817568734004987,43.424263156000066],[-5.817565934004983,43.424093982000066],[-5.817709022005002,43.42404311200006],[-5.817794016004967,43.423765710000076],[-5.817694307004981,43.42333138000004],[-5.817486701004975,43.42343651300009],[-5.817413184004999,43.42340507500008],[-5.817415113005006,43.42304307600006],[-5.8163811720049905,43.42304322800005],[-5.816138025004937,43.42315747700008],[-5.816115030004944,43.42328723300008],[-5.816262817004948,43.42339121500005],[-5.816564179004969,43.42342605400008],[-5.816373802004943,43.42350023300004],[-5.816365937004956,43.423575095000075],[-5.816022505004986,43.4235590960001],[-5.815961357004942,43.42312986600008],[-5.815728364004941,43.422986668000085],[-5.815665295004977,43.42196991300007],[-5.8147982850049305,43.421865577000084],[-5.814312230004915,43.421638356000095],[-5.814116116004964,43.4216220270001],[-5.813794849004955,43.421725822000056],[-5.813543380004919,43.421418658000064],[-5.812479586004904,43.42148472600009],[-5.81229801800494,43.42158152700007],[-5.812304821004902,43.421981660000036],[-5.812409598004894,43.42204590100006],[-5.812271914004911,43.42218693800004],[-5.812221101004937,43.42254669100004],[-5.810980943004893,43.42260404100007],[-5.810957016004918,43.423352000000094],[-5.811056595004913,43.42347681000009],[-5.810831645004893,43.42381282900006],[-5.810857081004879,43.425163762000075],[-5.810749111004889,43.42552207900009],[-5.8106067590048776,43.42539554400004],[-5.810523769004865,43.42564639600006],[-5.81029288800487,43.42495932700008],[-5.806999618004858,43.42503317300005],[-5.806709696004818,43.42488598900008],[-5.807071912004864,43.42598561400008],[-5.8063242700048345,43.42449885800006],[-5.805873248004836,43.422823312000055],[-5.805881429004834,43.42348136400006],[-5.8059875970048385,43.423779209000045],[-5.805796374004833,43.42383208400004],[-5.805917002004825,43.424116183000095],[-5.8059042980048545,43.42464259900006],[-5.80608593900484,43.425356722000075],[-5.806614116004824,43.42647955300006],[-5.806152167004819,43.42602491700006],[-5.80590525500485,43.426069335000086],[-5.805869923004811,43.42623517400006],[-5.805664271004831,43.42618917100005],[-5.805328396004809,43.426288159000094],[-5.805121879004826,43.42625497000007],[-5.8050722680048175,43.4263294770001],[-5.804706712004793,43.426281770000074],[-5.804532960004822,43.42656135900006],[-5.8044404800047875,43.4265578800001],[-5.804329684004842,43.426685128000045],[-5.804386345004816,43.42722999500008],[-5.804005729004781,43.42745151000004],[-5.803764818004786,43.427829158000065],[-5.803344624004825,43.42747693100008],[-5.803602175004832,43.42781917700007],[-5.8035494290047795,43.42789941600007],[-5.803291783004811,43.42784261000004]],[[-5.8002734100047535,43.4094115600001],[-5.800333682004796,43.40926364800004],[-5.800182263004775,43.408996401000095],[-5.799949458004776,43.40890068500006],[-5.799747865004789,43.408924669000065],[-5.799598819004739,43.40926724300006],[-5.799712089004783,43.40943634700006],[-5.800053643004775,43.409499409000055],[-5.8002734100047535,43.4094115600001]],[[-5.8009097700048065,43.40944552800006],[-5.800681039004753,43.40945520200008],[-5.800406858004796,43.409335420000055],[-5.800311372004775,43.40942869100008],[-5.801499676004772,43.40980040100005],[-5.8009097700048065,43.40944552800006]],[[-5.80448718100483,43.40984509700009],[-5.8042249610048025,43.409575900000064],[-5.804055680004844,43.40959069100008],[-5.803821248004828,43.409139146000044],[-5.803693558004828,43.409144402000045],[-5.803633078004824,43.40943293400006],[-5.803365578004815,43.40986182700006],[-5.80387463400482,43.40994655700008],[-5.80397459400482,43.40981770300006],[-5.804058846004843,43.40995943600007],[-5.8043038650048215,43.410009290000076],[-5.80448718100483,43.40984509700009]],[[-5.805705888004856,43.421783624000064],[-5.805903216004817,43.42000782000008],[-5.80643248700483,43.41779129200007],[-5.806299994004862,43.41792370200007],[-5.806017055004814,43.41800086000008],[-5.80563177500482,43.41824454100005],[-5.805436497004838,43.41857723500007],[-5.80536880600481,43.41956684600007],[-5.80502841100484,43.42005264400007],[-5.805026997004843,43.420543342000045],[-5.805358449004802,43.42101979400009],[-5.805297379004842,43.421097005000036],[-5.804969138004805,43.42104190600005],[-5.805410935004819,43.42121406900004],[-5.805235161004802,43.42121617400007],[-5.805261890004815,43.42153420100006],[-5.805386590004833,43.42168181000008],[-5.805705888004856,43.421783624000064]],[[-5.805335553004846,43.40985149000005],[-5.804483999004829,43.40967508900009],[-5.804658961004848,43.40986761400007],[-5.804638359004841,43.41012321000007],[-5.805021925004828,43.41011469000008],[-5.805306249004838,43.40994641800007],[-5.805335553004846,43.40985149000005]],[[-5.80654416000482,43.42435287000008],[-5.806808625004866,43.424380646000046],[-5.8068796340048205,43.42461308500004],[-5.807012926004866,43.42461738000006],[-5.80704839300484,43.42483126200006],[-5.8072034660048715,43.424902454000076],[-5.808394183004873,43.42488452800007],[-5.808464601004881,43.42434628800006],[-5.8087108570048525,43.42414113800005],[-5.809034436004853,43.42462107700005],[-5.809560212004878,43.424630543000056],[-5.809606038004897,43.42472632200004],[-5.809655214004902,43.42462494900009],[-5.809989973004903,43.424527560000065],[-5.810158776004913,43.424812093000085],[-5.810151910004879,43.42422364500005],[-5.810289590004904,43.42392178000008],[-5.810109610004859,43.42385740300005],[-5.809841619004869,43.42387539600005],[-5.809544974004876,43.42356118200009],[-5.808312474004845,43.423532607000034],[-5.808194393004861,43.42315912600004],[-5.807992649004878,43.42299643000009],[-5.806317903004866,43.422719583000074],[-5.806187769004848,43.42275332200007],[-5.806271663004848,43.423416312000036],[-5.80654416000482,43.42435287000008]],[[-5.806220409004821,43.42074348600005],[-5.808553390004845,43.42070593700005],[-5.8088950530048775,43.42055555400004],[-5.8088512120049,43.41976706400006],[-5.808242613004861,43.419640390000055],[-5.808628457004859,43.41951998900006],[-5.808311225004868,43.419095513000066],[-5.80817868200486,43.41904232200007],[-5.808439005004885,43.41895284600003],[-5.808633542004857,43.418529433000074],[-5.808359189004845,43.4184369220001],[-5.808243571004849,43.41830748800005],[-5.808287674004842,43.41788820400008],[-5.808186933004858,43.417464056000036],[-5.8070154950048725,43.41750140400007],[-5.806674884004854,43.41826793100008],[-5.806332713004851,43.41952801700008],[-5.806179652004855,43.42067829300006],[-5.806220409004821,43.42074348600005]],[[-5.815964853004977,43.42240516200008],[-5.815978874004947,43.42200081000004],[-5.815811138004963,43.42195515500005],[-5.815758670004984,43.422217837000076],[-5.815964853004977,43.42240516200008]]],[[[-5.798697204004754,43.40795318100005],[-5.799053151004761,43.40785667600006],[-5.799162005004781,43.40773881600007],[-5.800053811004762,43.40766741000005],[-5.799466839004747,43.40791992500005],[-5.798697204004754,43.40795318100005]]],[[[-5.800075528004795,43.418477874000104],[-5.800394667004796,43.41837691600007],[-5.800551451004751,43.418218586000094],[-5.800129440004794,43.417978906000045],[-5.799516537004739,43.417800086000064],[-5.799499865004781,43.41760361800006],[-5.799896338004753,43.41730408500008],[-5.800605494004789,43.41706191700009],[-5.801043537004767,43.417730352000056],[-5.801484502004768,43.41802661700008],[-5.801371686004756,43.41874755500005],[-5.800993564004778,43.41887371500009],[-5.800884951004767,43.41904498700007],[-5.800438237004797,43.41936567900008],[-5.80037158700479,43.41903471700005],[-5.800180426004755,43.41890274900005],[-5.800213604004781,43.41876268300008],[-5.799978830004742,43.41861588400009],[-5.800075528004795,43.418477874000104]]],[[[-5.79941800400477,43.412822896000094],[-5.799481226004765,43.41293623200006],[-5.799390939004786,43.41302616800005],[-5.799379365004746,43.41300694800005],[-5.79941800400477,43.412822896000094]]],[[[-5.802491144004769,43.42320857800008],[-5.802373792004809,43.42193628200006],[-5.802379861004803,43.42187116900006],[-5.802461960004799,43.42232897300005],[-5.80261885200481,43.422499406000064],[-5.802627716004802,43.42214652000007],[-5.802830704004819,43.422783726000056],[-5.802912965004809,43.42264623100006],[-5.802948798004778,43.42320330100007],[-5.802491144004769,43.42320857800008]]],[[[-5.808894456004888,43.412481281000076],[-5.808232358004858,43.412301262000035],[-5.808209430004894,43.41222360500008],[-5.808329173004866,43.41219439300006],[-5.808781048004882,43.412344444000055],[-5.808974880004865,43.41233314600005],[-5.809001990004883,43.41243558300008],[-5.810071507004916,43.4127153950001],[-5.8102123280049165,43.41281792100007],[-5.8108462730048736,43.41290966900006],[-5.810901010004902,43.412993358000065],[-5.810647285004905,43.413039023000074],[-5.8099375260048784,43.412913637000045],[-5.808894456004888,43.412481281000076]]],[[[-5.807967441004888,43.388388718000044],[-5.8080147610049115,43.388318896000065],[-5.807791816004889,43.38823024600004],[-5.807787077004869,43.387989545000046],[-5.808501044004904,43.38728298000009],[-5.808604123004891,43.38737975600006],[-5.808395710004891,43.38763587800004],[-5.8086045270048805,43.38801129200005],[-5.808534744004865,43.388223231000055],[-5.8083670830048835,43.388375969000045],[-5.807967441004888,43.388388718000044]]],[[[-5.818277226005015,43.39935382100005],[-5.817981035004991,43.39926991300008],[-5.818383971004998,43.399311175000065],[-5.818856048004988,43.39922914100004],[-5.818798450005031,43.399099451000055],[-5.8185799330050205,43.39898763500003],[-5.818687193005016,43.39872817800007],[-5.818630701005017,43.39860148500004],[-5.818758479004997,43.39840374900009],[-5.819107485005023,43.39849008700004],[-5.8193577840050414,43.39874663600006],[-5.818985516004999,43.39916220700009],[-5.8191506790050225,43.39913954500004],[-5.8194229300050395,43.398928273000095],[-5.819462656004994,43.398763573000075],[-5.819164155005017,43.39843270800004],[-5.818658302005017,43.39824024900005],[-5.818230975005,43.398283986000095],[-5.818039692005005,43.398471422000064],[-5.8177390560049815,43.39852540300007],[-5.816714199004964,43.39813592900005],[-5.81637263000496,43.398417975000044],[-5.815626211004957,43.398475804000064],[-5.815290377004954,43.39814540100009],[-5.815144459004966,43.39785575300006],[-5.8151301890049565,43.39766448700006],[-5.815216035004947,43.39762370200003],[-5.815154081004958,43.39746320500008],[-5.815249728004984,43.397449008000095],[-5.815278198004946,43.39716920900004],[-5.815506658004964,43.39719406800005],[-5.815673604004945,43.397048866000056],[-5.815638866004992,43.39683559600008],[-5.815975230004959,43.396729846000035],[-5.816235549004968,43.39685633500007],[-5.815948018004995,43.39710523700008],[-5.815982169004961,43.39716301200009],[-5.815919735004988,43.39713680800004],[-5.81602700700497,43.397328372000075],[-5.816286269004959,43.39734275800004],[-5.816497080005006,43.39746175200004],[-5.816866851004964,43.39737451300006],[-5.817532760004993,43.39699846300005],[-5.8178078110050135,43.39659045900005],[-5.81776981400502,43.39601109800005],[-5.8174784860050135,43.395656815000066],[-5.817083157004994,43.39553624900005],[-5.816984846005006,43.39507407300007],[-5.817170092005009,43.3950099350001],[-5.817177622005014,43.39484089500008],[-5.8169726940049955,43.39469352200009],[-5.816845409004975,43.39430589700005],[-5.8169541870050026,43.394315759000065],[-5.816935760005016,43.39420932400004],[-5.817068504005001,43.39406581800007],[-5.817012270005,43.393980038000066],[-5.817225363005018,43.39394097900005],[-5.817077991005001,43.39380948100007],[-5.817469195004989,43.39339596900006],[-5.818130746005005,43.393635693000085],[-5.819015920005033,43.39338660600005],[-5.819826590005009,43.393486127000095],[-5.819584290005037,43.39330679600006],[-5.819299705005003,43.39326618900006],[-5.818579237004996,43.39327660600004],[-5.818214444005031,43.393371908000084],[-5.819518743005016,43.39300597800008],[-5.819585536005049,43.392875204000084],[-5.819503762005024,43.39271310300008],[-5.819634009005042,43.39256986500006],[-5.818500979005023,43.39220108000008],[-5.8184187780050225,43.39225647000008],[-5.818412351005007,43.39208376300009],[-5.818152527004992,43.39230278800006],[-5.818411514004991,43.391971954000056],[-5.818163215005024,43.392049596000064],[-5.817303289004979,43.393106244000094],[-5.817308141004997,43.393310515000074],[-5.8169618940050105,43.39371359400009],[-5.816867345004971,43.39378239300005],[-5.816657205004989,43.393757257000075],[-5.816536704004963,43.39417683100006],[-5.815949760004991,43.39485105300003],[-5.815681746004959,43.39497968300006],[-5.8151827350049645,43.39498308000004],[-5.815056272004948,43.39505946100009],[-5.814988684004969,43.39520504400009],[-5.815105515004983,43.39534900400003],[-5.81510155400498,43.3956985550001],[-5.814878095004936,43.39605543500006],[-5.8146959020049325,43.39611617000004],[-5.8146148140049885,43.39562238100009],[-5.814757053004946,43.39542769900005],[-5.814789894004953,43.394203462000085],[-5.81544260400496,43.39364425600009],[-5.815425430004968,43.39334999800008],[-5.815561060004956,43.393229275000074],[-5.8155255660049825,43.393393133000096],[-5.815682947004993,43.39345655600006],[-5.81571196200499,43.3932570740001],[-5.815628369004988,43.39317921400004],[-5.8157776780049835,43.39296717500009],[-5.815449595004981,43.39189788700004],[-5.81524966700495,43.39156713700005],[-5.815253777004971,43.39128501100005],[-5.815113011004952,43.391262645000054],[-5.814833209004985,43.390718666000055],[-5.814352165004953,43.39045187100005],[-5.813511111004966,43.39042521900008],[-5.812462096004918,43.390612182000055],[-5.81219544400492,43.390515200000046],[-5.812210754004957,43.39039765300005],[-5.811522740004902,43.39005699300003],[-5.81133234800492,43.390048105000076],[-5.811210976004896,43.39016873800007],[-5.810944414004911,43.390244769000056],[-5.810393154004898,43.389600518000066],[-5.809967478004929,43.38931411800007],[-5.809191381004893,43.38900947700008],[-5.809024398004905,43.38864963100009],[-5.809520951004916,43.38848890400005],[-5.8115944600049545,43.38891897100008],[-5.809954097004899,43.38797830600004],[-5.809853780004922,43.38779886000005],[-5.810123566004914,43.387774370000066],[-5.810289942004898,43.387414477000064],[-5.810554881004934,43.38734695100005],[-5.810857938004934,43.38736889600006],[-5.810901170004932,43.387477134000065],[-5.811273664004912,43.38764794300005],[-5.811885369004961,43.387694795000094],[-5.8120389450049075,43.387785529000055],[-5.812442294004921,43.38775724900007],[-5.81258602500496,43.388134220000055],[-5.812394998004929,43.38808524400009],[-5.81239037000493,43.38816904200008],[-5.812486300004917,43.38827173400007],[-5.812804052004922,43.38835191300007],[-5.813130970004968,43.38829586800007],[-5.813384848004939,43.38795539100006],[-5.813363717004954,43.38822861800004],[-5.813587286004973,43.38841297800008],[-5.813831090004952,43.38823270900009],[-5.813943443004975,43.38788739300004],[-5.8138915460049825,43.38768833300004],[-5.81447564600496,43.38773980800006],[-5.814746015004984,43.38768100100006],[-5.815243031004986,43.388000457000054],[-5.815334473004973,43.38821335000008],[-5.815173234004948,43.388286178000065],[-5.815853594005001,43.388593685000046],[-5.816257419004986,43.38847266800009],[-5.818484641004999,43.39001118700004],[-5.818958125005004,43.38993776900004],[-5.818911413005033,43.389847283000066],[-5.819098747005009,43.38991288800004],[-5.81906346500501,43.38981728600006],[-5.819301805005022,43.38993433200007],[-5.819493073005006,43.39008483900007],[-5.819370898005001,43.39010965600006],[-5.81933830100503,43.39036727100007],[-5.819416864005017,43.39046943500007],[-5.819680768005028,43.39058438600007],[-5.820168394005029,43.39052799200007],[-5.820125227005028,43.39060202000008],[-5.81966157900503,43.390727707000075],[-5.819660574005027,43.391067841000066],[-5.8204297720050375,43.391641177000075],[-5.820696699005024,43.39173205000005],[-5.820900881005033,43.39162011400005],[-5.821261299005051,43.391753043000065],[-5.821665516005038,43.392033494000046],[-5.821664926005026,43.39214327800006],[-5.821460750005066,43.39214072600004],[-5.8213044570050325,43.392229675000095],[-5.82123184100502,43.392103116000044],[-5.820421661005039,43.39195570300009],[-5.819550423005025,43.391645082000046],[-5.8193158910050435,43.39168544700005],[-5.818441967005013,43.39126541200006],[-5.8180973130050075,43.390975153000085],[-5.817392446004973,43.39057942100005],[-5.816558314004998,43.390261230000085],[-5.815994223004988,43.38994577100005],[-5.8143863640049815,43.38937736400006],[-5.81371592600493,43.38923940100007],[-5.813565856004967,43.3891482110001],[-5.812937331004933,43.38908768500006],[-5.813370264004953,43.38928542700007],[-5.813137044004967,43.38924824300007],[-5.813247804004951,43.389304375000066],[-5.814270046004938,43.38957005000004],[-5.815420408004985,43.38997836400008],[-5.817907570004983,43.391235599000034],[-5.818380031005004,43.391350635000045],[-5.819262049005043,43.39176913200006],[-5.819461791005051,43.39198612000008],[-5.8203210670050325,43.39235952200005],[-5.821060788005045,43.39244893800005],[-5.821356241005026,43.39235326500007],[-5.821354578005047,43.39252759700004],[-5.820586546005042,43.39290364800007],[-5.820853576005021,43.392965441000065],[-5.820860910005052,43.39311375100006],[-5.821185561005028,43.39335265400008],[-5.821288482005036,43.39326148100004],[-5.82118654600507,43.39313658600003],[-5.820964745005059,43.393110521000054],[-5.821011745005054,43.39303237600007],[-5.822132312005054,43.39367624300009],[-5.822133024005028,43.39373704700009],[-5.82227941100506,43.39376302500008],[-5.822547258005038,43.39413844400009],[-5.822335432005036,43.39483781800004],[-5.822027535005063,43.39517196300007],[-5.8220889750050295,43.39549242500005],[-5.822229765005078,43.395566408000036],[-5.822037505005071,43.39573821100006],[-5.822242273005076,43.39591279000008],[-5.822157293005077,43.39634746700007],[-5.821958036005054,43.39651413700007],[-5.821931917005071,43.39668931900008],[-5.821482668005023,43.397252238000085],[-5.821331446005021,43.397344249000085],[-5.8210611360050555,43.39732128900006],[-5.82117233500506,43.39753352500004],[-5.82110039700504,43.39779913300005],[-5.8208472420050414,43.39776656900007],[-5.8208359310050595,43.39806944800006],[-5.82059385500505,43.39808504300005],[-5.8190671120050315,43.399299035000084],[-5.818277226005015,43.39935382100005]],[[-5.818352427005035,43.39406432800008],[-5.81809877900502,43.39406635000007],[-5.818104886005009,43.394123489000044],[-5.8178062080050275,43.39406935800008],[-5.818032623005015,43.39422842400008],[-5.8182354220049834,43.39424958100007],[-5.818376536005015,43.394177264000085],[-5.818352427005035,43.39406432800008]],[[-5.818965597004994,43.39444871100006],[-5.818632254005024,43.39426177700006],[-5.81857315100501,43.39407228500006],[-5.818436280005014,43.39408236900007],[-5.818447387004992,43.39432710400009],[-5.81897923200501,43.39460098400009],[-5.818965597004994,43.39444871100006]],[[-5.819080117005009,43.39000834900005],[-5.8187929870050015,43.390130435000074],[-5.818764385005015,43.39033852100006],[-5.818849044004996,43.39039530300007],[-5.818997111004996,43.39033127100004],[-5.819276901005036,43.390465057000036],[-5.819304207005027,43.39018375700003],[-5.819080117005009,43.39000834900005]],[[-5.8197490490050106,43.394677871000084],[-5.81974490400502,43.39421401300008],[-5.819882910005009,43.39420906900007],[-5.8198093550050345,43.39406898000006],[-5.819294200005012,43.39405189600007],[-5.819127268004997,43.39411059700008],[-5.819337853005048,43.39441662900005],[-5.819467084005009,43.39443815700004],[-5.819449179005013,43.39471834000007],[-5.819588897005031,43.39482164400007],[-5.8197490490050106,43.394677871000084]],[[-5.82042347200504,43.39378271100004],[-5.819999779005021,43.39338255100007],[-5.819689959005032,43.393330350000056],[-5.820318237005061,43.39387263300007],[-5.820599731005041,43.39552915100007],[-5.820689973005042,43.39498552600005],[-5.82042347200504,43.39378271100004]],[[-5.820000235005027,43.394181588000045],[-5.819873731005048,43.39430661500008],[-5.819858428005049,43.39455878800007],[-5.819976597005011,43.394679160000074],[-5.819991105005004,43.39521669200009],[-5.820108962005026,43.395495411000084],[-5.820000235005027,43.394181588000045]]],[[[-5.809084892004875,43.38671174300004],[-5.80931784400491,43.38703477600007],[-5.8093604140049155,43.38733290600006],[-5.809109148004893,43.38718728500006],[-5.808972805004883,43.38683859600009],[-5.809084892004875,43.38671174300004]]],[[[-5.810962211004897,43.41373593600011],[-5.81077667500489,43.41353448200006],[-5.810884312004878,43.41362548300004],[-5.811046897004876,43.413559497000065],[-5.810962211004897,43.41373593600011]]],[[[-5.815020685004978,43.41563073700008],[-5.813186132004918,43.41467749000005],[-5.813059910004911,43.41457180100009],[-5.813074838004954,43.41446010300008],[-5.81282800100493,43.41446386500009],[-5.811789083004912,43.413781522000086],[-5.811422697004911,43.41316106700004],[-5.811663476004938,43.41320710500004],[-5.812186665004922,43.41365029200007],[-5.812157018004902,43.413789477000094],[-5.812535439004901,43.4140365750001],[-5.812539465004897,43.41383932100008],[-5.812709676004911,43.41380052000006],[-5.813381587004961,43.41395076100008],[-5.813626438004955,43.41417398900007],[-5.814034674004958,43.41415654600008],[-5.814582946004967,43.413650092000076],[-5.8152406130049625,43.41348577300006],[-5.815441153004944,43.413614969000044],[-5.816210180004944,43.41372630900005],[-5.816649466004965,43.413873173000084],[-5.817226328004976,43.414339405000106],[-5.817225910004961,43.41449997200005],[-5.817094631005001,43.414596617000036],[-5.816906987004948,43.41440487400009],[-5.816409177004986,43.414479094000065],[-5.816534221004946,43.41454934700007],[-5.816551791004956,43.414803261000046],[-5.8165012140049885,43.41500145500004],[-5.816373655004966,43.415036946000065],[-5.8162110150049795,43.41536097600005],[-5.816384106004946,43.41549667000006],[-5.816447121004971,43.415688847000084],[-5.816238860004956,43.4159831950001],[-5.815020685004978,43.41563073700008]]],[[[-5.817633531004989,43.414399507000056],[-5.817246063004999,43.414047683000064],[-5.816839801004981,43.41387301400005],[-5.815873148004991,43.413064110000064],[-5.8162658870049455,43.41278180800005],[-5.816359346004975,43.412813874000065],[-5.816496284004943,43.41259953900005],[-5.816704572004959,43.41249928300006],[-5.817562640004983,43.41251386100006],[-5.817674981004959,43.41297179300006],[-5.817947606005,43.412875146000054],[-5.818030148004973,43.412626690000046],[-5.818154088005014,43.41285051500008],[-5.818339229004988,43.412879555000096],[-5.818365035004985,43.41343144100008],[-5.818604505004985,43.41359034200009],[-5.81859271700499,43.41373053300005],[-5.818302186004968,43.413812007000054],[-5.818144255004976,43.41425223800009],[-5.817633531004989,43.414399507000056]]],[[[-5.827019451005106,43.41648907000009],[-5.82662073800512,43.41651355800009],[-5.825906496005097,43.416367181000076],[-5.82573111700511,43.41626970100005],[-5.825165128005108,43.41619273300007],[-5.8242726920050805,43.416179074000084],[-5.824171278005052,43.4163275540001],[-5.823664600005081,43.4160262440001],[-5.823152775005027,43.41597633800007],[-5.822408647005065,43.41630125100006],[-5.822117245005046,43.416318987000075],[-5.822007787005049,43.41623168100008],[-5.821754343005036,43.41622280600009],[-5.821210009005045,43.41625880700009],[-5.82096873900504,43.41637659400006],[-5.8207814550050445,43.41624052200009],[-5.820881420005051,43.41599377000007],[-5.820781443005002,43.415666536000074],[-5.820962523005009,43.415508796000054],[-5.820585297005051,43.41525200400011],[-5.8206366720050475,43.41483210100007],[-5.820549940005047,43.41468491000007],[-5.820324884005011,43.414639940000036],[-5.819806423004991,43.41486221100008],[-5.819552993005002,43.415377149000065],[-5.819394396005005,43.41529387100008],[-5.819021248005006,43.41462184700005],[-5.81895782100502,43.41374500600007],[-5.819289747005025,43.41363430700006],[-5.819387257005015,43.41310926900009],[-5.819495445005031,43.41298686900007],[-5.820476474005045,43.41309310000004],[-5.821605904005049,43.412976176000036],[-5.824734790005103,43.41196478200006],[-5.82570866000511,43.411838373000094],[-5.825961930005088,43.411660454000085],[-5.825764196005101,43.41145705600008],[-5.825264854005087,43.41121740300011],[-5.8248688800050665,43.41082200600007],[-5.824731114005099,43.410540346000076],[-5.824459691005081,43.409474306000064],[-5.824504054005054,43.40921599900004],[-5.824695418005102,43.40906168100003],[-5.82465730200506,43.408710660000075],[-5.824794908005073,43.40849493300006],[-5.824665547005062,43.40798661100008],[-5.824813973005076,43.40788475600006],[-5.824640972005065,43.407676931000026],[-5.824801304005077,43.40768489400007],[-5.826007698005098,43.40820845800007],[-5.826315531005125,43.40812908600005],[-5.826842569005105,43.408192433000096],[-5.826916187005092,43.40831279200009],[-5.827232829005126,43.408399455000065],[-5.827183163005129,43.40848461600007],[-5.8270201360050855,43.40849195400006],[-5.827044059005102,43.408561752000054],[-5.827531864005142,43.408458789000086],[-5.828142228005103,43.40909033000004],[-5.828771729005102,43.409593225000044],[-5.82946564300512,43.41075724000007],[-5.829661090005132,43.411803817000084],[-5.8299792170051505,43.41223247100005],[-5.8299236490051545,43.41267620300005],[-5.829664086005167,43.41332259900004],[-5.8293955650051545,43.413367212000054],[-5.828187394005109,43.41304481100009],[-5.82685656300513,43.412904341000065],[-5.82577300500511,43.41301928700006],[-5.824443002005073,43.41366072200006],[-5.8243622930050964,43.41376004300003],[-5.824463777005068,43.41392400200006],[-5.825188341005073,43.41415290300009],[-5.825409075005056,43.41409297200006],[-5.825639793005071,43.41413033600004],[-5.825750045005085,43.41423615400005],[-5.826171559005072,43.414311082000054],[-5.826548329005081,43.41446047500008],[-5.826598748005126,43.41455768100009],[-5.827254660005092,43.414705262000055],[-5.827480921005117,43.414880901000075],[-5.828092555005121,43.415071677000086],[-5.828916807005103,43.41508296700006],[-5.8297578020051475,43.41492510400009],[-5.830662605005129,43.414332213000094],[-5.830838663005153,43.4138641050001],[-5.831423386005135,43.41380057600004],[-5.8317189460051795,43.41363549800008],[-5.8323264080051915,43.41269076600004],[-5.832926165005176,43.412480200000076],[-5.833155838005158,43.41207173600005],[-5.833312728005189,43.41089363200008],[-5.833596031005196,43.41062493100005],[-5.833586451005213,43.41045571400009],[-5.834139619005174,43.41024474400008],[-5.834516678005195,43.409941422000045],[-5.834683323005232,43.40962258100007],[-5.834889576005223,43.409585645000064],[-5.835427322005193,43.40992624100006],[-5.835970248005237,43.409994360000056],[-5.835953279005237,43.41018702500004],[-5.835759523005247,43.41045078200006],[-5.835392906005246,43.41047772900005],[-5.835089381005191,43.410834638000054],[-5.834415557005192,43.41193356800006],[-5.834029863005199,43.41237422300005],[-5.834129429005218,43.41248634500006],[-5.834080250005187,43.41261008000004],[-5.833674640005209,43.41308085500005],[-5.833392495005177,43.413271258000094],[-5.833204844005197,43.41365896200008],[-5.832511994005181,43.41407070200008],[-5.832439428005151,43.414218485000056],[-5.832555753005175,43.41436679900006],[-5.8325392330052,43.41453019400008],[-5.832128787005149,43.41460542700005],[-5.83129009900515,43.41525492900008],[-5.830648649005154,43.41548166500008],[-5.830296669005143,43.41576498100007],[-5.829615406005143,43.41587534700007],[-5.829488980005133,43.416050528000035],[-5.8292684660051535,43.416032974000096],[-5.828796909005121,43.416322932000085],[-5.827528369005092,43.41662403800009],[-5.827019451005106,43.41648907000009]]],[[[-5.8210486420050245,43.39800884500008],[-5.821064524005037,43.39809768200009],[-5.820821739005022,43.39823962300007],[-5.820844298005024,43.398155240000065],[-5.8210486420050245,43.39800884500008]]],[[[-5.821037636005057,43.400852697000076],[-5.821378247005015,43.40135196200005],[-5.821225228005033,43.40197430700007],[-5.821056944005047,43.40135600800006],[-5.821037636005057,43.400852697000076]]],[[[-5.821161549005041,43.39813742100008],[-5.821397173005071,43.39838545600004],[-5.821169062005055,43.39852591200004],[-5.820919753005026,43.39832055900008],[-5.821161549005041,43.39813742100008]]],[[[-5.821216384005056,43.39863530000009],[-5.821580907005035,43.39839592000004],[-5.821692819005057,43.39844660700004],[-5.821529391005048,43.39850765100006],[-5.821258388005022,43.39879812000005],[-5.821216384005056,43.39863530000009]]],[[[-5.821561713005029,43.39874870000008],[-5.8215248540050535,43.39886782500003],[-5.821259474005019,43.399052388000044],[-5.821286256005039,43.398972474000075],[-5.821561713005029,43.39874870000008]]],[[[-5.826265526005075,43.407870803000044],[-5.825906711005102,43.40758311100007],[-5.825074592005096,43.40725905100005],[-5.824471630005072,43.406853667000085],[-5.824212518005089,43.406578891000045],[-5.823722413005044,43.405710161000066],[-5.8234775350050505,43.40499619000009],[-5.823545380005044,43.40273303800008],[-5.82336885300509,43.40224900100004],[-5.823083879005075,43.402285288000044],[-5.82256645600505,43.40199468400005],[-5.8219169240050315,43.40218735800006],[-5.821682908005048,43.40238151700005],[-5.821513810005032,43.40234157700009],[-5.821732237005027,43.401927606000086],[-5.821776918005049,43.401584132000046],[-5.821644633005041,43.40110312300005],[-5.821396603005016,43.400667656000074],[-5.821958636005072,43.40052276200005],[-5.821470311005019,43.39999166200007],[-5.821361133005015,43.39971365200008],[-5.821305325005058,43.39919703900007],[-5.821580177005022,43.398978522000064],[-5.821723956005066,43.39982656700006],[-5.823155832005053,43.40108617400008],[-5.823527877005063,43.40152425600009],[-5.823795464005062,43.40202841300007],[-5.823997959005061,43.402749685000074],[-5.824004287005099,43.40502959300007],[-5.824545665005086,43.4062241390001],[-5.824840792005103,43.406587003000055],[-5.825260765005074,43.406892028000094],[-5.826419601005091,43.40741774500004],[-5.826768131005092,43.40738713300006],[-5.827145115005109,43.40795859400006],[-5.826911380005109,43.40804687700007],[-5.826876889005101,43.40813903600009],[-5.826667400005114,43.4081322960001],[-5.826312647005099,43.40806487500006],[-5.826265526005075,43.407870803000044]]],[[[-5.837059408005244,43.41056761100005],[-5.835995975005216,43.410378305000066],[-5.83610534900525,43.41002111700005],[-5.836816377005215,43.40988336400006],[-5.837136512005259,43.409715371000075],[-5.837687195005238,43.40968070200007],[-5.837816893005263,43.40927409200005],[-5.838099538005237,43.409390228000085],[-5.839084549005262,43.409298532000044],[-5.839379142005242,43.41009315300006],[-5.838352636005268,43.41029604600004],[-5.838038300005234,43.410468935000054],[-5.837394962005252,43.41047917800009],[-5.837059408005244,43.41056761100005]]]]}}]}