{"type":"FeatureCollection","features":[{"type":"Feature","properties":{"db":50},"geometry":{"type":"MultiPolygon","coordinates":[[[[-5.801634064836417,43.32091188421604],[-5.801653051020851,43.320959716823786],[-5.8015893493922945,43.32096127837307],[-5.801634064836417,43.32091188421604]]],[[[-5.796496981910257,43.32183629881844],[-5.796503988213522,43.32198893235145],[-5.796294316179082,43.32190130846958],[-5.79637530590574,43.32187219530409],[-5.796496981910257,43.32183629881844]]],[[[-5.77307396053651,43.32473212741809],[-5.773211416798793,43.32480476657288],[-5.772839443026995,43.32481379179836],[-5.772952685928288,43.32477727410152],[-5.77307396053651,43.32473212741809]]],[[[-5.775147088938905,43.3247577816552],[-5.77508847612836,43.324669165391946],[-5.775162527856459,43.324555701262696],[-5.775287463974634,43.3245909703108],[-5.775897701005699,43.32445030400804],[-5.776107002972296,43.324554390390276],[-5.775147088938905,43.3247577816552]]],[[[-5.787124895827583,43.32454318500814],[-5.787128456558921,43.32462101017731],[-5.787005479538554,43.324628711867454],[-5.786952979748965,43.32456054379379],[-5.787124895827583,43.32454318500814]]],[[[-5.782876163148683,43.32483996346482],[-5.782943026298632,43.32479107097092],[-5.783140484377372,43.32483352709595],[-5.782952385289317,43.324995931284306],[-5.782876163148683,43.32483996346482]]],[[[-5.783083454971199,43.3251653335235],[-5.78296174692591,43.32520084735112],[-5.782919125541085,43.32519907505049],[-5.783083454971199,43.3251653335235]]],[[[-5.770277317791174,43.328322241971186],[-5.770275117594594,43.32827386668737],[-5.770314961635145,43.328296511038246],[-5.770277317791174,43.328322241971186]]],[[[-5.783794362966229,43.33103031982526],[-5.784090262252258,43.331003114266245],[-5.784217950564535,43.33109817986844],[-5.784638518818483,43.331099794323876],[-5.783972765571207,43.331130996097514],[-5.783794362966229,43.33103031982526]]],[[[-5.7836078837703955,43.33166513730503],[-5.783625331499184,43.33162532283349],[-5.783630225077232,43.331732387376945],[-5.7836078837703955,43.33166513730503]]],[[[-5.783024848970785,43.33198060972861],[-5.783021226434984,43.331901337265535],[-5.783073749568464,43.331948263525234],[-5.783024848970785,43.33198060972861]]],[[[-5.780856478838576,43.33311564068425],[-5.780868069427026,43.33336946497154],[-5.780386280735154,43.33309414782721],[-5.780483739142589,43.33305651021268],[-5.780611067544298,43.333143718247115],[-5.780856478838576,43.33311564068425]]],[[[-5.775712540886114,43.333919120521244],[-5.775591009837074,43.333958991821625],[-5.775572209489715,43.33393147768067],[-5.775587681702805,43.33388597150045],[-5.775712540886114,43.333919120521244]]],[[[-5.775862355109532,43.333924430889404],[-5.775955678214394,43.33384103873241],[-5.7760456820901585,43.33391997803118],[-5.775961520029392,43.33396919300791],[-5.775862355109532,43.333924430889404]]],[[[-5.782058552640324,43.324327626853666],[-5.781844145641714,43.32450493006578],[-5.781854464132651,43.32477479721455],[-5.782217069060479,43.325098065804575],[-5.782461839270135,43.32505667643119],[-5.782700596324207,43.32488366023917],[-5.782784847833331,43.324932226328976],[-5.782674890648357,43.32502494300685],[-5.782720888702602,43.32529394132763],[-5.782494952050668,43.325479521068715],[-5.782421001588624,43.32566140029137],[-5.7826270214512485,43.32597287121047],[-5.78311960059154,43.32595646796118],[-5.783850134719609,43.32574950315681],[-5.784311443969327,43.32552532155539],[-5.784463886168174,43.32525148941312],[-5.785289251658586,43.32485581347319],[-5.7855677632612155,43.32486443229792],[-5.78532503481163,43.325050426887934],[-5.785236437038946,43.32523266488538],[-5.785683811529014,43.325393104642664],[-5.785935401372419,43.32521562891363],[-5.7859151520945336,43.32505809614409],[-5.78640196580022,43.32491583254078],[-5.786473274392139,43.32475231928219],[-5.787540552540547,43.32463625366244],[-5.7875934736705865,43.324454884069496],[-5.787480110693376,43.324367609605645],[-5.7879788003691885,43.32433779608773],[-5.788105468986139,43.32441076774347],[-5.788304251965199,43.32434750605258],[-5.788078337132933,43.324262978049795],[-5.78821742609907,43.32416231441873],[-5.7883488580863665,43.32433935419917],[-5.788710164211309,43.32414973958788],[-5.788931362756663,43.32469236236029],[-5.78948283440638,43.32486384288938],[-5.789687221446222,43.32476395444696],[-5.789720418115734,43.32466565938554],[-5.7897296957973285,43.3248682466663],[-5.790586863894314,43.324734194941776],[-5.790839256563191,43.32464578911667],[-5.791065613692864,43.32441622811747],[-5.79119353246901,43.324516400017394],[-5.791563530560578,43.32451663277862],[-5.791715795504778,43.32444430260995],[-5.791799542649308,43.324284333207125],[-5.791980659855095,43.3243477931096],[-5.791963006719695,43.32443826375174],[-5.792054998391048,43.32447629737129],[-5.792400470847809,43.32394150023571],[-5.792525106269074,43.32397002188388],[-5.793031807232274,43.323781873269056],[-5.793612749767049,43.323483552505415],[-5.794425389724183,43.32347768973424],[-5.7944884426218115,43.323386108646645],[-5.794387249537435,43.32311846469879],[-5.794569146575825,43.32282479348326],[-5.79542696747388,43.32270582784081],[-5.7962519657878415,43.32244258103934],[-5.79683420635053,43.32215821597566],[-5.7976151569185035,43.322016215531455],[-5.798449454402618,43.321385522074074],[-5.7993627154546115,43.3211959173963],[-5.799382740447256,43.32110538751066],[-5.799544141094925,43.321054348865765],[-5.799671452809322,43.32114116790945],[-5.80004364573811,43.32118960579324],[-5.8005275099353,43.32098456713168],[-5.8011234832747895,43.32106273668814],[-5.8010574604990355,43.3211543942205],[-5.801160627091404,43.3213435982839],[-5.8012018253223125,43.32124089534406],[-5.801643465010741,43.32111629890818],[-5.80187208884627,43.32095434717075],[-5.802111221211045,43.320561165583584],[-5.802476136201065,43.32045141990158],[-5.802700949455321,43.31997691165024],[-5.803523567119981,43.319833375436765],[-5.8035906629046785,43.31965165075946],[-5.803907527986552,43.31939848042797],[-5.804632430556016,43.31907241507463],[-5.805245565939073,43.318890727699696],[-5.806409872918708,43.318141828485125],[-5.806808782709879,43.31813092044211],[-5.807291566622768,43.317903449970544],[-5.80767136065216,43.31811714622969],[-5.8079106979689294,43.31795885304025],[-5.808036345906806,43.318009458286426],[-5.808397521576864,43.31781914629803],[-5.808643734714457,43.31781008318575],[-5.808852241259152,43.31772167162997],[-5.808881113072388,43.317609376228575],[-5.809371431152006,43.31754556820418],[-5.809499260080882,43.31725557122521],[-5.809443137681542,43.31707687203318],[-5.809510559493021,43.31688979779142],[-5.810578174143708,43.31697310599355],[-5.810753397112418,43.31685923904451],[-5.81782219687058,43.316685174798465],[-5.8171211086016426,43.31713117304018],[-5.815904043408338,43.31747900784091],[-5.815533849878694,43.317473611205884],[-5.814554520805303,43.31762923462545],[-5.814018186058933,43.31750455341077],[-5.814049061074832,43.31736508394372],[-5.8146310407150095,43.31730938332903],[-5.8145386436613355,43.317285515852284],[-5.814046424467356,43.317307994567905],[-5.813523131269719,43.31742670218499],[-5.813444432797006,43.317623762060585],[-5.812951446993342,43.317629703893914],[-5.812701268636281,43.31755283855619],[-5.812597752974405,43.31762955781454],[-5.812674115482687,43.31780775729983],[-5.812593562236655,43.3178909741297],[-5.8123450748148064,43.31785075744905],[-5.811870065590394,43.31824627493092],[-5.811375835141266,43.3183799371392],[-5.810739327156822,43.31893582898618],[-5.810429898984346,43.31910541835906],[-5.809944365157749,43.319273208746374],[-5.809936468310234,43.319101982340904],[-5.8094517003052815,43.31928640999163],[-5.809287524384348,43.31942172125846],[-5.809493959985155,43.319506686131675],[-5.809220892951931,43.31962972481898],[-5.808848982297151,43.31958735606362],[-5.808483555156414,43.319685628544285],[-5.808100039942067,43.319901101042916],[-5.8083509068021195,43.31998497628443],[-5.808014107204337,43.32020265363307],[-5.807780704407701,43.32017906485814],[-5.8076386386805146,43.32008313798742],[-5.807394857723441,43.32014518680982],[-5.807210152307577,43.320463198548524],[-5.806681157767383,43.320714375472825],[-5.805002277876549,43.32186799856272],[-5.804202383057046,43.32287806067824],[-5.8037770427067805,43.32324865354038],[-5.803606377310619,43.32357351720998],[-5.802892149600043,43.3241328474858],[-5.801573269570435,43.32495326799268],[-5.800860056719088,43.32553541625916],[-5.799171847847468,43.32637164856756],[-5.794295149927538,43.327605826038614],[-5.793561747866491,43.32774995511582],[-5.7929448357266455,43.32774485852649],[-5.792704448943152,43.32788192732341],[-5.792091808477678,43.327970045728655],[-5.79185181993304,43.328115863833006],[-5.791476617427002,43.328002550015206],[-5.790995474739624,43.328268843918565],[-5.790376398091368,43.3282166119975],[-5.7895298111556475,43.32858277392976],[-5.789281432045271,43.328545557752065],[-5.78756775964178,43.32883070504195],[-5.785616927012824,43.32932428863556],[-5.785000597345817,43.329332270783674],[-5.784994620550772,43.32938036959176],[-5.786112122811633,43.3293645145039],[-5.787360136244143,43.32968404949827],[-5.787601158811488,43.32956045621994],[-5.787968734823114,43.3295071042743],[-5.788455065652952,43.32956611043368],[-5.7890757905645875,43.329441640011666],[-5.789313026406794,43.32923545780905],[-5.790038928870825,43.32892700027038],[-5.790531744024301,43.3289152745583],[-5.791751192492996,43.328611316164704],[-5.792353169401498,43.32829044730086],[-5.792478099068864,43.32832519068909],[-5.792966820096801,43.32822429851001],[-5.793958242117867,43.3283273877685],[-5.794160903982958,43.32843632123107],[-5.794095647538418,43.32863406821852],[-5.792616263295481,43.32864858371227],[-5.791649545740054,43.329084560764926],[-5.790791467939488,43.32920003435921],[-5.789815542847145,43.329435470833396],[-5.789215928988001,43.32980847437294],[-5.788606626376663,43.32997002778375],[-5.788236669759844,43.32997142684046],[-5.787986043501812,43.32988522816113],[-5.7873788581937236,43.33009313415533],[-5.787007521913614,43.33006440059691],[-5.786252964991886,43.32974712740944],[-5.7850210124729315,43.329778735893726],[-5.785048661986424,43.33038339579693],[-5.784799689888587,43.33033331411064],[-5.784128881655051,43.33039189575821],[-5.7845583005624865,43.33044907609637],[-5.784686006589338,43.33054453962581],[-5.785055992202827,43.330543695202955],[-5.784870509455062,43.33082402356988],[-5.784203350850161,43.330778817517356],[-5.784075976540468,43.33069060524208],[-5.783588645832951,43.33082267370297],[-5.783525186034085,43.33067671863906],[-5.783578167551015,43.330593412295116],[-5.783708493958461,43.330582214607354],[-5.783359263807132,43.3305907202582],[-5.78298981056362,43.33095987471019],[-5.783106849659638,43.33107590182447],[-5.783353263081979,43.33106995949546],[-5.783648890914286,43.331213941799085],[-5.7836103519511814,43.3312975879086],[-5.783111847736825,43.331185275166355],[-5.78284784455629,43.331233449647875],[-5.7833827453901865,43.331490541894325],[-5.783123491407464,43.33144007219591],[-5.7827618416023965,43.331623471071],[-5.782631115562195,43.331461895506166],[-5.782562414967606,43.33160055674321],[-5.782892437064414,43.33186263926338],[-5.782653798608914,43.33186844982905],[-5.782022084289385,43.33163013405342],[-5.781785677549011,43.33185520632311],[-5.780824933293607,43.332424802562706],[-5.780569784105949,43.332239539136474],[-5.780233577336529,43.33228750858407],[-5.780169670869244,43.33255918123761],[-5.780339028574245,43.33258856224901],[-5.780501316203497,43.33273119182653],[-5.780305598191472,43.3328259926168],[-5.780235742881239,43.33302796469021],[-5.779814399970661,43.333108059088666],[-5.779751928556683,43.33323765952365],[-5.779683628594678,43.3332012791014],[-5.779740377955421,43.333109859498606],[-5.779492469257627,43.332957967133716],[-5.779290133487154,43.33294073090315],[-5.779112145622542,43.33273259778774],[-5.7787437083958055,43.332767673214256],[-5.778616719542396,43.33268783084939],[-5.778474860464494,43.33233027861252],[-5.778069794732457,43.331979968074215],[-5.778077407794775,43.33168099458911],[-5.777907448738924,43.331713796105426],[-5.777822444560963,43.33189594093306],[-5.778006192767281,43.332341671513426],[-5.778161980051472,43.33242792403257],[-5.7781374997227894,43.33260859782127],[-5.778376078652541,43.33278287684599],[-5.778511265190592,43.33307997691363],[-5.778383563544053,43.33298451899089],[-5.778145398920372,43.333171463290654],[-5.7780171674693666,43.33306438295163],[-5.77789893304444,43.333176454761244],[-5.77752134634698,43.333010996897684],[-5.7771544872196,43.33308073541585],[-5.777040685240685,43.33317549031259],[-5.776304755965954,43.333381138097394],[-5.7761987066529095,43.33346606421332],[-5.776318507908101,43.33373327207872],[-5.77607730200704,43.33380321228642],[-5.775929601877792,43.333742718855405],[-5.775942599385577,43.33355412006811],[-5.77554561299179,43.33384208424372],[-5.775338920411523,43.33384066499087],[-5.775101490069349,43.33404399929621],[-5.77483360538043,43.334039452245605],[-5.774771916538784,43.33377083192962],[-5.774584724943157,43.33353104936019],[-5.774364287628324,43.33360064922122],[-5.774355949108276,43.333924381962795],[-5.774072252356359,43.3337878167865],[-5.773949178372692,43.33352068596916],[-5.774321754138631,43.33317378495699],[-5.774316710931094,43.33306308152549],[-5.774074093583919,43.333152557894394],[-5.773824837272134,43.333096292386585],[-5.773340467253274,43.3332942855751],[-5.772963272454665,43.33313718034725],[-5.7727179340000605,43.3331669418205],[-5.772600184653813,43.3332898875617],[-5.772234572797448,43.33338718789361],[-5.772075396900298,43.333296032088754],[-5.77206140075087,43.333116292815895],[-5.771108439748651,43.3330353966245],[-5.770841686852145,43.33314587046883],[-5.770513331076214,43.33351071895208],[-5.770025596914845,43.33363506261075],[-5.7699103369022255,43.33381287647653],[-5.769783986686339,43.333746871247925],[-5.769060233529055,43.33410611041571],[-5.768713148060134,43.33454804632917],[-5.768228129242094,43.33479547329762],[-5.767737170549491,43.33484919898905],[-5.767496283930432,43.33497712662551],[-5.7671271523105645,43.334997370827665],[-5.766523810574385,43.335292566963865],[-5.766321509055283,43.33523623613652],[-5.7662459917541025,43.33505798523758],[-5.766296141830091,43.334786653246546],[-5.766495734539586,43.33467456800679],[-5.7664911677734745,43.33457404423403],[-5.7660007180454755,43.33463897084221],[-5.764888916239597,43.334602557517194],[-5.7637839618172215,43.334716989043315],[-5.762545624539527,43.33461036030939],[-5.762061515427775,43.33481518202673],[-5.761815988447753,43.334841055650266],[-5.7617000869228345,43.33471772739106],[-5.761563036979652,43.33470321482176],[-5.761638893305878,43.33365593518417],[-5.762248495010491,43.33349857459012],[-5.763001785751279,43.33378963316435],[-5.763616104053429,43.33373625570888],[-5.764346530641767,43.33352341428959],[-5.7650707407699215,43.33317377136761],[-5.765682622518516,43.333066919630944],[-5.765797484593076,43.3328800994675],[-5.767036723330453,43.33260777998666],[-5.767275317371552,43.33251196374405],[-5.767493315485774,43.33219755914918],[-5.767620477259743,43.332281549771714],[-5.767859482849062,43.33211246808317],[-5.768108769686674,43.33216961480054],[-5.768595065302256,43.33201379498921],[-5.76878105622821,43.33175518007393],[-5.7686985508270165,43.33157696585953],[-5.769004045985411,43.33147965943729],[-5.769229486819037,43.33120407897094],[-5.76922581990861,43.331114128407684],[-5.769058899140145,43.331028133372214],[-5.769403904524844,43.330813691640714],[-5.770015453514546,43.33070021139638],[-5.770308190205107,43.330457621483184],[-5.7706156552874805,43.33033734257204],[-5.770608769336726,43.330185971362084],[-5.7703666560056925,43.33028640164946],[-5.770106521695019,43.33019239139618],[-5.770224473148171,43.329649295918365],[-5.77013486674053,43.32911123124877],[-5.770271839458451,43.32901787179667],[-5.770123342992776,43.32884139225438],[-5.770347318172433,43.3285658450506],[-5.770241954540609,43.32847835955251],[-5.770504627262235,43.32829191348462],[-5.770452519965125,43.32820313717048],[-5.770564627069588,43.328110380119725],[-5.77025299849384,43.32784781574769],[-5.770250899144209,43.327741372475316],[-5.770492250697709,43.32748185848493],[-5.770566922670145,43.327119890523335],[-5.7708053665140495,43.32702407055093],[-5.7713875866093955,43.32601951983291],[-5.771664648308981,43.32583272215972],[-5.771758760478442,43.32564258414552],[-5.772127168038272,43.32560770945774],[-5.772314027260309,43.32545681423499],[-5.772116892590839,43.325381913704675],[-5.771984161653735,43.32519469685069],[-5.772464519979516,43.32489050069818],[-5.772831151785385,43.32481672295238],[-5.772870282909132,43.325083161989376],[-5.772798256261676,43.32517494892702],[-5.773099750825326,43.325298662974575],[-5.773466986592834,43.32523811423587],[-5.774094705420764,43.32548109394915],[-5.774703092210099,43.32529955239129],[-5.7750719644662425,43.32527496193887],[-5.775187770473443,43.32510979174059],[-5.775679777549567,43.32508093883977],[-5.775922343058651,43.32499107045245],[-5.776416943606355,43.32501914906115],[-5.776661157257359,43.32496546824376],[-5.777021595603307,43.32475593456962],[-5.777271549527191,43.324828196118844],[-5.777905147655149,43.32460073863098],[-5.778370084081761,43.32457749779016],[-5.778978024314125,43.32438664506255],[-5.779355359003214,43.32454769354368],[-5.779598004219906,43.32445973776222],[-5.779970602433257,43.3245169506571],[-5.78009103886596,43.32445356412222],[-5.78046472885552,43.32453468763135],[-5.780953511348378,43.324435358960834],[-5.781079998756821,43.3245045404843],[-5.78131531687239,43.32425616230479],[-5.781679262296624,43.324123875193145],[-5.781934345650917,43.32430839701132],[-5.782421310773568,43.324169371895394],[-5.78230499495211,43.32432291250015],[-5.782058552640324,43.324327626853666]],[[-5.769401478905253,43.333472797582175],[-5.7690365447185386,43.3335851393523],[-5.769013026902827,43.333730426751615],[-5.769281925620693,43.3335562338292],[-5.769455042920113,43.333539637825425],[-5.769401478905253,43.333472797582175]],[[-5.7746522753337,43.33260322488025],[-5.774245489679231,43.3328832180844],[-5.774316597927781,43.33306060098289],[-5.774951696906969,43.33286607332765],[-5.7749687575140864,43.332775619722334],[-5.774687838484273,43.33260236148358],[-5.774851181976437,43.33250835634244],[-5.774783054180869,43.33246955393552],[-5.774600820937889,43.33251443469077],[-5.7746522753337,43.33260322488025]],[[-5.774133909498493,43.331757882617694],[-5.773523423943607,43.331894773864775],[-5.773349081306834,43.33182450154783],[-5.773498656684201,43.33200095058793],[-5.7734108690936345,43.33213169860119],[-5.77328711033371,43.33212260587108],[-5.773049963336809,43.3323321733101],[-5.772926687591465,43.33233369671933],[-5.772707306580151,43.33256038827505],[-5.772746602435159,43.33264947430508],[-5.773068063108951,43.332729670380886],[-5.773544828806347,43.33235998761852],[-5.773652492770726,43.33208725664127],[-5.773565439259346,43.33199932991878],[-5.773649743620849,43.33196010671655],[-5.773902991295448,43.33210411007189],[-5.774483658492148,43.33170692461165],[-5.774252967136189,43.331663787263075],[-5.774133909498493,43.331757882617694]],[[-5.771974424474571,43.332308047958186],[-5.7720651301758314,43.33237452456823],[-5.772174223939228,43.33230320180539],[-5.772060065539401,43.33226325698526],[-5.771974424474571,43.332308047958186]],[[-5.7782297438639425,43.3315258831547],[-5.778160603893024,43.3315275638567],[-5.77819665099301,43.33159110446907],[-5.7782297438639425,43.3315258831547]],[[-5.782387659566237,43.331532607918845],[-5.782506962703769,43.33144417589287],[-5.782550143021614,43.33142077682973],[-5.782284827158668,43.331427236126515],[-5.782254775785071,43.33151800705946],[-5.782387659566237,43.331532607918845]],[[-5.775244073208417,43.33175938163786],[-5.775245911171125,43.33179971516609],[-5.775279145959084,43.331777649828574],[-5.775244073208417,43.33175938163786]],[[-5.774675928316332,43.33188233563606],[-5.774562202482648,43.33188509659967],[-5.77463479914807,43.33192280922175],[-5.774675928316332,43.33188233563606]],[[-5.777768109413927,43.33198730092473],[-5.777469378097537,43.3318715214939],[-5.776852768320251,43.33187395520352],[-5.776382039001041,43.332020980903344],[-5.776616065419568,43.332092972464814],[-5.776984605107282,43.332060205532365],[-5.777225358389452,43.331930040777465],[-5.777735169078885,43.33229034476628],[-5.777768109413927,43.33198730092473]],[[-5.775272085984444,43.332374104323776],[-5.775392785827221,43.33231605749222],[-5.775394427708912,43.33231508661338],[-5.775195284220837,43.33231992247601],[-5.775272085984444,43.332374104323776]],[[-5.775999311322819,43.33209229061316],[-5.776002116052509,43.332153822022846],[-5.7761713146055325,43.332116139169585],[-5.776122534920967,43.33208963605867],[-5.775999311322819,43.33209229061316]],[[-5.7751364049881255,43.33210339298006],[-5.775207343421411,43.33204951152793],[-5.775131615324246,43.33199828206477],[-5.775039283738406,43.33205359231822],[-5.7751364049881255,43.33210339298006]],[[-5.775099467666762,43.33241228846691],[-5.775026906145225,43.33240725418192],[-5.775003682572227,43.33241461424206],[-5.775028076687173,43.33243294280531],[-5.775099467666762,43.33241228846691]],[[-5.776525289424781,43.33280733787039],[-5.776650845009627,43.332855799057114],[-5.776674645805444,43.33282422656058],[-5.776525289424781,43.33280733787039]],[[-5.77802987238746,43.33297137141512],[-5.777976978436955,43.33297265711235],[-5.7780162676949915,43.33304465829267],[-5.77802987238746,43.33297137141512]],[[-5.779615136566487,43.33095196105417],[-5.779679236694199,43.33095040205019],[-5.7796468165167045,43.33093473496334],[-5.779615136566487,43.33095196105417]],[[-5.781706618998227,43.33045087791129],[-5.781310540556952,43.330460517539976],[-5.781479369670675,43.330549794928785],[-5.781644399707645,43.330542431640275],[-5.781706618998227,43.33045087791129]],[[-5.78393809480062,43.33037251358454],[-5.784000736149727,43.33030497803608],[-5.783933495555375,43.3302718949872],[-5.783832875961333,43.33030906690444],[-5.78393809480062,43.33037251358454]],[[-5.770730905669458,43.33015949575599],[-5.770798532842923,43.33008557709305],[-5.770724485994367,43.330018379540846],[-5.7706270466964575,43.3300897344401],[-5.770730905669458,43.33015949575599]],[[-5.782079716154144,43.32936132389274],[-5.782900421908836,43.32925756927142],[-5.783104904870893,43.32915628475127],[-5.783015897922783,43.32908548967103],[-5.782725118498777,43.32907549315011],[-5.782767668598329,43.32853422083796],[-5.782614027869349,43.32838823247931],[-5.781638078730104,43.32862356275597],[-5.781388740282898,43.328565238493944],[-5.781147880133452,43.328692582887335],[-5.780521139895895,43.32847239302703],[-5.7802753823735555,43.328492480953145],[-5.780280325818314,43.32860077893101],[-5.780078993990633,43.328689694077376],[-5.780112530672074,43.32877891768376],[-5.781170702027488,43.32919238539911],[-5.782079716154144,43.32936132389274]],[[-5.770299081893579,43.328800758458776],[-5.770302287701128,43.328871241956925],[-5.77034725316622,43.32883596493903],[-5.770299081893579,43.328800758458776]],[[-5.770445257387129,43.32874354985941],[-5.770388387340557,43.32874492841167],[-5.770420806373087,43.32876528562558],[-5.770445257387129,43.32874354985941]],[[-5.784857593191466,43.32890217718144],[-5.7861961981915,43.32850619864321],[-5.787299091720877,43.328350133968264],[-5.787782775098601,43.328138981459645],[-5.788516011197039,43.327990821951765],[-5.789066954927951,43.327750392528024],[-5.7895989143402655,43.3273986084419],[-5.7910674102343345,43.32714711373881],[-5.791330561064405,43.327064854000525],[-5.791304126191286,43.32692992105932],[-5.791178456015829,43.326878939646505],[-5.79019482337674,43.326945280037016],[-5.789710794686372,43.32714850610558],[-5.789536017094146,43.32710866910408],[-5.789345495628026,43.327251236973595],[-5.7889783661051615,43.32731401765569],[-5.787727621429918,43.3269339117308],[-5.787246610857558,43.327203274114716],[-5.786630194071247,43.32720887658117],[-5.786379420325417,43.32711915105234],[-5.78624774431034,43.32693679189056],[-5.785995770016871,43.3268207807666],[-5.785755401268049,43.326958510731885],[-5.785631230355364,43.32694021326806],[-5.78580244202977,43.32674953969751],[-5.785620782294422,43.32671174986259],[-5.785022500096859,43.327113875402965],[-5.784780807011471,43.3272227113379],[-5.784534155510987,43.32722310167303],[-5.78453535502912,43.32750073321739],[-5.784386855588409,43.32786450871731],[-5.784419567396424,43.32822386929092],[-5.784292967907131,43.32840703233344],[-5.783961223517054,43.328505153181176],[-5.783978830167565,43.328864881803824],[-5.784117285087197,43.328896059870644],[-5.784857593191466,43.32890217718144]],[[-5.787473143978926,43.32676326240812],[-5.787577795807907,43.32670625140515],[-5.787465121987299,43.32658796409791],[-5.78734832457063,43.32671184813599],[-5.787473143978926,43.32676326240812]],[[-5.8002160547564845,43.32494053848245],[-5.80045135493869,43.32469344059839],[-5.801531973597222,43.32405533464294],[-5.8016471906873175,43.323878972036894],[-5.802865456252537,43.32300089531395],[-5.803445978654003,43.32276795302017],[-5.803518383830223,43.32244464456983],[-5.8044700598360714,43.32116074467749],[-5.804423673151823,43.320981804175155],[-5.804225965123528,43.32095844963835],[-5.804115020161267,43.3211694562546],[-5.803511041051764,43.32150188289716],[-5.80301358904693,43.32155663245705],[-5.802678336460197,43.322166088594074],[-5.802206098129103,43.32262391865162],[-5.801960554614325,43.32264798628501],[-5.801200023078081,43.32313176642964],[-5.801006030749972,43.32334567253831],[-5.801010977830058,43.32349655720986],[-5.80070032432202,43.3236842490891],[-5.800400435635597,43.323585798679375],[-5.800380929459493,43.32369207558866],[-5.8000399209333615,43.32379176305452],[-5.79991127696574,43.32367609428249],[-5.799787196185701,43.32379666150675],[-5.7999908591170595,43.32388171144421],[-5.79995779721438,43.32397256079574],[-5.7996768815649755,43.323942846119216],[-5.79859762315072,43.32463615121025],[-5.7976324649995234,43.32507857039092],[-5.79591915441098,43.325368621371574],[-5.795800328411277,43.32546677277451],[-5.795311659985935,43.32556822950192],[-5.795197151841283,43.32576050716491],[-5.794951113826389,43.32577413448123],[-5.794824362056303,43.32569959231558],[-5.794459258619151,43.325806210034386],[-5.793612060210615,43.32615778395259],[-5.793366351625399,43.32617863806867],[-5.7930958151120535,43.32630141162255],[-5.793078601799689,43.326391871661436],[-5.793258076273842,43.326506991908275],[-5.793992463661586,43.32638465184898],[-5.794350748081049,43.326129296152075],[-5.794716188861613,43.32602998532707],[-5.794843022755401,43.32610630477732],[-5.795089509918294,43.326102435976225],[-5.796544520025732,43.32555837471866],[-5.79703646930203,43.32552841641228],[-5.797156114422482,43.32544814440518],[-5.797776189259384,43.32552260353143],[-5.797895832981723,43.32544232268224],[-5.798510934595045,43.325408512894455],[-5.798631206941981,43.325341940581936],[-5.799493454278275,43.325318700820674],[-5.799734458208511,43.325195608252294],[-5.799860703557703,43.32525902579481],[-5.800256281890648,43.32504572005089],[-5.8002160547564845,43.32494053848245]],[[-5.775383652768007,43.32670218911025],[-5.775336263332797,43.326734055951384],[-5.775385662941028,43.32674630734148],[-5.775383652768007,43.32670218911025]],[[-5.7761533070572515,43.32635405466775],[-5.776499200661655,43.32643569163462],[-5.776349789134402,43.32625169619524],[-5.776172610844257,43.325633270213025],[-5.775822295697591,43.32550201803498],[-5.775713015720339,43.325554393718456],[-5.7755300135437295,43.32600903533085],[-5.7761533070572515,43.32635405466775]],[[-5.772129410552592,43.325656986788445],[-5.772089655493946,43.325732374972226],[-5.772263793211978,43.32589981228274],[-5.7723348507175745,43.32572642752024],[-5.772129410552592,43.325656986788445]],[[-5.773346697086941,43.32570187861604],[-5.773383148347615,43.32561095462577],[-5.773359836169865,43.32559350792806],[-5.773346697086941,43.32570187861604]],[[-5.784794869226198,43.32578366154974],[-5.784588903619583,43.32572278823482],[-5.784129771738855,43.32606998377497],[-5.784363592966009,43.32618992493209],[-5.784794869226198,43.32578366154974]],[[-5.789747018691764,43.325246503403044],[-5.7896228205013,43.32522755905287],[-5.789489144768315,43.32530902551885],[-5.789750452451788,43.32532148092487],[-5.789747018691764,43.325246503403044]],[[-5.7896143443127235,43.325042468472965],[-5.789633211202024,43.32494535156908],[-5.789609213233777,43.32493042263545],[-5.789591020295239,43.32494638138304],[-5.7896143443127235,43.325042468472965]],[[-5.789362412001641,43.32492733800834],[-5.789364459511936,43.32497205292339],[-5.789394237776713,43.32495118433018],[-5.789362412001641,43.32492733800834]],[[-5.791106046483429,43.32472931340776],[-5.791013583667316,43.32482161084435],[-5.791089713157114,43.32494220975544],[-5.791157936255954,43.324818085560274],[-5.791106046483429,43.32472931340776]],[[-5.794572455681388,43.32374421196571],[-5.794746146572883,43.32399478253496],[-5.794992694908276,43.32399243323744],[-5.795051011183823,43.32391258816569],[-5.794979547200938,43.32370587218277],[-5.794728733261287,43.32361521602463],[-5.7946067300140705,43.32364407845199],[-5.794572455681388,43.32374421196571]],[[-5.791703507668198,43.326695587241154],[-5.791917739657285,43.326863232307865],[-5.792038245763727,43.326801540450255],[-5.792036602736212,43.3266874502935],[-5.791784792162764,43.32665348014722],[-5.791703507668198,43.326695587241154]],[[-5.805447730208662,43.3207097247267],[-5.805266574296804,43.320871078536506],[-5.805456484978338,43.32089984675685],[-5.805572055351965,43.320773540589265],[-5.805447730208662,43.3207097247267]],[[-5.805564560967491,43.32056877783667],[-5.8058139999887155,43.32058752230223],[-5.805800787386579,43.32034261272661],[-5.805586878306813,43.32050305858652],[-5.805564560967491,43.32056877783667]],[[-5.806154609565007,43.31999220025853],[-5.806275595208767,43.31994591346763],[-5.806150156015162,43.3198955064677],[-5.806154609565007,43.31999220025853]],[[-5.812165648380017,43.317640190887225],[-5.811962619022489,43.31757970165222],[-5.811767686497684,43.31764998234115],[-5.811969495724985,43.31772870880578],[-5.812165648380017,43.317640190887225]],[[-5.772859639426397,43.32544256334506],[-5.772957340648598,43.325351168189634],[-5.7727268090124,43.32523386816092],[-5.7727142216660186,43.32535706660456],[-5.772859639426397,43.32544256334506]],[[-5.772359483234951,43.32509555372632],[-5.772477092018684,43.3251667321541],[-5.772580485389841,43.32509019260849],[-5.7724698900336255,43.325008491414934],[-5.772359483234951,43.32509555372632]]],[[[-5.835824771100577,43.35335191625253],[-5.83582348106192,43.35332423340733],[-5.835890070158332,43.35333970998443],[-5.835824771100577,43.35335191625253]]],[[[-5.867178327770623,43.352288874749505],[-5.867970518865144,43.3514586478203],[-5.868052055750984,43.35122619601271],[-5.868142625662862,43.35127425097406],[-5.868067011180404,43.35154353221016],[-5.867508276429854,43.35228059600738],[-5.8667669979016654,43.35275789092311],[-5.866995848184136,43.352377489670715],[-5.867178327770623,43.352288874749505]]],[[[-5.86918266015629,43.3516537697107],[-5.8684937249955285,43.35243594185487],[-5.868529065892003,43.35261513216842],[-5.8683758689547805,43.352860853900886],[-5.868420900718894,43.352347731091385],[-5.868827094078515,43.35179730246579],[-5.868938457112061,43.351434351891754],[-5.868917958744175,43.35080459544671],[-5.86875058134148,43.35034005386413],[-5.868622990167478,43.35025073474385],[-5.868174856332126,43.3512138409122],[-5.868156576375437,43.35100378466321],[-5.868403948991085,43.3502772659801],[-5.868367943620545,43.349918014770246],[-5.86745794199886,43.3490914589324],[-5.867327782281927,43.34922380796386],[-5.866602384425844,43.351042781294616],[-5.866400137205467,43.3513179705733],[-5.866157625096137,43.35159416936277],[-5.865616927357758,43.351917015729136],[-5.865251073157493,43.352008316273675],[-5.865044953775745,43.35198222530076],[-5.865489028805855,43.35182114420543],[-5.865968686298348,43.351526439327735],[-5.866344794723134,43.35113928123328],[-5.86646864991906,43.35095609713792],[-5.866545542851912,43.35050397469858],[-5.866785073490081,43.35013781111407],[-5.867225991647608,43.3487761681447],[-5.866574594363957,43.34834231590205],[-5.866168591053614,43.347911539023514],[-5.86553706032498,43.3476003717481],[-5.86466447370698,43.3474100441671],[-5.86489905003064,43.34820425553278],[-5.865307076778606,43.34891433597579],[-5.865252198153902,43.349411565300095],[-5.864338410550889,43.34731792121436],[-5.863667866137755,43.34720586613802],[-5.863589968361945,43.34724663924199],[-5.863635504616226,43.34760565335149],[-5.863565343506106,43.347649081397606],[-5.863388894691993,43.347251677541216],[-5.863538744279811,43.3470837082442],[-5.8646043181213825,43.347221217296465],[-5.86590881881308,43.347635029659614],[-5.86659699979625,43.348161676347154],[-5.867627386074523,43.348766096530404],[-5.868021900051278,43.34911635118914],[-5.868803739837787,43.34999711424601],[-5.86910106625519,43.3507099597092],[-5.86927922127938,43.35088556419891],[-5.86918266015629,43.3516537697107]]],[[[-5.858935528891476,43.35429615998422],[-5.859189029501056,43.35428954315839],[-5.859428512576369,43.35413429483114],[-5.859533866088727,43.35419115084671],[-5.859313631227186,43.35431534874294],[-5.858935528891476,43.35429615998422]]],[[[-5.835526618187896,43.35496942767527],[-5.835509779666159,43.354879806647055],[-5.835525094509211,43.35486459905824],[-5.835557943750129,43.35487861158486],[-5.835526618187896,43.35496942767527]]],[[[-5.827478210474118,43.355528998387186],[-5.827414965785808,43.35558866432732],[-5.827411785163611,43.355520213544736],[-5.827478210474118,43.355528998387186]]],[[[-5.859595850462727,43.35508998704457],[-5.859735492180863,43.35517653138922],[-5.859547495394245,43.35527127446715],[-5.859595850462727,43.35508998704457]]],[[[-5.917545524928887,43.35533591394508],[-5.917479648277395,43.35535375863829],[-5.91743507719837,43.355338733755424],[-5.917478107636383,43.35532162723422],[-5.917545524928887,43.35533591394508]]],[[[-5.917235833772341,43.355415651187414],[-5.917237516356413,43.35545074573802],[-5.917179253502968,43.355435303157634],[-5.917235833772341,43.355415651187414]]],[[[-5.866892016645537,43.358030377540594],[-5.866895432109835,43.35810286210626],[-5.866842252984272,43.358059781952534],[-5.866892016645537,43.358030377540594]]],[[[-5.833327706946008,43.359796023289974],[-5.833408001587527,43.359746456008864],[-5.83350662234008,43.35979158726388],[-5.8334114400540376,43.359820288092244],[-5.833327706946008,43.359796023289974]]],[[[-5.833773423231332,43.35996504923928],[-5.833785069441975,43.359893880120545],[-5.8337905572186965,43.36001169933767],[-5.833773423231332,43.35996504923928]]],[[[-5.833916768859783,43.360072040597046],[-5.833847671189944,43.36005324685506],[-5.8339986174128935,43.36004950362501],[-5.833916768859783,43.360072040597046]]],[[[-5.901437576201361,43.35791531911518],[-5.905625745005942,43.35735034894796],[-5.906337806737387,43.357169665089],[-5.908670149572363,43.356915378574016],[-5.909288256491743,43.35693913750071],[-5.914319523496053,43.35635675419928],[-5.9151728800038414,43.35613980342916],[-5.916627974175027,43.35560540611628],[-5.916800256216727,43.355625054469336],[-5.915177050319679,43.356226845257346],[-5.913347078428386,43.35666373801487],[-5.909297564712252,43.35713380409019],[-5.908443058714718,43.357327440986126],[-5.906356213050224,43.35755499021972],[-5.905737759525351,43.35752408328351],[-5.903647351765925,43.35776078997521],[-5.901324277569766,43.35812706881904],[-5.900708898370484,43.35816071681698],[-5.898383651379929,43.358565671545556],[-5.898007557850836,43.35853422440629],[-5.900461030031108,43.35813817084719],[-5.901437576201361,43.35791531911518]]],[[[-5.897330132172417,43.35864144047428],[-5.897645277646122,43.35860791307161],[-5.897798856379866,43.35862955540457],[-5.897524462396684,43.35866213728706],[-5.897330132172417,43.35864144047428]]],[[[-5.875723211583927,43.35981748994962],[-5.876172834829962,43.35962609720538],[-5.875739481373528,43.359856220296244],[-5.875723211583927,43.35981748994962]]],[[[-5.835077456361149,43.36114668016399],[-5.834860312253564,43.36110859628736],[-5.835123635223813,43.361102063810016],[-5.835077456361149,43.36114668016399]]],[[[-5.875260173711291,43.36015866539515],[-5.875375365001835,43.35998496293674],[-5.8755405944663215,43.360002162503925],[-5.875381153699083,43.360107441734264],[-5.875260173711291,43.36015866539515]]],[[[-5.835332006744271,43.36131283947639],[-5.835294451543481,43.36118786465434],[-5.835451282393945,43.36118397349362],[-5.835332006744271,43.36131283947639]]],[[[-5.874392059713544,43.36066132766915],[-5.874657228013795,43.3604562061924],[-5.874813852666783,43.360470640287616],[-5.874423068639583,43.36072381150156],[-5.874392059713544,43.36066132766915]]],[[[-5.874375498290422,43.36075178282388],[-5.87430234514039,43.36078050654486],[-5.874277794718092,43.36075424032417],[-5.8743003987005205,43.360739308827554],[-5.874375498290422,43.36075178282388]]],[[[-5.874130817252313,43.360847975617546],[-5.874225212798986,43.36084560144529],[-5.874183121571014,43.36086895455813],[-5.874130817252313,43.360847975617546]]],[[[-5.873817269367489,43.36096114781669],[-5.874061196684089,43.36090023015793],[-5.874095817520311,43.36093889446949],[-5.874063680678045,43.36095280964222],[-5.873817269367489,43.36096114781669]]],[[[-5.832515270559006,43.362517326323655],[-5.832546364319563,43.3624434153442],[-5.832551041197412,43.36254386010074],[-5.832515270559006,43.362517326323655]]],[[[-5.886012886210401,43.36311467562395],[-5.885056407756085,43.36376359939988],[-5.884994632738116,43.36372557177848],[-5.885404892625215,43.36330528082528],[-5.886127965595165,43.36293915550392],[-5.887228346463942,43.36272260388701],[-5.8875436043246,43.362850844848666],[-5.887509358913113,43.36344310371736],[-5.887381521477434,43.36339517130785],[-5.887362653344039,43.36295226428702],[-5.886744965263588,43.36293845775605],[-5.886676731864016,43.36296278468387],[-5.886732784236186,43.36305140723226],[-5.886012886210401,43.36311467562395]]],[[[-5.88739525807098,43.36363917337943],[-5.887484082597793,43.363842772277714],[-5.887407588065268,43.363898932602474],[-5.88739525807098,43.36363917337943]]],[[[-5.862382781293676,43.36709812790807],[-5.8625186830257325,43.3673634447133],[-5.862258681520027,43.367083579756795],[-5.862382781293676,43.36709812790807]]],[[[-5.864461240572267,43.36739346552501],[-5.864336541140532,43.367216514127584],[-5.8643594336678175,43.36714080764617],[-5.864614739060767,43.36729957921016],[-5.864461240572267,43.36739346552501]]],[[[-5.8645983084503355,43.36748006818538],[-5.864619271782878,43.36741699290262],[-5.86462419058431,43.367521430463704],[-5.8645983084503355,43.36748006818538]]],[[[-5.863033342033945,43.36780949075365],[-5.8630309542219825,43.36775876433306],[-5.8630652690688505,43.36778860325001],[-5.863033342033945,43.36780949075365]]],[[[-5.880285687007506,43.3678060517293],[-5.880305328727837,43.36767582472036],[-5.880318785643234,43.367959983695506],[-5.880285687007506,43.3678060517293]]],[[[-5.916412151281793,43.366547639443226],[-5.917119792408375,43.36586289090697],[-5.917251084139225,43.365607807361364],[-5.917050697112501,43.36507269289119],[-5.916918097876015,43.36363546419547],[-5.916980987887458,43.36237332178976],[-5.916880829524332,43.362105763337226],[-5.916998134315677,43.36201273061759],[-5.9168543029341345,43.361926363698124],[-5.917027864341743,43.36174185658199],[-5.916847360912094,43.361656425769354],[-5.916834972494251,43.36138662685132],[-5.917184093542263,43.36011717750021],[-5.917565386201166,43.35971501348122],[-5.917726097547842,43.35983322461038],[-5.917187215055511,43.36101748169746],[-5.917084102246386,43.36174042098446],[-5.917371385769668,43.3650645061132],[-5.917600161085162,43.36541881854332],[-5.917514973879458,43.36569110851101],[-5.916989328598431,43.36633479605698],[-5.9160675183435565,43.36716866814194],[-5.916133113195654,43.36734707084971],[-5.91595736733236,43.367358423766255],[-5.915165872236272,43.36692155855705],[-5.914764006087999,43.36648161817917],[-5.914402951673083,43.36582595436861],[-5.913819080949832,43.36551529506857],[-5.914139113107354,43.36547083335113],[-5.914519482339498,43.36568233970401],[-5.915011855133869,43.36656533426422],[-5.915566465739282,43.366927531744224],[-5.915815441333897,43.366972309066874],[-5.916412151281793,43.366547639443226]]],[[[-5.8639502417514615,43.368934692870305],[-5.863829403495509,43.3689894979188],[-5.863440858982338,43.36894969356409],[-5.863576464203893,43.36885991257393],[-5.863703594721443,43.36893874377101],[-5.8639502417514615,43.368934692870305]]],[[[-5.881480919805522,43.368406188653196],[-5.881463752414504,43.36868218964376],[-5.8814462181472855,43.36831208840465],[-5.881480919805522,43.368406188653196]]],[[[-5.81157310042492,43.370577713811635],[-5.811566141647287,43.37042718626347],[-5.811661140669621,43.37050553539114],[-5.81157310042492,43.370577713811635]]],[[[-5.869227291367,43.3693447838842],[-5.869331424320764,43.36934216923304],[-5.869346183691793,43.369431837139054],[-5.869172758363158,43.36975978187925],[-5.8691301815366055,43.36952729911532],[-5.869227291367,43.3693447838842]]],[[[-5.808036130449683,43.37149351834615],[-5.807790920875542,43.371529024778496],[-5.807734773011733,43.37141242023048],[-5.808024603975215,43.371243878302835],[-5.808144308418599,43.37131231869228],[-5.808036130449683,43.37149351834615]]],[[[-5.81025839135532,43.37150696404939],[-5.810205639156724,43.37144172446467],[-5.810253905192385,43.37140988024851],[-5.810305496903335,43.37143926881094],[-5.81025839135532,43.37150696404939]]],[[[-5.869075730974136,43.37031925015339],[-5.868988804310449,43.3700710796543],[-5.869050396325675,43.369782219543474],[-5.869117673887054,43.36979772865381],[-5.869075730974136,43.37031925015339]]],[[[-5.869201781255129,43.37037496690725],[-5.869142300330714,43.37033734132347],[-5.869199275441674,43.37032185308976],[-5.869201781255129,43.37037496690725]]],[[[-5.92162917967762,43.35440073796411],[-5.920154640341289,43.354528440257255],[-5.919300768434614,43.35473380751765],[-5.917845354676347,43.35526061895332],[-5.917620889971278,43.355243951311486],[-5.918687444626208,43.35480937136304],[-5.920514885228229,43.35432169953243],[-5.9216409625100574,43.35420634722374],[-5.92162917967762,43.35440073796411]]],[[[-5.803897688937635,43.374207793309274],[-5.803842272729496,43.3742263746931],[-5.803839216696324,43.37416009472503],[-5.803897688937635,43.374207793309274]]],[[[-5.804353449916982,43.37460491843613],[-5.804357019994339,43.374682331664644],[-5.804308783859582,43.37464789964714],[-5.804353449916982,43.37460491843613]]],[[[-5.862422255040397,43.37392733083238],[-5.862405431022631,43.373747675290026],[-5.862445356296985,43.37367220707722],[-5.862645731445334,43.374011771258054],[-5.862587658175581,43.374073128627856],[-5.862422255040397,43.37392733083238]]],[[[-5.862835842706606,43.37410129064226],[-5.862712860283855,43.37411078503618],[-5.862658820628446,43.37410148184043],[-5.8627112003405735,43.37407552523423],[-5.862835842706606,43.37410129064226]]],[[[-5.7920673117280295,43.37584510017771],[-5.792069221899362,43.37588670094124],[-5.7920013883510935,43.37584964158087],[-5.7920673117280295,43.37584510017771]]],[[[-5.791946137684639,43.375941030207784],[-5.79182637880368,43.37597434138802],[-5.791814624655693,43.375854204388155],[-5.791859242684913,43.37585311435682],[-5.791946137684639,43.375941030207784]]],[[[-5.792155015263412,43.376025965645354],[-5.792206256322681,43.37611475242445],[-5.7922037791723735,43.37612894903639],[-5.792155015263412,43.376025965645354]]],[[[-5.863085208654383,43.37415453964887],[-5.864217132330841,43.374601610440955],[-5.864290125629032,43.3744207582855],[-5.864157038962237,43.374244017126216],[-5.864333713734561,43.374239588794104],[-5.8644204003245655,43.374417492839214],[-5.864366785874492,43.37468895214311],[-5.864103473701973,43.374695552013236],[-5.862916943302537,43.37418505380192],[-5.863085208654383,43.37415453964887]]],[[[-5.843850497935628,43.377227788097514],[-5.843783030180113,43.377183894997614],[-5.843845829159076,43.37712796782508],[-5.843902520115689,43.37718092134971],[-5.843850497935628,43.377227788097514]]],[[[-5.8380008538328365,43.38148497254431],[-5.837854842090071,43.38147304002454],[-5.838013499179934,43.3814690998414],[-5.8380008538328365,43.38148497254431]]],[[[-5.836167243441588,43.38187205060804],[-5.83609132631555,43.381786936874505],[-5.836160074141232,43.38171837704936],[-5.836424083741935,43.38177867786659],[-5.836167243441588,43.38187205060804]]],[[[-5.807723474790109,43.384288228763936],[-5.807641295261622,43.384327363590266],[-5.807570646191856,43.384291983647124],[-5.807637384585103,43.384242692831506],[-5.807723474790109,43.384288228763936]]],[[[-5.833695948375818,43.384007285343316],[-5.833676400519518,43.38404977213539],[-5.833641075443827,43.384008646044585],[-5.833695948375818,43.384007285343316]]],[[[-5.8307492812547235,43.38746678895873],[-5.8307518254042945,43.38752141619664],[-5.830710535801861,43.387502739496654],[-5.8307492812547235,43.38746678895873]]],[[[-5.83161278720714,43.38745194622047],[-5.831616223092553,43.387525698017946],[-5.83152050382644,43.387482672461914],[-5.83161278720714,43.38745194622047]]],[[[-5.815467165165706,43.39004024737867],[-5.811184694378708,43.38870506236499],[-5.809870835370374,43.38792702944456],[-5.809593943002339,43.38757368338506],[-5.809057162928755,43.38713668685467],[-5.808393480594069,43.38589245939661],[-5.808306711355481,43.385444398885426],[-5.807915910652159,43.385093847822915],[-5.807900825878271,43.38500417988892],[-5.808192998254596,43.38490696181047],[-5.8080445458651315,43.38437037822217],[-5.807793654499233,43.384286504432936],[-5.807967654160795,43.38410215183531],[-5.8078737000389795,43.38401352775565],[-5.8077560247330196,43.38413855018277],[-5.807715106733077,43.38401831855952],[-5.807696145814575,43.38311839833143],[-5.807563042236573,43.38276151408859],[-5.807821052505114,43.382575097648285],[-5.80769668675161,43.38248811471131],[-5.8076850444594,43.382218284885255],[-5.807420582012297,43.38186462776902],[-5.807402858802578,43.38168498591205],[-5.807148615459082,43.381678288567606],[-5.806829283167891,43.38151899822128],[-5.806379247552074,43.38105662430271],[-5.806129045124691,43.38098481123461],[-5.80588398345845,43.38102437165187],[-5.805139665285829,43.380945151995036],[-5.8048855450782595,43.38078837914866],[-5.804764918826343,43.38084944268643],[-5.804693151778713,43.38076109791708],[-5.804790109167334,43.38066867957556],[-5.804375920314597,43.38044473517096],[-5.804007591661815,43.38048808454144],[-5.802761431139476,43.38023357275562],[-5.80115196378782,43.38013116523954],[-5.799773184636065,43.379891318045914],[-5.7974304520080215,43.379734518665586],[-5.796673973964237,43.37987716801352],[-5.794762785795325,43.38064423390647],[-5.793948351634785,43.381294419830205],[-5.7934374071875885,43.38148693146005],[-5.791849669402809,43.381858105349174],[-5.791730463037197,43.38195042150521],[-5.7909912363190745,43.38198196324407],[-5.789493005339364,43.38161406583802],[-5.788234466910765,43.38108886275669],[-5.787640015848668,43.380638129672256],[-5.787452074516911,43.38028255916391],[-5.787477577019507,43.38001182088484],[-5.787114575202057,43.37966051976756],[-5.787059917021136,43.379481775320784],[-5.78718343387965,43.37929868535319],[-5.787373304404829,43.37839366676361],[-5.787754806362247,43.37784412822858],[-5.788789967712048,43.3770521091556],[-5.789035811848548,43.37702970703681],[-5.789411434303541,43.377145566888196],[-5.789885688914284,43.37672079827392],[-5.790369254954938,43.37649908085775],[-5.7908603262395815,43.37644096132876],[-5.791097201844281,43.37622324380964],[-5.791353548220104,43.37642971265959],[-5.791504529373082,43.376402012243624],[-5.7915930681180425,43.37626963267163],[-5.791968434497974,43.37637991426983],[-5.7921620607006,43.3765660260944],[-5.792164261197936,43.37683608861006],[-5.792238458423206,43.376884154480926],[-5.7930817567980375,43.376903706320455],[-5.792675658348872,43.377814018650504],[-5.792505144540602,43.37790822423805],[-5.792543600292435,43.37815293361747],[-5.792418497350472,43.37811668242425],[-5.79235890635281,43.378181913885136],[-5.792680769665492,43.378451891150895],[-5.793175616652958,43.37847566853681],[-5.7935413678946235,43.37837631311193],[-5.793667576241524,43.378436596195904],[-5.793787276576811,43.37835523894546],[-5.793571350175879,43.378152281416305],[-5.793873273625092,43.37787478410771],[-5.793871829749855,43.377508988402376],[-5.793927291807784,43.377603347226014],[-5.79441920511583,43.37777139700721],[-5.79462181100374,43.37794651997495],[-5.794637551674521,43.37812621250565],[-5.794229761348778,43.37831626172981],[-5.794407644443142,43.3784243335636],[-5.79452675261333,43.378330114481884],[-5.795138927623194,43.37822098022449],[-5.795284433112385,43.378110391226485],[-5.795283063497702,43.377930347266755],[-5.794953492784659,43.37766829207973],[-5.795067685484279,43.377575460396926],[-5.795476392413398,43.37750648785986],[-5.795725651257574,43.37755836699407],[-5.795846129074842,43.377494014891106],[-5.795920160458716,43.377554606797375],[-5.795825778340575,43.37782703212246],[-5.795988188611429,43.377898999049776],[-5.796157319775853,43.377818920367226],[-5.7962220251897065,43.37761548199292],[-5.796350212996746,43.37771878370338],[-5.796473159624898,43.37770811824818],[-5.79657128170499,43.377358597043354],[-5.796698557405231,43.377241195235946],[-5.79674505507202,43.37744438308668],[-5.796834704933888,43.37751754333028],[-5.796957065849864,43.377494155711226],[-5.796913407166313,43.3771701466216],[-5.797184397767197,43.37706937294986],[-5.797246115331543,43.377342080619435],[-5.797579343548044,43.3776048751917],[-5.797827229946984,43.37762688056457],[-5.79794577685258,43.37752061277834],[-5.798191022476711,43.37748524001332],[-5.798439849237604,43.37752768323055],[-5.798618327472281,43.37739852240552],[-5.798663661798486,43.37702666150881],[-5.798796135961154,43.377223023067735],[-5.799291499086437,43.37725818092119],[-5.799635079663149,43.37667768421834],[-5.799803419836142,43.37673922252531],[-5.799793969507871,43.37700957023328],[-5.7998998716706325,43.37706689274057],[-5.801005245914211,43.37694645605747],[-5.801244634164504,43.376784030711164],[-5.801368474107625,43.37679281526492],[-5.801422520089532,43.37723977513385],[-5.801514822907405,43.3772901354769],[-5.8017129592516685,43.37705257740644],[-5.801506937187908,43.37696758952798],[-5.801745422505908,43.37693697764034],[-5.8018756487727,43.37708434572141],[-5.802044017641643,43.377044460399766],[-5.802101602582721,43.37695300970078],[-5.801857605159364,43.37686895361605],[-5.802223129406923,43.37658903303858],[-5.8030799000659306,43.37643126264313],[-5.8031948779994105,43.37624782644438],[-5.803323463218937,43.37635955709478],[-5.804000666625255,43.37618611858862],[-5.803855133292395,43.376009612002655],[-5.803886917766687,43.37591879342856],[-5.804153341166875,43.375618766870936],[-5.804332701236207,43.37563773870315],[-5.804149965913806,43.3755455752821],[-5.804006348746656,43.37528559196913],[-5.80438092538221,43.37520068593273],[-5.804583695777223,43.37500130801554],[-5.804453047305692,43.37473439812704],[-5.804501220328171,43.374553138450274],[-5.804031003383489,43.3743845997126],[-5.803968572943402,43.37428862140622],[-5.804133372237158,43.374202010358935],[-5.804440184020857,43.37380920834118],[-5.8045675154498815,43.373893820822865],[-5.805064782228197,43.37397076958458],[-5.805920830309905,43.37379829504168],[-5.806073007759425,43.37361416672533],[-5.805742736345565,43.373262121090114],[-5.805768977391018,43.373182245423656],[-5.806139434330184,43.373186001391275],[-5.80626875328411,43.37331366201648],[-5.8063654940641385,43.373246829412416],[-5.806337754487807,43.37306743314294],[-5.806675653215791,43.37269897980787],[-5.806726356120269,43.37253128259586],[-5.806893036722017,43.372423524382675],[-5.8071899722543865,43.37187942051793],[-5.807437839423226,43.37190144517292],[-5.807801696640051,43.37176242318558],[-5.808055208820514,43.37190671007851],[-5.808312432602518,43.371758381007616],[-5.808450965185184,43.37139482155356],[-5.808288686985938,43.37121873203049],[-5.809124235902599,43.371001762921274],[-5.809372852261215,43.37104006918411],[-5.809735251937944,43.37086970467149],[-5.809859725843897,43.37089244747764],[-5.809948966289172,43.370997842300895],[-5.809346939715786,43.37128276008494],[-5.809282824175079,43.371464413752165],[-5.8093477491701835,43.371642895175746],[-5.809531081731627,43.37179349600215],[-5.8102739423020555,43.371843493989374],[-5.810516047879764,43.37174082663488],[-5.810766975845216,43.371829063399964],[-5.8111115718453625,43.37168955921911],[-5.811069715512066,43.3716005500991],[-5.811185860418242,43.371507654292316],[-5.811106976563676,43.37117410322965],[-5.810740009234109,43.37106842749932],[-5.81095951308844,43.370972989680865],[-5.810966764663324,43.370810882924665],[-5.811085885629917,43.37071780866426],[-5.811337022542212,43.37081064093815],[-5.81145795158643,43.37075669136652],[-5.811588125856991,43.37090272976232],[-5.81182501620611,43.37068738920665],[-5.81209470980151,43.371181525083436],[-5.812333654620685,43.37101062917096],[-5.812581376894017,43.371029558795186],[-5.812710599107905,43.37115494013033],[-5.812834179222789,43.37115832174646],[-5.813076605658204,43.370650778283505],[-5.813418801236514,43.370455852467494],[-5.813632623509584,43.37054705113817],[-5.813443954816624,43.37064173494849],[-5.813557507681074,43.370786234557],[-5.813787956405974,43.37054322656913],[-5.814288350656684,43.3705767288596],[-5.814407893218509,43.370492885038544],[-5.814655785895332,43.37051552906882],[-5.8147732061052455,43.37038584169483],[-5.814927898159144,43.3704251139941],[-5.814788542245378,43.37051858531836],[-5.815028923129545,43.37057753530023],[-5.815514503294097,43.37040235330468],[-5.816007995263678,43.37039810550016],[-5.8161270302961405,43.370303359696024],[-5.8163760348873765,43.37035001833148],[-5.816751533331777,43.37020010140767],[-5.816815341380949,43.370108489893525],[-5.8167160119719385,43.3700208994847],[-5.816707526114268,43.36951278686142],[-5.817332467403575,43.369682024942385],[-5.817827421214992,43.3697094592924],[-5.817943025241233,43.36963049445105],[-5.817881301475639,43.36945193900395],[-5.818186973532494,43.36947832784591],[-5.818305114358069,43.36936439566293],[-5.8184305222237205,43.369407291871354],[-5.81852085639618,43.36934612816456],[-5.818805418454149,43.368978954476404],[-5.818703082712237,43.3688014012055],[-5.818785161103123,43.368709337938355],[-5.818944674826087,43.36861536449827],[-5.819135622841198,43.3686431328928],[-5.819355022927169,43.36851520274113],[-5.819372166416969,43.368421071972875],[-5.819622249864197,43.36849111780957],[-5.821105391930346,43.3685368903281],[-5.821836817057253,43.36834107451146],[-5.822331640077864,43.36836588505823],[-5.822616321130487,43.36825461873941],[-5.822809382580031,43.36802265799365],[-5.823416730431403,43.36781286695662],[-5.824641661083399,43.36761394754423],[-5.82489245070262,43.36769914129899],[-5.825186628548908,43.36729071671899],[-5.825363781312433,43.367218301012954],[-5.825608428336078,43.367171282738546],[-5.8258664901416815,43.367413015048584],[-5.826099028551142,43.367105382732525],[-5.826470726188017,43.36713661736258],[-5.827201525417528,43.36692807012846],[-5.827316622253885,43.366749117655544],[-5.827557796023256,43.36662745710161],[-5.828172970287213,43.366586640711176],[-5.828896314128094,43.36621805674957],[-5.829514219511497,43.36623606075881],[-5.82963119470359,43.366097658810446],[-5.829757361140086,43.36615683791433],[-5.8310877745241605,43.36557384416192],[-5.831579854052585,43.36554012864544],[-5.831817284866305,43.36533835346183],[-5.832367313466741,43.36513211687792],[-5.832529592238355,43.364733547696964],[-5.833133747497875,43.364456629684554],[-5.833501355638595,43.36440034506672],[-5.833751412243337,43.364197416343636],[-5.83460251891107,43.364195931211924],[-5.83487846398101,43.36398938569295],[-5.834574558698865,43.363595895376385],[-5.834200655484068,43.36351694022213],[-5.83346485880347,43.3636168073776],[-5.833090441904165,43.36352679465606],[-5.832925869357852,43.36340753583941],[-5.832621834836048,43.362874839944375],[-5.832940337569612,43.362953539484224],[-5.833061057127739,43.362895834745025],[-5.833899798507005,43.36235689425636],[-5.833994799604117,43.36221052857396],[-5.833886197943082,43.36206493243381],[-5.833388314715886,43.36197340655088],[-5.832772751043013,43.36200478131191],[-5.832658639700104,43.362204375191574],[-5.8326422304401495,43.36185196236512],[-5.833747497440758,43.36173656826292],[-5.834495008540925,43.36188861992],[-5.834872777357493,43.36205073889239],[-5.834990986053717,43.36193923142235],[-5.835075858232106,43.36209367535877],[-5.83549460091753,43.36215368384798],[-5.835872859768206,43.36232622192023],[-5.836119037920845,43.36231264207462],[-5.836408784852951,43.362060599485325],[-5.836652115480555,43.36169440472127],[-5.836094693310744,43.360897891185054],[-5.836085868255568,43.360718032689135],[-5.83567533850941,43.360736174264545],[-5.835493241751144,43.36064269985246],[-5.835462769806089,43.360373339638805],[-5.835277814009635,43.360150009872285],[-5.8344205160511535,43.3602897539981],[-5.834272988916824,43.36022277667371],[-5.834349050499492,43.36013085143524],[-5.834032618486245,43.359909930480505],[-5.833563929984187,43.35979016631952],[-5.833819797137085,43.35969378295776],[-5.833480566426073,43.359612155750014],[-5.833584483487886,43.3591593852075],[-5.833141928553176,43.35854008614069],[-5.833211351236032,43.35817346929139],[-5.83295574900275,43.357984302870925],[-5.83283655866762,43.35807465008339],[-5.832590415820814,43.35808863700674],[-5.832087194130053,43.35775588048405],[-5.831883992859221,43.35722068319916],[-5.831894332456475,43.357130388161025],[-5.83220861024345,43.3569425221259],[-5.832157449646868,43.356740012380854],[-5.831905176259682,43.35662216543376],[-5.8316627388990305,43.35671565463882],[-5.831497884381106,43.356690017545624],[-5.8312809114518735,43.35642527679769],[-5.8310562212908,43.35634080446789],[-5.830886349211487,43.355714740751345],[-5.8307499916742636,43.35566266354414],[-5.830004903902037,43.35556085326159],[-5.8297998432900595,43.355651611239786],[-5.829771912884351,43.35574234169681],[-5.830102347882126,43.35591423672153],[-5.8304073037700865,43.35625361550403],[-5.830762336430377,43.35643812337068],[-5.8306302758800435,43.35725174395702],[-5.830454178272932,43.35726129099651],[-5.830101797867584,43.35690467753022],[-5.829825102097129,43.35700113615209],[-5.829571809778765,43.35686130557986],[-5.82944980611857,43.35689121644053],[-5.829208365449133,43.3570062454664],[-5.828767123983933,43.357658033293596],[-5.828151993475954,43.35817192457324],[-5.827626421879293,43.358766729436496],[-5.82719904919107,43.358908655428564],[-5.826952536503273,43.358783401517016],[-5.826915069165627,43.35842417305755],[-5.827524811541151,43.3571485446451],[-5.827563384283991,43.355346813290964],[-5.827749164964989,43.35489202215978],[-5.827924220006395,43.3547976515858],[-5.828037368550108,43.354524735003565],[-5.828060841950169,43.35380384314413],[-5.828423016473904,43.3533839794065],[-5.828655394733667,43.353248895081734],[-5.828634441976639,43.353069335939836],[-5.828831073114814,43.35297442992339],[-5.829008377180664,43.352704736823874],[-5.830089498371047,43.352073538407225],[-5.831186593152391,43.35178617700906],[-5.831800227338804,43.35171553710732],[-5.831740843998245,43.35182189937478],[-5.831806087268556,43.351841470648004],[-5.8322993809398875,43.35183623393126],[-5.832903233055288,43.351522974068224],[-5.832788812197763,43.351435771518446],[-5.8335097607751765,43.351332292037355],[-5.833882127460526,43.35137989766296],[-5.834067273890062,43.3514941126108],[-5.83409373349529,43.351673534177955],[-5.831833791116405,43.35243683252908],[-5.831490414844802,43.35301240741885],[-5.830823848237424,43.35319520103429],[-5.830730498568286,43.3533775910955],[-5.83076062961057,43.353737000206976],[-5.831118305618321,43.354448450728675],[-5.830656860169519,43.35463995916538],[-5.8309588684836635,43.35484787089568],[-5.831208415690852,43.354907326207226],[-5.831315840289805,43.35471367346998],[-5.831172118113877,43.35462719529297],[-5.831318243012394,43.35461582454683],[-5.831358040977485,43.35453255022422],[-5.831331967041025,43.354263079659844],[-5.831664237574664,43.35409630390626],[-5.832550822556746,43.35458746104222],[-5.8328079198006995,43.35480908736227],[-5.832751992369334,43.355038238654416],[-5.832971830280341,43.35521286679011],[-5.83240980255888,43.35567699218179],[-5.832376241074466,43.355767862830305],[-5.832616298807381,43.35599402482559],[-5.832710616171901,43.35566953613012],[-5.832971704660938,43.355573025242045],[-5.833078353529579,43.35531711924801],[-5.833357724752607,43.35529333869811],[-5.833439327637389,43.35511954208022],[-5.833678809885219,43.354962788164926],[-5.833854088094806,43.35501091465462],[-5.833877736608607,43.35519040589366],[-5.833820806023859,43.35536229985895],[-5.833673314054106,43.35546559143822],[-5.833955730679367,43.355609934544006],[-5.834158354445514,43.355453563330954],[-5.834186134873422,43.355258265339614],[-5.8343201472618444,43.35548628835128],[-5.834441622313967,43.35544514135432],[-5.834568823413753,43.355526918168536],[-5.834816360313021,43.35554308694343],[-5.835170918602319,43.35520790496296],[-5.835281068432474,43.35524563653553],[-5.835118878823037,43.35542973801345],[-5.8351899139926315,43.355615588696104],[-5.837028194283301,43.35534535205473],[-5.837398816877898,43.355354965998714],[-5.8376760416611475,43.355636385912526],[-5.837091769494154,43.35601104779266],[-5.837002502275914,43.35619334152291],[-5.837567492845576,43.35632604763186],[-5.837811129030518,43.35625849233027],[-5.838182271864475,43.35627913765197],[-5.838298729398497,43.356130448172216],[-5.83843379864646,43.35638075163737],[-5.838680254155346,43.35637364493446],[-5.839078846074231,43.35596169929098],[-5.8391458997355405,43.35577509283069],[-5.839537930659517,43.355500099126246],[-5.839659944640603,43.35522695091271],[-5.8403096879372,43.35485064869943],[-5.8402014313001915,43.3546732616582],[-5.839951887892353,43.35453756667423],[-5.839703939409423,43.35451251802286],[-5.839094016799276,43.354663108651884],[-5.839112299311155,43.35479036370272],[-5.83893160671341,43.354884891441245],[-5.838994014971583,43.35497337988532],[-5.838785121269896,43.35506860797834],[-5.838280408763186,43.35573768482777],[-5.838157619486227,43.35575061166536],[-5.838029824209819,43.35571763935473],[-5.838152381133914,43.355638303999946],[-5.838630077559157,43.35480234284234],[-5.8378632519068105,43.35473034143515],[-5.837230647895517,43.35439462472477],[-5.836841401398499,43.353985392187575],[-5.83647068690812,43.35395557217048],[-5.836610692380337,43.35368198057123],[-5.83717153033208,43.35312782520976],[-5.8371673242067725,43.353036443866074],[-5.83717170164162,43.35312782095673],[-5.837296524165134,43.35316112557574],[-5.838143640164586,43.35280534680862],[-5.839544492976752,43.35252865496889],[-5.839640656751775,43.35243622667403],[-5.8395969030709525,43.352257236183725],[-5.838092539833066,43.35170963476763],[-5.837475679134137,43.35249000191398],[-5.837336090503083,43.35222335115221],[-5.837686139032753,43.35203458191224],[-5.837685520089349,43.351494364142255],[-5.837348688936317,43.351142572049845],[-5.837217600401133,43.35087571004334],[-5.836541751584236,43.350203928459564],[-5.836036361360604,43.34994928210517],[-5.835787619183578,43.349906761710066],[-5.835179981096064,43.35010562378565],[-5.834444554648469,43.35020994197757],[-5.8336984979031525,43.350086003914576],[-5.832214386850805,43.35000989630148],[-5.830841207810745,43.34966607663331],[-5.8297131525559,43.349286762605345],[-5.829214666995645,43.34917987138682],[-5.828969247247633,43.349208661015375],[-5.828842148434518,43.34912862925182],[-5.827721070818737,43.34889901683002],[-5.8270460984052495,43.34887681022375],[-5.825733386755655,43.34860544773424],[-5.8242617310236735,43.347865187431026],[-5.823847940404249,43.34785582658846],[-5.823115160764265,43.34801705503901],[-5.822003088552968,43.34798076740315],[-5.821750429837045,43.34785338288407],[-5.821299524721862,43.34784831555678],[-5.818508770272957,43.3471218386589],[-5.817776156387009,43.34676473634433],[-5.817691234055046,43.34658675216682],[-5.817365914663665,43.34642007893777],[-5.817083841074011,43.34615153107997],[-5.816798000922615,43.345708381633386],[-5.816457996112534,43.345462562372624],[-5.815573777986607,43.34447800280017],[-5.815324193618934,43.344033956270046],[-5.815320571091283,43.343313733073735],[-5.815427557336642,43.34259078495797],[-5.815557730489074,43.34231746079745],[-5.815555450094911,43.34186732161656],[-5.8156102512496,43.34168589333751],[-5.815785146461492,43.3415849624643],[-5.815944352960751,43.34176770063665],[-5.815794551542332,43.342131547937534],[-5.815892237435883,43.342309219180564],[-5.815685901834198,43.343935006084415],[-5.815784295268494,43.34429273802914],[-5.816840050727808,43.34525715006629],[-5.816931266874042,43.34543497978727],[-5.8171694211685985,43.34551914834036],[-5.817934227606767,43.34631064374319],[-5.818386153910332,43.34656961642849],[-5.81836426318867,43.34666544816823],[-5.821112005963051,43.34738860198962],[-5.821733373103886,43.347485460878815],[-5.821860920543577,43.34757544695206],[-5.822603174373277,43.347618561107936],[-5.823829958609557,43.34746823897171],[-5.8243258703817045,43.34752017030012],[-5.8249522904509865,43.347725761872425],[-5.826087718259752,43.34826512741687],[-5.82708080718159,43.34839585226219],[-5.827955238000297,43.34862806139548],[-5.829192928850745,43.34871222872905],[-5.830568287359662,43.34910357925428],[-5.831074074661627,43.3493674069789],[-5.8319423055557404,43.34946574311705],[-5.832362904042705,43.34964555026989],[-5.833807299909686,43.34977289961549],[-5.834802125253147,43.34994002300358],[-5.835285292112172,43.349717746374495],[-5.836019432787015,43.34958599372549],[-5.83664205969121,43.349708895373176],[-5.837351882184813,43.35042218180981],[-5.8377081296496405,43.35095356954467],[-5.838209789704609,43.35130126707633],[-5.841340660627943,43.352569276692925],[-5.841561662643793,43.35256855464245],[-5.841701979189398,43.35237999436715],[-5.841835898234317,43.35260556363559],[-5.8424562724396765,43.35267931918658],[-5.842820867516766,43.35280735398837],[-5.842963729864513,43.35298387768148],[-5.842851336813068,43.35316675130157],[-5.842979327606695,43.35331101304637],[-5.843592141967397,43.353222802262486],[-5.843930467679199,43.353319978964514],[-5.844045239136923,43.35340716153209],[-5.843810744410829,43.35368311354695],[-5.844252760465559,43.354157407941045],[-5.844619402863421,43.35408201174499],[-5.845363514552729,43.3541628258602],[-5.845606460866873,43.35408088832309],[-5.846167780901582,43.35407462878541],[-5.84647736057848,43.35423433985976],[-5.846722456582412,43.354198380535976],[-5.846739413861179,43.354510584488104],[-5.846865306148192,43.354614346020654],[-5.847357511825511,43.35458541263944],[-5.847613734435255,43.35478719887911],[-5.848364538829775,43.35501072173178],[-5.84848769052116,43.35500561636028],[-5.8490229835910394,43.354633754296295],[-5.84932890978948,43.35452477934395],[-5.85030888257216,43.35460168890637],[-5.850726779009299,43.354681303814736],[-5.849458628446448,43.35465993545704],[-5.849218983502842,43.35481231633553],[-5.848850587666504,43.354850229350674],[-5.848771681235621,43.355090212967006],[-5.849116764789219,43.355264486914955],[-5.849616302485702,43.35539202932244],[-5.849744651183588,43.355497878318324],[-5.850739757435568,43.35566805964362],[-5.851039807155057,43.35548384355992],[-5.851161090946368,43.355210701419196],[-5.851113564331933,43.355031809653845],[-5.850758121187569,43.35477056072706],[-5.850819146273604,43.35472884239022],[-5.850997237160512,43.3547645955502],[-5.851198424491857,43.3549232234276],[-5.851266501344214,43.35511803270061],[-5.851133575124773,43.355481504174776],[-5.851317222118694,43.35565699970393],[-5.851728068512497,43.3556931324245],[-5.852355382053574,43.355913994804574],[-5.853591278772773,43.35595604023805],[-5.853952536998789,43.355765872591284],[-5.854442134875282,43.35568122627193],[-5.854518079256315,43.355757168686935],[-5.854301758294474,43.355942649373695],[-5.854457927049677,43.356017864793266],[-5.854996818009886,43.35565517065639],[-5.855168555887495,43.35538433384839],[-5.855291951676012,43.355384427374375],[-5.85535219140671,43.35528613690169],[-5.855240579180117,43.3550188093851],[-5.855309819851035,43.35474696316459],[-5.855188960611968,43.35447986661688],[-5.8552607461226245,43.354027879328925],[-5.855014461502327,43.35277348991195],[-5.854549092896813,43.35270058775248],[-5.854493255510222,43.3523363161361],[-5.854582591503518,43.35224404586014],[-5.8544037737753465,43.352232981646345],[-5.8543998410665266,43.352149136725394],[-5.854518373296419,43.35204568374205],[-5.854765246694518,43.35204790404093],[-5.855023809655541,43.35229929048855],[-5.855140676234001,43.35232014278506],[-5.8550976684932685,43.352681372358795],[-5.855168038895391,43.35274356155746],[-5.8551499956969115,43.352319909946814],[-5.85532140153933,43.3521355498512],[-5.855379510800995,43.35168390406851],[-5.856405038529489,43.349407305862016],[-5.857009602435618,43.34885196039208],[-5.8569704737298425,43.34876289980922],[-5.857730803163144,43.34793353985067],[-5.858698199418443,43.347189034029164],[-5.859555648272718,43.346336337081325],[-5.861124885330917,43.34532752840496],[-5.862599140021921,43.344120104447384],[-5.863506160951855,43.34376859775114],[-5.8636843067503435,43.343462645083335],[-5.864704028638426,43.343007655696816],[-5.864937089031607,43.342717149145194],[-5.8651852763436025,43.342748085983445],[-5.865585631652404,43.34260463537423],[-5.865822586361179,43.34232857694086],[-5.865890285440947,43.34200070630922],[-5.86697187003362,43.34130932308494],[-5.86746013396394,43.340486723205494],[-5.867935059241419,43.340204689084516],[-5.868037722517818,43.33966187948891],[-5.868653804137678,43.33838587220924],[-5.868989776319572,43.33711689387807],[-5.869189523832751,43.33468082876931],[-5.869315362716541,43.334227474757455],[-5.869276288122353,43.3327008958517],[-5.869778576799808,43.331334597771914],[-5.870308716027736,43.33060097239597],[-5.8711169392861,43.329882581074706],[-5.872789944623163,43.328743124102324],[-5.873758044775812,43.32834897802213],[-5.874943915072916,43.32734281519908],[-5.875190771407651,43.327346790117744],[-5.875286141750747,43.32741452655311],[-5.875205450341065,43.32759663461964],[-5.874531734966538,43.32833389421623],[-5.873544718126951,43.329055756502825],[-5.873295762799418,43.32900743530573],[-5.873194940033053,43.329087822343254],[-5.873225549377798,43.32926713070818],[-5.873067214362683,43.32939169785063],[-5.8724608859075165,43.329611443976255],[-5.871621826659811,43.33012709826083],[-5.871028139455437,43.330615260221165],[-5.87040162660599,43.33131895045255],[-5.870073507582541,43.332227580740934],[-5.869933202341696,43.33322153256464],[-5.869975603086262,43.3347511293983],[-5.869826589047655,43.33772615503158],[-5.869363490156581,43.33917840538439],[-5.868413804488012,43.34082294562565],[-5.867839473062298,43.34147768725903],[-5.866560163973995,43.34258019468445],[-5.866418513300311,43.342763825383],[-5.8665108702083835,43.342851547640436],[-5.866351789940683,43.34312565427081],[-5.865720178191913,43.343628353381895],[-5.864806321293148,43.34469506709749],[-5.864160254051328,43.3449813775966],[-5.86390594506607,43.345347906258596],[-5.8632861136113315,43.34545347670264],[-5.863230204520628,43.345770152904365],[-5.862457484907093,43.34628458440369],[-5.861958075611215,43.346747286501866],[-5.861262290109491,43.347124864535154],[-5.861157067877539,43.34739761539315],[-5.8608485330902305,43.34759491001564],[-5.8606483763162736,43.34759042774386],[-5.8607282347859435,43.34767846749188],[-5.860248298037956,43.347949059473336],[-5.8599238966288825,43.348328871092455],[-5.860026281295091,43.34847546075525],[-5.8602641649507,43.348286695001725],[-5.860752194935087,43.348170152122435],[-5.86125033913971,43.348268796947],[-5.862931769148805,43.34991700182097],[-5.864036541417701,43.349796942408396],[-5.864321548516605,43.34947927445645],[-5.863691714554538,43.347964399955075],[-5.863688685477736,43.34764836589221],[-5.864379304481088,43.349215253980724],[-5.864409212634132,43.349657154697894],[-5.864042015859657,43.34991327304463],[-5.862939907275377,43.35009000100807],[-5.862213591799281,43.350387006802066],[-5.861754614336682,43.35035393311688],[-5.861365797056569,43.35018359165376],[-5.861461608480973,43.35013824774801],[-5.862208430656609,43.350277265367986],[-5.862698974417777,43.34997012556894],[-5.861326334596891,43.34847384294762],[-5.861130676670464,43.348347812673005],[-5.860883034796623,43.34832892674733],[-5.860640470859991,43.34841807677386],[-5.859445792653249,43.349421300517875],[-5.859585744185305,43.34960290754965],[-5.860128392009783,43.34967433506241],[-5.860605031156087,43.34984248246791],[-5.859838378930852,43.3497279449999],[-5.859345895107968,43.34974998987989],[-5.8592172220520755,43.349787174637605],[-5.859150909343847,43.35005895008181],[-5.859247280678864,43.35027713392308],[-5.85994035566594,43.35030931244722],[-5.86162260507861,43.35093823912176],[-5.861996460714146,43.35101710044151],[-5.8623640093713485,43.350961846413945],[-5.863576585320699,43.350510279553184],[-5.863948328439995,43.35054425357702],[-5.864949563436308,43.35084553311877],[-5.865318609454665,43.3508221624817],[-5.86551206951176,43.350709971071645],[-5.865398331639421,43.349894864173415],[-5.865543867519947,43.35007890251423],[-5.865685013750395,43.35074269613218],[-5.865446285671526,43.350913364079545],[-5.86507765769019,43.3509456249799],[-5.863582113989127,43.35062777844764],[-5.862586637428097,43.35105340467285],[-5.862620190397699,43.351162031503776],[-5.864368716885159,43.35161176566015],[-5.8645960704153115,43.35181340083627],[-5.864504275303869,43.35187041745606],[-5.863998520623093,43.35161080478505],[-5.863123108287206,43.35136155301238],[-5.861759934853808,43.35123484353925],[-5.8615885916992845,43.35107840060397],[-5.8599952874014,43.35044142739332],[-5.859252871004312,43.3503961243571],[-5.858645043036212,43.350589395777796],[-5.858120161109217,43.35098512158841],[-5.857844941864134,43.35171231467454],[-5.858046589785778,43.352337543068195],[-5.858885670003704,43.35308520859053],[-5.858887966569095,43.353134092597294],[-5.85872685493747,43.35313087668348],[-5.858819305113876,43.35321860270088],[-5.8587967686295475,43.353579321443256],[-5.8586745030637735,43.35384316909241],[-5.858554740042429,43.35392034152465],[-5.858307435763033,43.35390911204431],[-5.857896217254203,43.35414207865507],[-5.857920609925802,43.35423150736939],[-5.857656633994197,43.35432814744214],[-5.857595068743671,43.35450457997663],[-5.857233905978384,43.3546963810448],[-5.85713136872508,43.354881513522834],[-5.856758614344937,43.355085502415214],[-5.856654204154152,43.35525359733325],[-5.856748969467406,43.3558814994756],[-5.856951929324096,43.35614654179726],[-5.856965092591192,43.35632629014497],[-5.857192602284233,43.35644455752051],[-5.857413372369682,43.3563150821693],[-5.857256479094088,43.35550865658075],[-5.857388181824302,43.35535411292655],[-5.857636718611456,43.35539146440661],[-5.857878954050165,43.35529464416026],[-5.858756627732781,43.35529106145752],[-5.858768994134461,43.355921023105594],[-5.858899342783973,43.356002526469695],[-5.859259575346506,43.35579088178872],[-5.860118177950495,43.35568147145564],[-5.860478763668737,43.35547746918671],[-5.860974746994701,43.3555288770957],[-5.861095733939408,43.35547773500041],[-5.861194081969443,43.35541013777811],[-5.861173322014289,43.35523058013347],[-5.86094735087081,43.3550561601414],[-5.861067871409287,43.35488516031361],[-5.861110511818937,43.354511842994135],[-5.8613910923020125,43.35387454686379],[-5.861751725449592,43.35368403978718],[-5.862715866381651,43.35411148443203],[-5.863032787388914,43.354686875142505],[-5.863152903505583,43.35461729745355],[-5.864259488138248,43.354533944985334],[-5.864378704088256,43.35444528055771],[-5.864509361386174,43.35459967051219],[-5.864632776909799,43.3546002180436],[-5.866044024070171,43.35366790897962],[-5.866124681344209,43.35330573126603],[-5.866646742590024,43.35282434975832],[-5.866383139407395,43.353209210041804],[-5.866432445453126,43.35351378527139],[-5.8669253335161935,43.353499732832724],[-5.867411073414109,43.353333986645204],[-5.867661818038661,43.353418237692324],[-5.868026127297725,43.35329405724555],[-5.868272662716141,43.35328899245399],[-5.8683883264591525,43.3531251424518],[-5.868643272677385,43.35329851243019],[-5.868887885818776,43.35325267461946],[-5.870096318417149,43.35271334408049],[-5.870461764014087,43.35261344858537],[-5.870892047115902,43.352645832234494],[-5.871564752885513,43.35298908521282],[-5.871513872925796,43.353170441088615],[-5.871602504004873,43.35334829133652],[-5.871737651409206,43.35350409891634],[-5.871999537281327,43.35360842988057],[-5.871895315523478,43.35370108779966],[-5.871880930987534,43.35392558977645],[-5.871007166000129,43.35282301753203],[-5.8705924392878766,43.35276798148699],[-5.869620366255667,43.35308638969233],[-5.86943636877851,43.35331266356183],[-5.86902531769438,43.353550569470386],[-5.868655066688507,43.35354869772018],[-5.8679308917215485,43.35389138162906],[-5.865979061419208,43.35436661062356],[-5.8653867623915925,43.35476485541295],[-5.865386550618689,43.35485489941726],[-5.865147272322007,43.35504486408173],[-5.864163228885847,43.35511033629712],[-5.864035892093423,43.35502649989793],[-5.86367402196992,43.35520290008273],[-5.862373757350533,43.35547063455403],[-5.861875389778981,43.35575323247563],[-5.861912201500965,43.35611246537233],[-5.8621219736800745,43.35630914421084],[-5.863366152736969,43.35652688657703],[-5.863486888288869,43.35647040445552],[-5.864004797338182,43.35651023351393],[-5.8640862517483505,43.356598230759026],[-5.864477959986931,43.35667845151455],[-5.864726021649338,43.356580805335525],[-5.865145430607277,43.35666171868126],[-5.865146590375927,43.356751728276514],[-5.865700224190719,43.35700796225497],[-5.866229337777012,43.357895079132675],[-5.866527264878171,43.35814580742289],[-5.86670943757761,43.35815315244893],[-5.866659685652762,43.358337330220955],[-5.8669120175417255,43.3584548419752],[-5.867648366209391,43.35836919671555],[-5.86789064274125,43.35827334285225],[-5.86813778008987,43.35828061828945],[-5.868267884966622,43.35842290207168],[-5.868515221190669,43.358434381904],[-5.868750275701465,43.3581853834073],[-5.869483737598056,43.35803865444502],[-5.869854170237835,43.3580437962649],[-5.870522642551654,43.35769727718876],[-5.87055368852551,43.35760645869977],[-5.870290254576856,43.357252921133394],[-5.869805152525331,43.35700456591438],[-5.867849038401484,43.35739069004194],[-5.866740650619771,43.357436763840255],[-5.866606379308553,43.35734538980876],[-5.8667310647936475,43.35723331255421],[-5.867103306453126,43.35727695268757],[-5.867532764185363,43.35705203191692],[-5.8680786691071996,43.357026651565306],[-5.86819798334298,43.35694009121665],[-5.868568669855855,43.3569507619355],[-5.86951532216933,43.35664211198159],[-5.869107293947872,43.35528921029138],[-5.869243954689953,43.355298345819506],[-5.869612570023738,43.35618947674259],[-5.869908645601833,43.356632234855425],[-5.871188317856445,43.35755182763014],[-5.87143525671056,43.357554951938475],[-5.871920149395116,43.357370845385326],[-5.872037033513227,43.3572329057409],[-5.872528827525834,43.35719507189819],[-5.873583905568957,43.35680999221597],[-5.873510795943753,43.35636163742038],[-5.873342623397357,43.35613694999664],[-5.873218045328761,43.35611184977408],[-5.873212471466656,43.35591894526165],[-5.872818811360592,43.35549644511944],[-5.871838558361034,43.35564219913203],[-5.8716173703140395,43.355598884515196],[-5.871831082474181,43.35548380192029],[-5.872685509887829,43.3552865368738],[-5.872733342001843,43.35512064295488],[-5.872502385620143,43.354766293949986],[-5.872532210446857,43.354652990528194],[-5.873861358154785,43.35635282190562],[-5.874272875608447,43.356342472187826],[-5.874325903429836,43.35605518561629],[-5.8744554117088255,43.3561846414506],[-5.874822091979581,43.356110596044665],[-5.875074491216016,43.356229401726196],[-5.875688435329125,43.35616548428613],[-5.875814278526176,43.35621732835846],[-5.876059273356734,43.356179435781144],[-5.876310395235398,43.356271162937134],[-5.876447063628547,43.35619772781225],[-5.876536598722475,43.35583578597442],[-5.876790969251156,43.35599624052553],[-5.8768813671158755,43.35591667925786],[-5.876862658361732,43.35555699572158],[-5.876802232795024,43.35537843962624],[-5.8766345180972746,43.355296978995376],[-5.876156141091692,43.35440427746368],[-5.876401883113617,43.354127976326595],[-5.876327386039613,43.3540202743895],[-5.87617034069291,43.35404376547446],[-5.876077539595729,43.353955332228644],[-5.876042454990589,43.35404698408861],[-5.8761669122873155,43.354223929068155],[-5.8760937482937114,43.354298266889266],[-5.875968731392153,43.35426382478476],[-5.875822094717095,43.353782413785396],[-5.875931742554976,43.35348119155034],[-5.876061653837025,43.35361922425677],[-5.876304016437232,43.353230053059164],[-5.87664864684203,43.35298576515928],[-5.877015130411766,43.35290802070431],[-5.8771422963485405,43.35298796353045],[-5.877258386130022,43.352833642477236],[-5.877746418525145,43.352717086313056],[-5.877996681915745,43.35279091646113],[-5.878242102459787,43.35276234371223],[-5.878495990874736,43.35291279259517],[-5.878801342651132,43.35280701443405],[-5.878854760083151,43.352672041486876],[-5.879104601229881,43.3527369227926],[-5.879348792136622,43.352682378181804],[-5.879599380138967,43.352763030563054],[-5.880088208074646,43.35266339142298],[-5.88055345912942,43.35206570502149],[-5.880682208088302,43.352179029948694],[-5.880747348850533,43.35212770453709],[-5.8805867474892555,43.35195167562616],[-5.8806812182364645,43.35185925559768],[-5.880592850821316,43.35177144445967],[-5.880655509026036,43.35161500211402],[-5.881970065981302,43.35071413344957],[-5.882574956630915,43.3504604042184],[-5.882824373685435,43.35051644451121],[-5.8833085548830395,43.350319216883605],[-5.8835540599064435,43.35029269068836],[-5.883680237531464,43.35035171449125],[-5.883679534391272,43.350252977827864],[-5.884036831950936,43.35006581428782],[-5.8845260127198795,43.34997422824985],[-5.8847746543057475,43.3500139139272],[-5.885015256796639,43.34988400890767],[-5.885140492260297,43.3499231473342],[-5.885497727401552,43.34965095729671],[-5.8862229585361465,43.3493336866316],[-5.8864439260167645,43.34901268483768],[-5.887280425532344,43.34827124390473],[-5.887881305694436,43.34788042571239],[-5.888468605060715,43.3476109469998],[-5.888981612141963,43.34766812643264],[-5.889217308803946,43.34743525581488],[-5.890071223807264,43.34723075895597],[-5.89044041989735,43.347211222716815],[-5.891065645091857,43.34738706155045],[-5.891682580512874,43.34738834076744],[-5.892551891579686,43.34750799632883],[-5.894146933412389,43.34732218957506],[-5.8952593383051415,43.34736490453572],[-5.895254138195673,43.34725558710585],[-5.895997005162208,43.34731063334949],[-5.896115980106111,43.34721816754314],[-5.896240117978534,43.34723420868841],[-5.896432343961937,43.346959184796845],[-5.896831068262008,43.34668955165558],[-5.897316857543435,43.34652769556496],[-5.897741990322908,43.34647579013552],[-5.897623791914455,43.346388748607936],[-5.897881441670036,43.34602206072675],[-5.898338529050751,43.34565031421873],[-5.8987165681149145,43.34501045505379],[-5.899148905214748,43.34463933309297],[-5.899404350368639,43.3442726976694],[-5.899668739782695,43.34410152744887],[-5.900040525375667,43.344136810872236],[-5.900278467574067,43.34395223465231],[-5.900451054667636,43.34406605893723],[-5.901280071333322,43.34425982632972],[-5.901523058658387,43.344181161565054],[-5.902016285683714,43.344175993516046],[-5.902501593157917,43.344004739302235],[-5.9026269273569,43.34404597286351],[-5.902940221861053,43.343822777396404],[-5.903352836641894,43.343746178872486],[-5.903974767191068,43.343852941371885],[-5.904371447741312,43.34360633423904],[-5.905074102579923,43.343623004712974],[-5.9057987115492,43.34329632920428],[-5.906777918029206,43.34313453943468],[-5.9071469071744716,43.34311130880464],[-5.907522424626176,43.34322476331032],[-5.907641338872137,43.34313155594364],[-5.908509808694678,43.343234246312704],[-5.908878362543307,43.34320190835106],[-5.909506382492732,43.343475713518956],[-5.909551352964432,43.34365464580126],[-5.910128826620516,43.34409013461997],[-5.910690835006755,43.34498672120291],[-5.911066478683163,43.34541683188654],[-5.911329377404682,43.345440262333284],[-5.91145759603463,43.345541611572884],[-5.911702680614772,43.34550696182561],[-5.911837178662789,43.34573955655526],[-5.91232381982858,43.34559650416811],[-5.912825256680299,43.345762676551864],[-5.9130669452730205,43.345657067293004],[-5.913511010600926,43.345624649607004],[-5.914036567177972,43.3460614420159],[-5.9138691592567,43.346155749368116],[-5.913956965102546,43.34620894986384],[-5.9140736369434475,43.346068995471825],[-5.914324186259009,43.346148465989266],[-5.914704321106534,43.34635766732178],[-5.914721621883422,43.3464941639029],[-5.914837117705765,43.34655445118827],[-5.915200578854667,43.34641543872432],[-5.915446953399015,43.346407692063835],[-5.916281183835227,43.346544413576254],[-5.917182159505439,43.34657434025243],[-5.918052744189531,43.34631911303676],[-5.918045797102766,43.34622925187999],[-5.91830219974963,43.34604262720675],[-5.918427191307063,43.34567928096014],[-5.918925646302659,43.34548647298244],[-5.918871390558286,43.34530778169801],[-5.919051452543847,43.345123105231494],[-5.919099005093422,43.344851774857126],[-5.919387952307822,43.34475435496911],[-5.919665703394873,43.34433763121838],[-5.920147097980129,43.34408583284309],[-5.92114596745462,43.34389437934435],[-5.921188460869423,43.3447798370647],[-5.9204337580503426,43.34491796024384],[-5.920203380022682,43.3450936746809],[-5.919951433435296,43.34555030541892],[-5.919939148811343,43.34582073496271],[-5.919545068071081,43.34619095791828],[-5.919577659405306,43.34637020235011],[-5.91934979583699,43.346646139343804],[-5.918442553232015,43.3471303964786],[-5.918196006139039,43.34713459660055],[-5.91806661740235,43.34700914824965],[-5.917947308264679,43.34709393538153],[-5.917820834838949,43.34702928646825],[-5.917857840766717,43.347134436698596],[-5.917706769165194,43.34722346145022],[-5.917219100297766,43.347345072610295],[-5.9168436851808535,43.34723466750719],[-5.916476003216831,43.34728561726783],[-5.91609865670912,43.34713486500315],[-5.915983331905721,43.3471822841609],[-5.915983362561276,43.34730351758536],[-5.915613339026083,43.34730561087561],[-5.914989308680413,43.34715616939637],[-5.914623401081837,43.34724419532654],[-5.914489147467547,43.347017003653036],[-5.9143692370389696,43.34708933835541],[-5.914156913368676,43.34704879735943],[-5.91339368346416,43.346618065174816],[-5.9132789122482,43.34653095256859],[-5.913350200389004,43.34641990307695],[-5.9132306168501145,43.346499072086594],[-5.912613224771195,43.34648805640272],[-5.912246251173826,43.3465537930246],[-5.91232376823087,43.34664533699424],[-5.912251522568649,43.34666396404439],[-5.911873284300677,43.346494271850815],[-5.911502603909226,43.34648253500059],[-5.911250138013631,43.34636294719853],[-5.910880787212347,43.346378992773296],[-5.910751713956048,43.34625979110755],[-5.910582256901237,43.34623951321845],[-5.910711894172805,43.34614617273183],[-5.9106203960641785,43.346093639117115],[-5.910375731734871,43.34613714014181],[-5.910014714466346,43.34598385118406],[-5.909805651345772,43.3457190589446],[-5.909219052505616,43.344653530671685],[-5.909138914107134,43.344385454940785],[-5.909243293555416,43.344202720474584],[-5.909170733249511,43.34415685081793],[-5.9090524573046785,43.344263405247645],[-5.908928589228065,43.34425295085717],[-5.9086644046969266,43.343887817698196],[-5.908165925394315,43.34378298498815],[-5.9077964349496295,43.3437957980036],[-5.907419553434684,43.34365387019347],[-5.9073004152850555,43.34374241722126],[-5.907232765255788,43.34362361616237],[-5.907046185379945,43.343585475444065],[-5.90687036409605,43.34363283515895],[-5.90695050524312,43.343720835209574],[-5.906818268772297,43.343979535890696],[-5.9064509690908,43.3440382625521],[-5.906322419164102,43.343929730971034],[-5.906099759850939,43.3441026276438],[-5.9058406036612245,43.34417389432848],[-5.90510609584736,43.34429337002885],[-5.904857735604135,43.34425935787638],[-5.904206011977316,43.34451092511888],[-5.9038782835184405,43.34441648515541],[-5.903633765313522,43.344463012215314],[-5.902417221098419,43.344736448268605],[-5.90156287187991,43.345016383738106],[-5.900699832606104,43.34502794812312],[-5.899918804626139,43.34534010780054],[-5.8997901027002815,43.34570352827784],[-5.8996234402988055,43.34574038273374],[-5.899290291101964,43.345986325884375],[-5.899032001177169,43.34627406477351],[-5.898813339529545,43.34686373464012],[-5.898332447001021,43.3471283933613],[-5.897724127689854,43.347308032634366],[-5.8973944908930145,43.347565064882744],[-5.89662469450598,43.347537893015556],[-5.896339716741709,43.347591802950895],[-5.895777929403476,43.34789228637327],[-5.895170828683147,43.348097861828336],[-5.893946969693865,43.34830616458466],[-5.892091985939069,43.348215000434095],[-5.891713187408653,43.34803254740042],[-5.891596913472931,43.34818203829741],[-5.891105235824793,43.348220531938956],[-5.8903501844176045,43.34790906001967],[-5.88998458976992,43.34800453264662],[-5.8896123782058485,43.34796065921213],[-5.889369805305924,43.348048694521516],[-5.888770878032906,43.348323615706505],[-5.888530507824627,43.34856147821508],[-5.888045123253855,43.34873269757937],[-5.887620758054659,43.34916303134736],[-5.88709418231645,43.34949329275073],[-5.886621454818761,43.34993160561369],[-5.886257550640593,43.35006310121347],[-5.885888987903268,43.35009638838679],[-5.885648185378693,43.35022205226982],[-5.885277411470065,43.35020872716974],[-5.884928913187983,43.35040152135622],[-5.884799957116016,43.35058485409951],[-5.883096679383348,43.35105561879593],[-5.882495578012356,43.35138942472547],[-5.882249916502153,43.351412749925714],[-5.88187909204093,43.351919092088416],[-5.881535112614486,43.35195118793445],[-5.881235052948562,43.35247556381914],[-5.880815834252749,43.35275624866537],[-5.880721663517485,43.35301251086287],[-5.8803190546210065,43.35312892555123],[-5.880117163228676,43.35327517749],[-5.878280312723721,43.35357019045345],[-5.877793705312912,43.3537169993229],[-5.877424486021449,43.3537369698353],[-5.877222835152714,43.353837193657206],[-5.877318368515424,43.35428498155263],[-5.877592018198283,43.35472828433793],[-5.877755510620911,43.35553451503184],[-5.877669303794226,43.356304673049216],[-5.87742534965405,43.3563645609227],[-5.877070090107114,43.35668010066051],[-5.876944479657603,43.356633222255375],[-5.876699990787719,43.35668184290527],[-5.876582373675134,43.356804032787636],[-5.876338647086283,43.35686879901048],[-5.876216432821971,43.356893761674016],[-5.875853322165178,43.356752903084995],[-5.875962205536297,43.35673638788618],[-5.875957643082119,43.356639862452624],[-5.875835407111228,43.3566633153063],[-5.87582686216913,43.35675356896908],[-5.875473812170402,43.356846053992086],[-5.875226709820672,43.35683941211719],[-5.874862685254558,43.35696974539401],[-5.874615173999539,43.3569544579699],[-5.874242616513103,43.357153580936604],[-5.874662678345608,43.35795336246658],[-5.8745129851472875,43.35849735963766],[-5.87469681122122,43.35868232979742],[-5.87570128908067,43.3590482170601],[-5.875944454279102,43.358971377734925],[-5.876442351384953,43.35906238879833],[-5.8767063335018195,43.35925251411512],[-5.877448008251483,43.35945284838161],[-5.878193624508178,43.359563169609295],[-5.879554068097343,43.359627534004936],[-5.879866629901719,43.35989322351159],[-5.879998477920943,43.3601600164131],[-5.879915600656569,43.36043222076989],[-5.879603709311534,43.360676317375855],[-5.879526986047012,43.36053205237663],[-5.879702586170202,43.36015819741011],[-5.8795688307591005,43.35993943467983],[-5.879190230345917,43.35976196321097],[-5.878203378454434,43.359769346386074],[-5.8780773921342435,43.359714678694786],[-5.87791257517144,43.3598524125993],[-5.877951423661941,43.36003151138442],[-5.87773576888613,43.3603188242707],[-5.8774948483333835,43.36044318457021],[-5.877122330793954,43.360394277620934],[-5.876865817281829,43.360188926150286],[-5.876986986496808,43.360141731555714],[-5.877361674338024,43.36023656160558],[-5.877483653493302,43.36020649753917],[-5.877672713352341,43.36003853018304],[-5.87755228401935,43.35977144702506],[-5.877333045301573,43.35963123368276],[-5.876710316776204,43.35951007096835],[-5.876220694654183,43.359594183162464],[-5.876180475989749,43.35953586629822],[-5.876338406644154,43.35947387669893],[-5.876404126755438,43.35935015987782],[-5.876313314714334,43.35926240705848],[-5.876031308994543,43.359179466188756],[-5.875460876238111,43.3591833046111],[-5.874479591491742,43.358768315443974],[-5.874285345328156,43.35859312410409],[-5.874243855118877,43.35841409044433],[-5.874401500683267,43.35804997081867],[-5.87425749870931,43.35778347697908],[-5.874029641364678,43.35762004863141],[-5.872326045596985,43.35812728143817],[-5.871703122559457,43.35800145918527],[-5.871209111303322,43.35799245757788],[-5.870602371719824,43.35820956700358],[-5.869866022294154,43.35829506476299],[-5.868891291633249,43.35855903676664],[-5.868533430988972,43.358820611031355],[-5.867678659690045,43.35901191205956],[-5.86753085987989,43.359122968551596],[-5.867501269235394,43.359303788329754],[-5.867722524714945,43.35947831347257],[-5.867636792453297,43.359750580744],[-5.867717067432316,43.35982675134098],[-5.868088638994801,43.35985582325395],[-5.8689483472745145,43.35976899486292],[-5.87066064252812,43.359444571225495],[-5.871154929959467,43.35945917583641],[-5.871480583574704,43.35974409879302],[-5.872415791701123,43.36098113575827],[-5.87326871558039,43.36104973216667],[-5.8725922979967216,43.361152911699904],[-5.871752246872444,43.36165645748599],[-5.870036938297968,43.361918192962634],[-5.870031450107329,43.361801863182045],[-5.871619326502942,43.36145485548187],[-5.871880347440417,43.36126470913163],[-5.87168562502877,43.360729371019204],[-5.871497086834205,43.36055403153256],[-5.871310966640991,43.360150709954254],[-5.870856167714273,43.359939864387854],[-5.870891449168992,43.35984893942729],[-5.870801420016025,43.3598128519008],[-5.869938474269216,43.35983100586525],[-5.869204881324708,43.35997538656056],[-5.868832774480764,43.35993498956133],[-5.86798017462767,43.36037223376181],[-5.868111506462294,43.36063905349865],[-5.86863060084747,43.360881450047394],[-5.868759121647449,43.360982952161955],[-5.868765205402798,43.361119006236216],[-5.868344613653049,43.36207382035754],[-5.868601538435103,43.36224744837929],[-5.868624823451517,43.36242694104535],[-5.8676986008458885,43.36389080534122],[-5.867767697779114,43.36397910993119],[-5.868037617226794,43.36400865566908],[-5.868416463288913,43.36419144767455],[-5.869073044451155,43.36457661438966],[-5.869002681988719,43.36475845806221],[-5.868381039032557,43.36531429477736],[-5.8683972717762245,43.36549396443269],[-5.868603645865858,43.365543759817555],[-5.868967924404865,43.36541745490609],[-5.869235744356623,43.36520279930968],[-5.869318910185034,43.36500938641024],[-5.86977722351356,43.36491908679925],[-5.871995587259504,43.364196892975066],[-5.87333759624211,43.363868918476044],[-5.8752980997757644,43.36357203927187],[-5.8773829163258196,43.36329471576852],[-5.877598988159784,43.363371813305264],[-5.877391746336372,43.363481390927824],[-5.874447855617955,43.36386008658243],[-5.874049610612116,43.364181444857905],[-5.874125439674673,43.36426957624829],[-5.873953477045905,43.364453978237805],[-5.874099389296246,43.36463038560023],[-5.876062378876687,43.36407609066426],[-5.876310080580246,43.364094782510186],[-5.876917801841681,43.36389764533106],[-5.877532566842148,43.363849493490704],[-5.877819455405057,43.36372641554982],[-5.877889385120086,43.36356610741106],[-5.87812814357824,43.36339581266655],[-5.878179121972871,43.36362731883501],[-5.878392946639281,43.36377596204816],[-5.878880549213491,43.36364853600735],[-5.879626803779239,43.363771190246254],[-5.87974670718656,43.36369715532812],[-5.880482059828843,43.36358953416339],[-5.880587150865215,43.36320272945396],[-5.880853445255678,43.363614063555254],[-5.881595676588228,43.363651714528984],[-5.8822090141618055,43.3635735699626],[-5.883911522904912,43.36304199587069],[-5.886063992448993,43.361590734659764],[-5.887123227480496,43.36050769397911],[-5.887604887981204,43.36025601423446],[-5.889074388857761,43.36001780515078],[-5.889682954298832,43.35984016574636],[-5.889800366362118,43.3597140986973],[-5.89016946111578,43.35969083449738],[-5.890389406815881,43.35953751382416],[-5.8913916125253065,43.35944154126272],[-5.8930978026233785,43.35899148590042],[-5.893224761503139,43.35906635480522],[-5.893471217779506,43.35905918461444],[-5.89371299856572,43.35895371478712],[-5.8944491691443925,43.35886501539379],[-5.895804962717686,43.35883167589253],[-5.897031477482276,43.35867486947865],[-5.89715879712523,43.35873582290408],[-5.896223909771753,43.358939597964756],[-5.896566855659159,43.359283347871475],[-5.896931828871634,43.359173638377996],[-5.897314386520971,43.3594332024565],[-5.89755909347072,43.35938928255654],[-5.898064747577153,43.3596423931491],[-5.8981856340450145,43.35958963418491],[-5.89843544910521,43.35965293394167],[-5.898555286511881,43.359578162474804],[-5.899302713083889,43.35972565033482],[-5.899544670969502,43.35962405604853],[-5.9002893501993015,43.35971385286306],[-5.900542195205346,43.35984064816269],[-5.901156214042342,43.35977811519788],[-5.901654075338985,43.35986745660535],[-5.901897397218978,43.35979452967066],[-5.902274930275645,43.35994824104127],[-5.902395051058528,43.35987949723869],[-5.903012379587012,43.35988635740827],[-5.903392701013169,43.36009842468816],[-5.903885977098939,43.360091582104424],[-5.904386079490353,43.3602277295312],[-5.904767596210775,43.360464684458066],[-5.904886723010253,43.36037516262602],[-5.905274556144354,43.360744320790914],[-5.9055165154969735,43.360642884904124],[-5.905886253392643,43.360855224608265],[-5.905899527020274,43.36103496394109],[-5.90634943793875,43.36147371424604],[-5.907195429776724,43.36280277094224],[-5.907907176673405,43.36359500689131],[-5.908508749989458,43.3638637897362],[-5.909628945387272,43.36406283018623],[-5.910255135832012,43.36425401395222],[-5.911154929229194,43.365004752997464],[-5.912357469017416,43.36537247868388],[-5.91203714151207,43.36538779481486],[-5.911162786363802,43.365168920564784],[-5.910012203219813,43.36433523321647],[-5.908266609305921,43.36396159001242],[-5.907761417596401,43.363719809484394],[-5.906943513606007,43.36280917962175],[-5.906179576413878,43.361606893664344],[-5.905538707656745,43.36110753845134],[-5.905167948121274,43.36109599221307],[-5.904791473452122,43.36096475158336],[-5.904669600906903,43.360996793235905],[-5.9041709868074745,43.36089196965415],[-5.9037927034086435,43.360722763751],[-5.903662709983837,43.360584663343076],[-5.903165661075028,43.360512530854535],[-5.902678031698168,43.36063779404076],[-5.9021756137003685,43.36045309878119],[-5.901809049039839,43.360529401748465],[-5.901557019972566,43.36041983093347],[-5.901070347015925,43.360565205475844],[-5.900944468704786,43.360513266930624],[-5.900454163739287,43.360582508087944],[-5.89810095510234,43.36040247025003],[-5.897600313838289,43.36025474705222],[-5.89734358626837,43.360046336439744],[-5.897222392393803,43.36009267445972],[-5.896348414195129,43.35987898700554],[-5.896199661971998,43.359930635993415],[-5.896281961783067,43.35974847314518],[-5.89597221297006,43.359752932465206],[-5.895840757213138,43.359583691495494],[-5.895224659404422,43.35960261587327],[-5.894970514789266,43.35944825567144],[-5.8947323383006305,43.35962947088401],[-5.8942384546276285,43.359623489387786],[-5.894108002074728,43.35947522967915],[-5.893627770548217,43.35975625677872],[-5.893378608144815,43.35970658519411],[-5.893020622202029,43.35996343375678],[-5.8926494039152,43.359942046913346],[-5.891920427161253,43.36018241252617],[-5.89069715718514,43.360408428766725],[-5.889239557392131,43.360897288893604],[-5.88837567698395,43.36089594789223],[-5.887637343077519,43.36122778303836],[-5.8846618412927505,43.3632502951979],[-5.883388507236283,43.36394618615797],[-5.883314270203064,43.364128136303876],[-5.883739269828249,43.36461479647482],[-5.884355271443279,43.364592689618476],[-5.884933670085886,43.36377773858935],[-5.884946298233807,43.363996907527664],[-5.884748709513544,43.36436204963301],[-5.884746520544396,43.36463222036544],[-5.88485416292617,43.364703424575076],[-5.885719389619067,43.36473200012637],[-5.88645638751199,43.36465901594541],[-5.88695284846028,43.364718448754964],[-5.887393132846921,43.36447533975054],[-5.88742967590978,43.364364254318936],[-5.8874641144028965,43.36447354621421],[-5.887813201003623,43.364644801930545],[-5.887938844168212,43.36491174215084],[-5.88771549178936,43.36518570116715],[-5.887352221003361,43.36533237825766],[-5.887097420039895,43.36556327293167],[-5.886785949631202,43.365661180208896],[-5.886033962081032,43.36615996067342],[-5.88506505392649,43.36654780946339],[-5.883720745787201,43.36682716997832],[-5.883479349034575,43.36694175508361],[-5.88292894298344,43.36692905116587],[-5.881700668668592,43.367140108791915],[-5.881319623392208,43.36741983260773],[-5.88130327962875,43.367900026392164],[-5.88123611642513,43.367511976613066],[-5.880906655942521,43.367340206041185],[-5.880413934202215,43.36736308656002],[-5.880179148507747,43.36761745656646],[-5.8800474933291,43.36744346108645],[-5.879923290421207,43.36742683687224],[-5.878941645110549,43.36754684538276],[-5.878620259732861,43.36775797849363],[-5.878750053935751,43.367934785786325],[-5.878653403964872,43.368477451376265],[-5.878816659887676,43.3688334925714],[-5.878391104327558,43.368952832231145],[-5.877163556515112,43.36909320294432],[-5.877015069500113,43.369058941598475],[-5.876843998836542,43.36888317149455],[-5.876742605884014,43.36843553163114],[-5.876877082991202,43.36825528631604],[-5.87724129698885,43.3681276465956],[-5.877733031541563,43.36808676991371],[-5.878035562258856,43.36795278282928],[-5.877972255476613,43.36777430025786],[-5.877711309268543,43.367627665078665],[-5.875628780347767,43.3679564654402],[-5.875154242164684,43.36820539082108],[-5.874794621969232,43.36858607224718],[-5.874551873665038,43.36867256429147],[-5.873568331047385,43.36875306997192],[-5.872222811915265,43.36900894716493],[-5.8707493325042535,43.36916886646053],[-5.870377772281679,43.36914127347279],[-5.870250900448731,43.369068115672405],[-5.870109794004719,43.36869331169053],[-5.869860419528334,43.36863952983254],[-5.868976874031347,43.368810840115756],[-5.868530147466134,43.36921896256973],[-5.867908702486008,43.36912676010637],[-5.867530056730039,43.368948854289414],[-5.8669092318904354,43.3688697170016],[-5.86654535224725,43.369005008302935],[-5.8662381262340295,43.36851941242149],[-5.86602154598914,43.36836561766203],[-5.8657741386415125,43.3683534797636],[-5.86478436870854,43.36891602055045],[-5.864847137329743,43.36918456254771],[-5.865084104962678,43.369268660067],[-5.865057298663567,43.3693593706751],[-5.864836718360595,43.369413301008784],[-5.864702456524301,43.36918312222373],[-5.864580637148146,43.369217092535145],[-5.8644532963386835,43.36913383319745],[-5.864536398315494,43.368922236739046],[-5.864187508580818,43.368750904821795],[-5.864311627858979,43.36874633969193],[-5.865028765255263,43.368250154985425],[-5.865275110947179,43.36823976917008],[-5.8654504717155955,43.36799893451065],[-5.865400376651931,43.36754999793883],[-5.865239238019838,43.36737396123682],[-5.865319256481431,43.36728191633811],[-5.865038429533115,43.36683876468583],[-5.8648311132672575,43.366674119796656],[-5.864189367949738,43.36686004876178],[-5.864136686937367,43.36695140770528],[-5.864235265729074,43.367124823639244],[-5.863603738534261,43.36681787785488],[-5.863666403752702,43.36660303947914],[-5.863591305246203,43.36655378848172],[-5.86346915103845,43.36658054940329],[-5.863089442173559,43.366379437991874],[-5.862967462506181,43.3664099044928],[-5.8628209502570545,43.36653418437824],[-5.863357454672345,43.36706097395834],[-5.863392079338553,43.36715014492856],[-5.863251091520195,43.36719168375836],[-5.863125670877809,43.367149083919784],[-5.863068640979763,43.36697817176863],[-5.8626057170745725,43.36659042458474],[-5.862239743208016,43.36668113332653],[-5.861375761447291,43.36667939974837],[-5.861303351337193,43.3667522703694],[-5.861390252790926,43.36693017157262],[-5.861024995990456,43.36709348267889],[-5.860988596321489,43.36739042098563],[-5.8610936813571755,43.36765790571572],[-5.861821436480717,43.36835999106059],[-5.8617404558831,43.3687221732495],[-5.861369329408857,43.369091620822715],[-5.861516853148717,43.36917796535892],[-5.861125714906865,43.3692345818177],[-5.8600426688191725,43.36982424864674],[-5.859554193924365,43.369935013051126],[-5.858718491388348,43.37053588569716],[-5.858571349768831,43.37078234014401],[-5.858586929652899,43.37096202748131],[-5.858870901805857,43.37115254369754],[-5.859618008044744,43.37129217507107],[-5.859783735033817,43.37138227559299],[-5.859815489841561,43.37147151942654],[-5.860154575877351,43.371643110020976],[-5.860518699358955,43.37207295069276],[-5.861970110876705,43.372858193773695],[-5.8628130843024255,43.37361788145624],[-5.863792964918769,43.3738929878442],[-5.8640664001535105,43.37402195982127],[-5.864134792468591,43.374154536242635],[-5.86407482952948,43.37420092781188],[-5.863568541751395,43.37393401409811],[-5.8624402084044505,43.37356284562843],[-5.862322036257253,43.37367451182843],[-5.862274837153256,43.37348083097013],[-5.861937551645039,43.37312912469322],[-5.859897374391825,43.37198367293629],[-5.859771517437255,43.37201285098051],[-5.859682599879354,43.372555307233874],[-5.8593608779623025,43.372743434828635],[-5.859202370086257,43.37295240147766],[-5.858960925102477,43.37306745644708],[-5.858592842499556,43.37311424320139],[-5.858099251082091,43.373116759056984],[-5.856963965867099,43.37259658290199],[-5.856211400199998,43.372340930859124],[-5.855839871498143,43.37231428920596],[-5.855584429577027,43.372131349577096],[-5.85546089761916,43.37212908094159],[-5.8551308588341655,43.37239900729131],[-5.854678089478899,43.37304058850057],[-5.854768155794675,43.37314754804982],[-5.856284837456373,43.373904442866106],[-5.856779535822444,43.37424861213598],[-5.856678423652795,43.37440040026495],[-5.85637812438014,43.374348684994274],[-5.85478429847112,43.3734914079673],[-5.85431086102882,43.373139800156935],[-5.854334004777833,43.37286910649114],[-5.8551010413088855,43.371949559602044],[-5.854452282682187,43.37167717701126],[-5.85400303167892,43.371616833494414],[-5.85382752929945,43.37151456766876],[-5.853705647610226,43.37154743937853],[-5.853576407345294,43.37142349089098],[-5.8529482647241835,43.37118852892915],[-5.852199859287423,43.37102084643683],[-5.852075873972249,43.37103467803548],[-5.851308844997283,43.372044243162584],[-5.851269309928603,43.37223310765516],[-5.851147869746475,43.37227545658505],[-5.850990213807714,43.37259242431481],[-5.850780263577104,43.37277773918519],[-5.850814406617652,43.37306076004555],[-5.850479302405703,43.37323543952902],[-5.850403036409574,43.37368753459753],[-5.849494192948597,43.373860771283866],[-5.848755075656521,43.37389186491635],[-5.847516612057699,43.37380274928963],[-5.846670852128321,43.374192433415026],[-5.846017385998658,43.37469722937733],[-5.846016116337633,43.37478729954328],[-5.845460701357474,43.37470844428607],[-5.84546880385017,43.37488159464607],[-5.8455965107038725,43.374972963207725],[-5.84734691117937,43.37545053321857],[-5.848102825026468,43.37577761926233],[-5.848421665654759,43.37616798010751],[-5.8483686278462335,43.37634937916232],[-5.848532259430699,43.376885531462776],[-5.848453649520038,43.377427721997286],[-5.8481119921400975,43.377886430348326],[-5.847228565083479,43.37819513492704],[-5.846147528579242,43.37883394753942],[-5.845912527080796,43.37908767722943],[-5.845847291187004,43.379473506920164],[-5.8456934030452965,43.37968066684066],[-5.845175161527577,43.37994043600708],[-5.845161208420358,43.380210898865876],[-5.845344160271806,43.380656536007116],[-5.845436496508472,43.381284506156376],[-5.84529479785499,43.38171393347157],[-5.844932059772419,43.38187626964647],[-5.8443185339233015,43.38195536696977],[-5.843719658667146,43.38234769408893],[-5.84281762024069,43.38234011022571],[-5.8421228880341545,43.38251947581695],[-5.8415184511432345,43.382793239225165],[-5.841313307000501,43.38273767764935],[-5.842109075845537,43.38222403936395],[-5.842843766469486,43.382096041668646],[-5.843587106052564,43.38215301424836],[-5.8443083192473875,43.38173704473433],[-5.845041502439582,43.3815770617527],[-5.845135313003707,43.381292005330025],[-5.844810478816378,43.37985947680037],[-5.845559193106419,43.379450577840394],[-5.845686343039382,43.378937284077224],[-5.845895378306115,43.37872131718902],[-5.847217998999271,43.37796950329936],[-5.847826146357688,43.377776512359176],[-5.84798216295354,43.37761955058889],[-5.848132330398228,43.377255653931336],[-5.84810409128964,43.37689620372236],[-5.848185986510795,43.37671408555479],[-5.848054445526512,43.37626717146184],[-5.848119994848934,43.376144182038395],[-5.847784039185904,43.37591375640964],[-5.847110527600055,43.37567437466731],[-5.8461099989572425,43.375395202055834],[-5.845865932705545,43.37545498578766],[-5.845366949636295,43.3753427052084],[-5.8448765539800505,43.37541393320208],[-5.84453584918989,43.3755444645388],[-5.843759105568783,43.376104027987104],[-5.843646294671458,43.376466989423385],[-5.843447891078907,43.376537117010656],[-5.843238835371342,43.37674724369062],[-5.843603802127682,43.37772858620408],[-5.843400925107536,43.37817231290346],[-5.8432764847303496,43.37815087370912],[-5.84270687770696,43.37883136405256],[-5.842095958053896,43.37920671388202],[-5.841726397942709,43.37931914995739],[-5.8417002829616,43.37912651550438],[-5.841590282610425,43.37904795330987],[-5.8414686104418,43.37908577059061],[-5.841239004887678,43.378867869853146],[-5.841086628432026,43.37883618407766],[-5.840894363004421,43.3788764383133],[-5.840725720331866,43.37903756965326],[-5.840353574461665,43.37899845870979],[-5.840113890206088,43.379165954080655],[-5.840241502367378,43.37924179118863],[-5.840485585173145,43.37918192000458],[-5.841103875157274,43.37920525984974],[-5.841659185873438,43.379577730025254],[-5.841384146244655,43.379919742885676],[-5.840227914975973,43.380693774750405],[-5.8397023810425965,43.38091343694839],[-5.839821867763709,43.38070386619153],[-5.839562514087189,43.380561808815685],[-5.839317249251447,43.38059650742581],[-5.839077542584792,43.38075023338033],[-5.838702563099364,43.380650640193444],[-5.838591623482294,43.38091842706538],[-5.8383390436730265,43.380796487917905],[-5.8379743008976055,43.38091616636373],[-5.836855780191865,43.380754795340735],[-5.836705463609481,43.380871308208235],[-5.836734152179806,43.38114071158037],[-5.836933730891046,43.381405872576075],[-5.836897426423183,43.38164727390719],[-5.836651464145497,43.381667152069845],[-5.8365209981846515,43.38151667506032],[-5.836274211412716,43.38151887220424],[-5.836157385809786,43.38166075249884],[-5.835905401868287,43.38155155073673],[-5.835672864278516,43.38185923666418],[-5.834936812438352,43.381958313320084],[-5.8339476585513,43.38192421611511],[-5.833302474075697,43.382306310344525],[-5.833252466129453,43.382397588742855],[-5.833417634301988,43.382753647541364],[-5.8331748412737605,43.383883273994805],[-5.832800902459795,43.38429959225554],[-5.832220949913301,43.384606676473084],[-5.831666897907768,43.38477789073568],[-5.83165667650574,43.38522833645129],[-5.831779860242361,43.385315322407116],[-5.8317927356267685,43.3854950803057],[-5.831468409121502,43.385683193920485],[-5.831410105184483,43.385954753999705],[-5.830918827812504,43.38623704104896],[-5.83118626151471,43.3862463631311],[-5.831306727255855,43.38618220360951],[-5.831457018397749,43.38631374548779],[-5.8315219223823735,43.386672291152735],[-5.831270320036573,43.386768563701644],[-5.831213334055404,43.38713012945606],[-5.831106532396213,43.38718513198298],[-5.830740058568153,43.387268760831525],[-5.830823313438741,43.3871397919152],[-5.830481039579713,43.38700879179819],[-5.830414212038602,43.38705988718669],[-5.830506197409805,43.38723768570217],[-5.830429967379805,43.387329612339414],[-5.830611787389746,43.38741514714312],[-5.830398573261987,43.387510466864484],[-5.83037717512302,43.38778111225015],[-5.830227903333477,43.387964886327836],[-5.830270708722201,43.38805386460089],[-5.82998457633448,43.388150989544364],[-5.830017256479618,43.38851033402421],[-5.829742590603437,43.3886972128389],[-5.829706750828978,43.38893985717577],[-5.8295833544113655,43.388941218227856],[-5.8288626221061755,43.389371483646535],[-5.828387698355861,43.38977801676972],[-5.828289090495075,43.39017381194076],[-5.828434798332431,43.390440320825704],[-5.82837323253482,43.39143226739792],[-5.828036079276015,43.39162068870888],[-5.827354459279256,43.39262797822388],[-5.827167909599674,43.392750739457156],[-5.827166467739559,43.39299278307486],[-5.826367034472199,43.39411384380832],[-5.826074246600022,43.39482056828311],[-5.8261116939561335,43.39526983411073],[-5.826004194861535,43.39545256945825],[-5.825699116724366,43.39568163887584],[-5.825220755067918,43.39583209529769],[-5.825340843834109,43.39600920295033],[-5.825000643716212,43.39659294108908],[-5.824869947716733,43.396561075109474],[-5.824277113964515,43.39696562026041],[-5.824112089485292,43.39693996094277],[-5.82406775043952,43.39730121023456],[-5.824353671694204,43.397564258794795],[-5.823254373416407,43.398761922821954],[-5.823128476545639,43.39903514832181],[-5.822302760035422,43.399651087662804],[-5.822060901463192,43.39969178691865],[-5.821333095339909,43.40004276015297],[-5.821082351143821,43.40025617939994],[-5.820360758670823,43.40037714313798],[-5.819999333436148,43.40057155826354],[-5.819885374429855,43.40077676052083],[-5.819385593333851,43.40065080275101],[-5.819088510738353,43.40039542373449],[-5.819438594325434,43.40002663311155],[-5.819414355110118,43.39903680914191],[-5.819549240384224,43.3988534042848],[-5.819582174848314,43.39849243814418],[-5.819982816968943,43.39812239828176],[-5.820372214350543,43.39796389340152],[-5.820731938716513,43.39773319217596],[-5.820960264869611,43.39746800397508],[-5.821502833386807,43.39718449339722],[-5.822093399362493,43.39662967972349],[-5.8225642997111695,43.39580770366416],[-5.8226420687198175,43.395445629106945],[-5.822983469425365,43.39489696517648],[-5.823056176485989,43.39460550732624],[-5.82422424055458,43.39317145649158],[-5.824452551622838,43.39277071416256],[-5.8246204145988765,43.3920653231888],[-5.82453885867055,43.39197119785061],[-5.8231969149018195,43.392319530208155],[-5.821355841525393,43.392554898119315],[-5.819613034703604,43.39224742254918],[-5.819243055906115,43.3922564960638],[-5.818762788789177,43.39254968970168],[-5.817788398591169,43.39349453331036],[-5.817354113069349,43.39368531822927],[-5.816982362587388,43.39409390168403],[-5.816737817330909,43.3941455802239],[-5.816565678056967,43.394064907963006],[-5.816568224914342,43.393794729850654],[-5.817054547792856,43.39298760433237],[-5.817771028788761,43.392144384813896],[-5.817989140505735,43.39177885247946],[-5.817926547184775,43.391600319094614],[-5.817522525905786,43.391250127526924],[-5.815947726263478,43.39041779484928],[-5.815467165165706,43.39004024737867]],[[-5.825198543119088,43.39288226157099],[-5.825196243057702,43.39283278740077],[-5.825152930519289,43.39286250485221],[-5.825198543119088,43.39288226157099]],[[-5.826916962192227,43.3926644873556],[-5.8269631367887325,43.39263765979582],[-5.8269151196912246,43.39262487911761],[-5.826916962192227,43.3926644873556]],[[-5.82552252167928,43.39188377093306],[-5.8253327278812845,43.39204771374054],[-5.825408957532006,43.39209674569809],[-5.825576129861136,43.39195165703115],[-5.82552252167928,43.39188377093306]],[[-5.823425640341328,43.39192762321662],[-5.8245192403487085,43.39154909276604],[-5.825237992067811,43.39107501807706],[-5.8254038903890715,43.39069537768614],[-5.825415908917827,43.390154849831006],[-5.8256787957142215,43.38993396352707],[-5.825686217934077,43.38978801223741],[-5.825916638106993,43.38973865551815],[-5.825995548088225,43.3895102474551],[-5.82616526331746,43.38941601176153],[-5.8262532012565105,43.389233759947714],[-5.826205047246603,43.38869472013097],[-5.826307924000535,43.38851209879171],[-5.82621443782598,43.388177735497],[-5.82513412627742,43.388840635468156],[-5.823909969881521,43.389065326967646],[-5.8231660269974075,43.38899681453299],[-5.822536070162973,43.38872426565074],[-5.8224316534276515,43.38860790475512],[-5.822458051525076,43.38842717577484],[-5.822880114879247,43.38796655791002],[-5.822855630226263,43.387877124259774],[-5.823149622124147,43.387689784502335],[-5.823219836688152,43.38749736719089],[-5.823586844974787,43.38742498786878],[-5.823958245982741,43.38744717428741],[-5.824208188735147,43.387512367248284],[-5.824968991677921,43.38794400273194],[-5.825218407185732,43.38799778511876],[-5.825705324910336,43.387849070096316],[-5.825706145771533,43.3877166347086],[-5.825988411574349,43.38752957761786],[-5.82591989548209,43.38715339129933],[-5.825618467064291,43.387088533376556],[-5.825540525191528,43.38695974813398],[-5.824426062984942,43.38630766511355],[-5.8243626905864065,43.38603911592008],[-5.824444338448974,43.385676943863395],[-5.824359710671602,43.385459460419526],[-5.823842321103349,43.385601783546065],[-5.823837565458104,43.38578197808933],[-5.82357540764684,43.38614861007052],[-5.822934529740846,43.38667070770666],[-5.822568362332467,43.38716391222356],[-5.822110304660827,43.387531396101096],[-5.821966623273561,43.38753892769286],[-5.821950175554801,43.38771941086211],[-5.821795527145759,43.387903306756556],[-5.821180621775136,43.388278643199435],[-5.8210490198997045,43.388604960130664],[-5.8206640199801765,43.38892166536261],[-5.820626765687971,43.389282738868616],[-5.820503125572792,43.38946586760676],[-5.820598058564971,43.39045394764976],[-5.820024904207034,43.39136847807174],[-5.820134257923652,43.391545856301676],[-5.820472948525077,43.39171757415757],[-5.821952613477004,43.39211205211101],[-5.8226921839868595,43.39208563124602],[-5.823425640341328,43.39192762321662]],[[-5.815359049890462,43.38837076452918],[-5.814331837202642,43.38751676731933],[-5.814166034895395,43.38746118023829],[-5.813815631609388,43.38703338221784],[-5.813322512256039,43.38704860636529],[-5.813081292559159,43.38717160203486],[-5.812583782108639,43.38709195933131],[-5.812353294589727,43.38744694104002],[-5.812111849920864,43.387565150149904],[-5.811618128204946,43.38756745583246],[-5.810893731253983,43.387181564593796],[-5.810610070004164,43.38712625842436],[-5.810353843713337,43.38692481685132],[-5.810324167442268,43.387015496097334],[-5.809995472935308,43.38718431508415],[-5.8098364860584955,43.38711752707989],[-5.8098564035338365,43.386846574110855],[-5.809477420940744,43.38666017355499],[-5.809260535872504,43.38677153316687],[-5.809553417633095,43.387034448415726],[-5.8097618952329695,43.38747278407604],[-5.810917766189811,43.38826143592681],[-5.814415163194527,43.389316288712145],[-5.815420288925922,43.389692785842726],[-5.8163957725395585,43.38992732603128],[-5.817176201639975,43.390285048404145],[-5.817667184785878,43.39061629136906],[-5.817689670388347,43.39070820104811],[-5.817935792954093,43.390690853780725],[-5.818434443729811,43.39079429516265],[-5.818679040707058,43.39074405144616],[-5.818818749064941,43.390407814069334],[-5.819025964595227,43.390238138176386],[-5.818995634376379,43.39013333518627],[-5.8186451920252145,43.39001421419624],[-5.818480996363775,43.38978587568104],[-5.817920113103275,43.389439554215585],[-5.817816098489696,43.3892620421282],[-5.817294015687024,43.389004799265784],[-5.816732453692398,43.38847841159768],[-5.816282571006652,43.38821938435795],[-5.81596445492264,43.38811416255499],[-5.815726639835085,43.38831062246081],[-5.815359049890462,43.38837076452918]],[[-5.814278746098172,43.386558019106744],[-5.814110661127256,43.38656215849126],[-5.814166874829274,43.38662030854475],[-5.814278746098172,43.386558019106744]],[[-5.815623751691476,43.386089567847726],[-5.815066205583513,43.38626850762268],[-5.815229136928369,43.38671468650176],[-5.815548472925256,43.38712960929841],[-5.815933371207334,43.38744323484507],[-5.81630777906004,43.387530369995865],[-5.816612887664537,43.38731085799089],[-5.816701916134704,43.387128586533606],[-5.816272209853769,43.38676270113411],[-5.81621782362244,43.38660028658414],[-5.815795228044017,43.386160507747555],[-5.815623751691476,43.386089567847726]],[[-5.809088569957613,43.38626018621665],[-5.809017610467386,43.38632731202669],[-5.809093674218489,43.3863706344106],[-5.809142060693521,43.38632425280427],[-5.809088569957613,43.38626018621665]],[[-5.817009603892448,43.38802138720589],[-5.8174568520090295,43.38834928126444],[-5.817582784497506,43.38840264572862],[-5.817703000209508,43.388332691113845],[-5.81805100809414,43.387850256687635],[-5.818801000952192,43.38644655777579],[-5.818786423631331,43.3862668403012],[-5.817948366491218,43.38563631935333],[-5.8173343386298395,43.38570617670285],[-5.817101300836888,43.386005425861924],[-5.816928035508551,43.38586247328212],[-5.8167230653463475,43.38583550894342],[-5.8161322165608835,43.38606216505897],[-5.816294761876674,43.386598390455504],[-5.816903823038608,43.3870720427394],[-5.817530677955335,43.38665796295827],[-5.817630597562685,43.38647542223925],[-5.817626297257748,43.38667808705051],[-5.816866079522839,43.387214578520584],[-5.81685296714241,43.387394978790695],[-5.816525586403053,43.387673163849485],[-5.816700097133708,43.38800396336784],[-5.817009603892448,43.38802138720589]],[[-5.814221428896881,43.38493873669107],[-5.814063584233691,43.384672508107165],[-5.8141946752028995,43.38455423126962],[-5.814193613306155,43.384399190294495],[-5.814451633268517,43.383942642978845],[-5.8143969792876975,43.38359095857417],[-5.81400801534934,43.38368345218923],[-5.813884665032054,43.38449683680248],[-5.813988770809625,43.384764388968584],[-5.813836686862749,43.384821344004045],[-5.813687629514953,43.385041919831295],[-5.813792758753619,43.38512936983145],[-5.813875019775524,43.38593769130307],[-5.814013557932642,43.385975282524775],[-5.814294387236435,43.38583732551438],[-5.814171866799101,43.38548018860757],[-5.814251253606245,43.38529815644446],[-5.814221428896881,43.38493873669107]],[[-5.813124322112535,43.38543381703909],[-5.8128856558148785,43.385611864750906],[-5.813139866631307,43.38576970048699],[-5.813261912650646,43.38573929092312],[-5.813312333116809,43.38550135266654],[-5.813124322112535,43.38543381703909]],[[-5.8132285033131,43.38501741077571],[-5.813132314885224,43.385055591561304],[-5.813231704967345,43.38508659052292],[-5.8132285033131,43.38501741077571]],[[-5.808357359627054,43.38427265250728],[-5.808468071753802,43.38445000884388],[-5.808512451991577,43.38489911108878],[-5.8089063504664535,43.3849885017813],[-5.808916648529521,43.38470909931399],[-5.808662078732262,43.38462531786345],[-5.808756274847692,43.384442925471625],[-5.8087041195342275,43.38426413019291],[-5.808861430463188,43.38401636976523],[-5.808613388760854,43.38399165422056],[-5.8083698892714315,43.38406525400594],[-5.808357359627054,43.38427265250728]],[[-5.81034373880477,43.38403604713719],[-5.810373377139733,43.383592819967056],[-5.810197451021762,43.38354202477171],[-5.809867158499608,43.38360526833417],[-5.809945784408929,43.383693373598824],[-5.809712903320509,43.38374211119791],[-5.809461174310789,43.383637594203265],[-5.809308185142817,43.38415924296785],[-5.809364660758391,43.38422043229231],[-5.809733771107318,43.38419359276293],[-5.809861747288137,43.38429150718908],[-5.810110270701459,43.38432660582388],[-5.81034373880477,43.38403604713719]],[[-5.8168509901129966,43.38181263701789],[-5.816947016805202,43.381900308527484],[-5.81698700506668,43.38243955429486],[-5.817148454140966,43.38261565145592],[-5.816084440463677,43.38270968329258],[-5.815596858293817,43.38284369017657],[-5.81492939376987,43.38384083670346],[-5.814656222373861,43.384747951121135],[-5.814698773214868,43.38528713442268],[-5.814853953470351,43.38546173786223],[-5.815233141235902,43.385652379730104],[-5.815479543632731,43.38564149928492],[-5.815597597096556,43.38552492596164],[-5.816091218009728,43.38552080841931],[-5.816330213906691,43.38535008584706],[-5.817692551134578,43.38521335511079],[-5.817812570143468,43.38512035715314],[-5.818016599494633,43.38444519152397],[-5.818214929672411,43.384210049409624],[-5.818188350841954,43.38403062777721],[-5.817630377907908,43.38410282015772],[-5.817453300088214,43.38404875295721],[-5.817744319797872,43.38389769582202],[-5.817990642321391,43.3838852560759],[-5.81858386097239,43.383367009545374],[-5.818923791444927,43.38329217977459],[-5.818937631980275,43.38293168409388],[-5.8187950649665785,43.38259724649823],[-5.818545291381226,43.3825351356114],[-5.8173107469885466,43.38252161184562],[-5.817458173592957,43.38242793853521],[-5.817334578166978,43.3818907542301],[-5.817152042234171,43.381772646086276],[-5.8168509901129966,43.38181263701789]],[[-5.80992662664082,43.38302439326247],[-5.810631142846141,43.382956210216165],[-5.810630190729616,43.38286619502951],[-5.809962448825463,43.382522461966865],[-5.809530067679304,43.382082900083795],[-5.809142064180729,43.38207490101908],[-5.809012652940614,43.38194579832139],[-5.808769198116369,43.38202017939076],[-5.808694527055822,43.38210343933249],[-5.808846469505179,43.38227978198194],[-5.809070686952191,43.38320175022331],[-5.809313004036465,43.38310265657102],[-5.809547342796653,43.3828309492577],[-5.80992662664082,43.38302439326247]],[[-5.808433039707076,43.382760041129565],[-5.80843002066433,43.38301032633212],[-5.808569412304285,43.38303980966394],[-5.808433039707076,43.382760041129565]],[[-5.817511831815813,43.38154508830198],[-5.817672000280915,43.38224258924462],[-5.817798475797477,43.382402784442],[-5.818045098889086,43.38239695951986],[-5.818520288590564,43.38222166983003],[-5.818531218448991,43.38177120734841],[-5.8186531424072925,43.38158812291888],[-5.818599662707571,43.3814093648425],[-5.818732963241833,43.38113596112729],[-5.818446981849565,43.38041462153399],[-5.816848228495257,43.380544105368955],[-5.8166792287355,43.38082644620916],[-5.816682924846074,43.381006432309526],[-5.816896295735033,43.381181250078704],[-5.81686956919039,43.38127194748651],[-5.817012621431239,43.38144849835699],[-5.817511831815813,43.38154508830198]],[[-5.80839954144391,43.381300341546215],[-5.808494683035954,43.38142223143679],[-5.8086172948168295,43.38140420405546],[-5.808695936771873,43.381293057037546],[-5.808485616367724,43.38122596655697],[-5.80839954144391,43.381300341546215]],[[-5.809186686525582,43.38036905947444],[-5.808905493129993,43.38038751993782],[-5.808774328017449,43.38066085983696],[-5.808832346719662,43.380715109175256],[-5.809310338525643,43.38064768399753],[-5.809402313838517,43.38046534559492],[-5.809186686525582,43.38036905947444]],[[-5.805139914984843,43.378275097782385],[-5.804792714453502,43.37841764886905],[-5.804787576225408,43.378597852347326],[-5.805002534016318,43.37877265359748],[-5.804890548354779,43.378865441000485],[-5.804866788420195,43.379046101536176],[-5.805102512787357,43.3791303541984],[-5.804894328879324,43.37940558025774],[-5.805069407839031,43.37949132149929],[-5.805110858719745,43.37967038135779],[-5.806211118681114,43.38008853012874],[-5.806581673369161,43.38009348954925],[-5.806851008440209,43.380579791038734],[-5.807097658680487,43.38057468873524],[-5.8071278429470485,43.38043120090388],[-5.806952075091057,43.379985325156305],[-5.806574477395426,43.37993760587754],[-5.806260309577671,43.37964216022306],[-5.8061498869976145,43.379464794474686],[-5.806142675623322,43.379194855554935],[-5.805790720344297,43.379003513572215],[-5.805548060280877,43.37848914587265],[-5.805139914984843,43.378275097782385]],[[-5.805133727058455,43.37984989734362],[-5.804835459665314,43.379702740986374],[-5.804715815805016,43.379785055599505],[-5.804223021827658,43.379806113598974],[-5.804193578699684,43.37987297130451],[-5.804473299518029,43.37987971359928],[-5.804601424572578,43.379981243633424],[-5.8049708634909605,43.37996203508007],[-5.805394389495753,43.38011361454949],[-5.80536508310846,43.379844218009126],[-5.805133727058455,43.37984989734362]],[[-5.804430708030004,43.379506997513715],[-5.804573352011418,43.3793726787341],[-5.804697844387336,43.379395481570846],[-5.80470052522829,43.37914022096095],[-5.804563945303772,43.37916875320153],[-5.804160777377312,43.3790634281365],[-5.804059673577362,43.37897587034218],[-5.804152958473003,43.37879350395792],[-5.804111191783005,43.37861445146954],[-5.803791109781849,43.378470601708514],[-5.803237398078594,43.37854585058001],[-5.803143209555321,43.3786381997061],[-5.8031219842842825,43.378908836410965],[-5.802829730042883,43.379037419306464],[-5.802688033172839,43.37891948011907],[-5.802772153592565,43.37873733961381],[-5.802660921999741,43.378650028964856],[-5.802562756391404,43.37860148806862],[-5.802318680885047,43.378662289174166],[-5.802216580589001,43.37875096439116],[-5.802210875432316,43.37900149738403],[-5.80161493918087,43.37946292868389],[-5.801456275124141,43.37948991512972],[-5.801745744591092,43.37962274670485],[-5.802359135289472,43.37953999367825],[-5.802737755790092,43.37972000017616],[-5.803830590781817,43.37932674276027],[-5.804430708030004,43.379506997513715]],[[-5.798404466366759,43.37944087467632],[-5.800265039936716,43.37963549937395],[-5.8003770850884,43.379426327425115],[-5.800128236964888,43.37934537224252],[-5.799886943515878,43.37946670322991],[-5.79903571232944,43.37918907419108],[-5.798512374295946,43.379103416060175],[-5.798268390815798,43.37916634918138],[-5.7975253621427765,43.379114446930046],[-5.797274176026485,43.37902085088141],[-5.797108383988865,43.37905618758065],[-5.797156735332546,43.37915125007015],[-5.797391351183553,43.379229338560435],[-5.797172558463829,43.37941477161819],[-5.7972941430525955,43.37945484030487],[-5.797671786130641,43.37940255082301],[-5.797482336629425,43.379317149986],[-5.797529371186852,43.37920157738642],[-5.7979064392322295,43.37934820480961],[-5.798277512458149,43.379364540508256],[-5.798404466366759,43.37944087467632]],[[-5.796555155686284,43.37949085916268],[-5.796431144524813,43.37947845763649],[-5.796321801509934,43.37952563131639],[-5.796558857889133,43.37957134780333],[-5.796555155686284,43.37949085916268]],[[-5.794696353416102,43.37933442135364],[-5.7944529216484435,43.37948130834467],[-5.794581042959109,43.37951129961666],[-5.794783957218827,43.37938317420948],[-5.794696353416102,43.37933442135364]],[[-5.799201418274179,43.37882486054009],[-5.799752603269269,43.37908147404805],[-5.799788389009608,43.37899055859985],[-5.799485553853807,43.378791972748765],[-5.799201418274179,43.37882486054009]],[[-5.79986277357827,43.37894184849195],[-5.799909936256307,43.3788975419134],[-5.799789581480929,43.37890049068445],[-5.79986277357827,43.37894184849195]],[[-5.79962466586274,43.37913234243492],[-5.7996277338624065,43.379198970641355],[-5.799677372207458,43.37917335586823],[-5.79962466586274,43.37913234243492]],[[-5.800380773034318,43.379426237050815],[-5.8006315353595435,43.37955240451509],[-5.800838678880257,43.37950505368479],[-5.800623030641554,43.37936777431888],[-5.800380773034318,43.379426237050815]],[[-5.799540367676058,43.378726518778066],[-5.7996077827551265,43.37876568537336],[-5.799660992160173,43.37872356366328],[-5.799604980730281,43.378704832031566],[-5.799540367676058,43.378726518778066]],[[-5.802720177196115,43.3783784596229],[-5.802811756285586,43.37864752172365],[-5.803202642591328,43.378366625757224],[-5.802797598281386,43.37834039224005],[-5.802720177196115,43.3783784596229]],[[-5.80783733575205,43.37825284251933],[-5.807592714427053,43.37792935442478],[-5.80732877397009,43.37790518236542],[-5.8071482962381085,43.37835980925336],[-5.8072450848991135,43.3784206450889],[-5.807738261244129,43.37840813455326],[-5.80783733575205,43.37825284251933]],[[-5.803224451761503,43.37827605208369],[-5.803332169288427,43.378273409699645],[-5.803287131780422,43.378248862489144],[-5.803224451761503,43.37827605208369]],[[-5.817926662611379,43.37717846192944],[-5.8187041262336106,43.377355050694064],[-5.818882230191416,43.377620773369856],[-5.819028625468281,43.37761716208287],[-5.81894543729062,43.377349098298495],[-5.819105372239112,43.377165075648534],[-5.8191188607359745,43.376984665621606],[-5.819515789553461,43.37684333636708],[-5.820139271999933,43.376979303766454],[-5.820255284289234,43.37704666363967],[-5.820201048618229,43.3771380407637],[-5.82065571855179,43.37746873446481],[-5.8208967650496435,43.37734314744863],[-5.8209523445191325,43.377119497094455],[-5.820574035732515,43.37685871932872],[-5.820405561093794,43.37641268434871],[-5.820595624643159,43.376173291365426],[-5.82145888035836,43.375666373705656],[-5.8212779197935,43.37540072552505],[-5.820923234868998,43.3752530628018],[-5.819432815861524,43.37598649501808],[-5.819076998243589,43.376265389199716],[-5.819086798564409,43.37644522472581],[-5.819253357131243,43.376621193030786],[-5.819138608039838,43.37669503648092],[-5.818921557541029,43.37662937825074],[-5.818851433865446,43.37645103073114],[-5.818449602805523,43.376280864730674],[-5.818371974838359,43.375922624679205],[-5.818117576323307,43.37597109970931],[-5.8180125832720675,43.37636899905876],[-5.817650457231673,43.37654545523033],[-5.817616375823325,43.37675160528394],[-5.817712296045274,43.37701935614385],[-5.817926662611379,43.37717846192944]],[[-5.796606148252176,43.377915784025795],[-5.796475048941149,43.377749197204125],[-5.7964548945356515,43.37790167757473],[-5.796606148252176,43.377915784025795]],[[-5.808803630202921,43.377418747896755],[-5.809179552733397,43.37754301950203],[-5.809256933466341,43.37749764390059],[-5.809168388192966,43.37730136813155],[-5.808807933726389,43.3773286034412],[-5.808803630202921,43.377418747896755]],[[-5.8097105507902675,43.37703629832284],[-5.809522909013861,43.37695968692303],[-5.809449292740454,43.37713276025475],[-5.809533421143904,43.377187191221616],[-5.8097105507902675,43.37703629832284]],[[-5.808139988116706,43.37641554781477],[-5.807896667810536,43.37649239256961],[-5.807818359261331,43.37663261249894],[-5.808168841099953,43.377040299760246],[-5.8084162728851405,43.377052432255404],[-5.808616565295521,43.376793074844144],[-5.809215285257925,43.37650824223605],[-5.809125043958921,43.376363173481415],[-5.808139988116706,43.37641554781477]],[[-5.802853855631198,43.376883032593014],[-5.802850093793803,43.37680142373228],[-5.802803080991462,43.376845768369066],[-5.802853855631198,43.376883032593014]],[[-5.803220564986781,43.376805012286134],[-5.803223293362002,43.37686419353109],[-5.803253291095421,43.37683472542614],[-5.803220564986781,43.376805012286134]],[[-5.8166916463841565,43.376054092680874],[-5.816892164369452,43.37616370899487],[-5.817005508067054,43.37604635614158],[-5.816883560785971,43.37597799034128],[-5.8166916463841565,43.376054092680874]],[[-5.820001760131148,43.37534218596272],[-5.820053456552357,43.375128984449596],[-5.818931542643757,43.375548668146735],[-5.818584724202164,43.375827338818425],[-5.818977304636892,43.37587821885352],[-5.820001760131148,43.37534218596272]],[[-5.821887921103462,43.37511554805295],[-5.822151117757667,43.37510904846468],[-5.822295617758535,43.374835363864264],[-5.821886966307961,43.374741832898046],[-5.821628630495836,43.37449455945456],[-5.82125762675723,43.37447920460675],[-5.821887921103462,43.37511554805295]],[[-5.807316984709604,43.374630832937854],[-5.807172653373599,43.37466762437375],[-5.807292720699509,43.37484475233322],[-5.80745101423357,43.37486040023123],[-5.807316984709604,43.374630832937854]],[[-5.823959939012971,43.374195895818644],[-5.824001345594416,43.373622721960324],[-5.823680075210338,43.37348512678797],[-5.823191707729635,43.37360028001451],[-5.822971552303041,43.373738204328795],[-5.822826797167693,43.37371607769858],[-5.822836930335794,43.37393437012475],[-5.822468370135195,43.37397159364359],[-5.8222308400701275,43.374172597259474],[-5.821697507133047,43.37430990202591],[-5.821871724892837,43.374413394398985],[-5.822732737965397,43.37434879054411],[-5.822982469124854,43.37441063145326],[-5.823348844401749,43.37432629890534],[-5.823475291965024,43.374391286307095],[-5.823959939012971,43.374195895818644]],[[-5.820425596146605,43.374161223555554],[-5.820333977882765,43.37416348472934],[-5.820381241324422,43.374212445485156],[-5.820425596146605,43.374161223555554]],[[-5.821119521111059,43.374162879599794],[-5.821240755379876,43.37411555700608],[-5.821378241374148,43.37404766888541],[-5.82098869121431,43.374003360817504],[-5.820933736326485,43.374058642461826],[-5.821119521111059,43.374162879599794]],[[-5.814828156237784,43.37423967307489],[-5.814824467113417,43.37415997525848],[-5.814734744920942,43.374211497622696],[-5.814828156237784,43.37423967307489]],[[-5.821479499236656,43.3739406474898],[-5.821482511656371,43.37400557292468],[-5.821567335131582,43.3739529615058],[-5.821479499236656,43.3739406474898]],[[-5.804583915373899,43.374249414398044],[-5.804505656612849,43.37428291337809],[-5.804586245717886,43.374299941868465],[-5.804583915373899,43.374249414398044]],[[-5.815655882254236,43.37345604537754],[-5.81553583914303,43.37352916210208],[-5.8154104399060085,43.37348659568499],[-5.815326579696993,43.3735666478173],[-5.815302022419694,43.373747330198825],[-5.8150972280487725,43.37384241399387],[-5.815152661107528,43.374021125823035],[-5.815433277708031,43.37397987455613],[-5.816026149983659,43.37363944970682],[-5.815904755276743,43.37349958838539],[-5.815655882254236,43.37345604537754]],[[-5.8298074683594026,43.373479092751914],[-5.830352072241256,43.373632633394394],[-5.830856999885171,43.37387350494147],[-5.831017522454903,43.37380927628548],[-5.8311619058602755,43.37335550617082],[-5.831074259593414,43.373237738903526],[-5.830697816815583,43.37310542003096],[-5.830076329456619,43.373011959049784],[-5.829747356973997,43.37321046537062],[-5.8298074683594026,43.373479092751914]],[[-5.832434485315244,43.37329183362274],[-5.832553980231419,43.37320739670944],[-5.832583705048728,43.3733202724499],[-5.832936422187709,43.37346839247733],[-5.833559703297881,43.373600155217666],[-5.833802822099809,43.373519934796626],[-5.834056758226392,43.37367183704656],[-5.83417697804148,43.37360298685678],[-5.8350390827853,43.37356233672953],[-5.835388414385761,43.37334075538547],[-5.835408414189682,43.37316018193041],[-5.83488730797741,43.37295428151186],[-5.834393772552107,43.37295800436352],[-5.834273267022788,43.373020692423296],[-5.834220289020118,43.372829501107816],[-5.833765817301102,43.37272583033836],[-5.833511041657997,43.37255580724119],[-5.833137070012437,43.37247655162566],[-5.832897626174584,43.372635592082354],[-5.8327452549184775,43.372415881682485],[-5.832514609011422,43.372362126540146],[-5.8321518557145495,43.37252370317897],[-5.831884376375661,43.372977450276515],[-5.832059842517295,43.373198235369514],[-5.832434485315244,43.37329183362274]],[[-5.806275775486712,43.373465833318264],[-5.806177946200037,43.373521551181575],[-5.806281533345308,43.37359060536391],[-5.806333312339687,43.37351773592415],[-5.806275775486712,43.373465833318264]],[[-5.807010699635235,43.37334350525663],[-5.807005786749534,43.37323707049091],[-5.806756557055519,43.37318564021638],[-5.806605526451915,43.373240934562894],[-5.806499437127493,43.37342361750137],[-5.8066461233982185,43.373467188979326],[-5.806886757693353,43.3733323747977],[-5.807010699635235,43.37334350525663]],[[-5.8292873451010845,43.37250154632546],[-5.829559362006681,43.372512105025756],[-5.829677632215436,43.37240129309926],[-5.830173625820761,43.37245047880986],[-5.8302049610380395,43.37256886259325],[-5.830432643785023,43.372711859264406],[-5.831306176945584,43.372916889436105],[-5.831484273007225,43.3728072873392],[-5.831757836441135,43.37226027694179],[-5.831639993940433,43.37213377367963],[-5.8310219058172175,43.37211314777692],[-5.8310053008789575,43.37200880638005],[-5.83064280043098,43.37192346979573],[-5.83015133185511,43.37197143289218],[-5.829900828976476,43.37189294439831],[-5.8298345271663985,43.37176768848421],[-5.829644039250679,43.37167932524481],[-5.829395163209007,43.37163576366199],[-5.829263969443256,43.371691777204376],[-5.828894142628236,43.37147835186091],[-5.828648429475515,43.37150276246751],[-5.8283561394415,43.37180428843304],[-5.828265959908553,43.372166674986126],[-5.828810942011063,43.37234309432125],[-5.829395221304688,43.372408836787876],[-5.8292873451010845,43.37250154632546]],[[-5.821098132007413,43.3718036172539],[-5.821190885982556,43.37189136612905],[-5.820894922305008,43.37198194189677],[-5.820987754348937,43.37216649680446],[-5.820783846575981,43.37224819185181],[-5.820719428219984,43.37235319766043],[-5.820790580341671,43.372393366084076],[-5.821153043579825,43.37222489696336],[-5.821402489047516,43.37228080497924],[-5.821398158853854,43.37218746974141],[-5.821238899722124,43.37216029684906],[-5.821270263146888,43.37209111745877],[-5.8214410728192725,43.371975228083734],[-5.821504191915701,43.37181259046858],[-5.821653167434957,43.37187995267156],[-5.821644814097716,43.37179012023873],[-5.821500935734333,43.37174240647137],[-5.821098132007413,43.3718036172539]],[[-5.817291979968008,43.37147235272621],[-5.816921586364656,43.371469748764866],[-5.816562572287671,43.37171285250054],[-5.8164517011277495,43.37198392113603],[-5.815919652814981,43.372021377346854],[-5.815688530918184,43.37220714965464],[-5.815849884418121,43.372314577918026],[-5.8163408155832315,43.37225469918641],[-5.816576215499611,43.372007434433314],[-5.817069745011225,43.3720037177031],[-5.817673389441747,43.37171271830673],[-5.817886905524739,43.37188284623478],[-5.818199086654964,43.37196518661476],[-5.818355394355955,43.371871293075216],[-5.818556315755871,43.371416144145186],[-5.818334215506337,43.37124154445186],[-5.818105406009792,43.371247187195124],[-5.817922049227108,43.371071631257365],[-5.818009209854611,43.37096916442246],[-5.8183315579548065,43.370881455143426],[-5.818241624132698,43.37079363436544],[-5.818413263875633,43.3706993626293],[-5.818239281685722,43.370607168827505],[-5.818084602611917,43.370617429205886],[-5.817694484210482,43.371077242487466],[-5.817823015101338,43.37116411198101],[-5.817531987030455,43.37126132644594],[-5.817291979968008,43.37147235272621]],[[-5.8130058883909355,43.37220223148824],[-5.812931958027764,43.372275036036896],[-5.8130109326089014,43.37231128197262],[-5.813083808911088,43.37227129812393],[-5.8130058883909355,43.37220223148824]],[[-5.808924191111902,43.371923423196186],[-5.8089312629633225,43.37174317188093],[-5.808805024995537,43.371656235984005],[-5.808964822496352,43.37156226949127],[-5.8088965591663175,43.37141682408183],[-5.808721749618374,43.37156824401529],[-5.808650566565705,43.37184010977908],[-5.808673491699518,43.37193175231302],[-5.808924191111902,43.371923423196186]],[[-5.812575771454993,43.3716535319293],[-5.812617004263042,43.371799918609774],[-5.812738982784783,43.37176864331952],[-5.8127237453966085,43.37143918758171],[-5.812575771454993,43.3716535319293]],[[-5.813326845160632,43.37172508285964],[-5.81322780595856,43.37166322165202],[-5.813145702044142,43.37172954217896],[-5.813233956256191,43.3717961762974],[-5.813326845160632,43.37172508285964]],[[-5.8140950020994255,43.371732873124046],[-5.814093003115632,43.37168967314892],[-5.814040255046684,43.37170751758256],[-5.8140950020994255,43.371732873124046]],[[-5.814052917899383,43.3712570121308],[-5.8138778341267034,43.37090116847034],[-5.813681218652831,43.37079245996128],[-5.813436434316454,43.370837025040174],[-5.813245598757339,43.371006773140365],[-5.813565616581239,43.37096151410564],[-5.813786917291115,43.3710834845684],[-5.813952305811619,43.37131637700788],[-5.814052917899383,43.3712570121308]],[[-5.814425028062927,43.37088769346893],[-5.814299063414441,43.37080823374508],[-5.814106100191249,43.370985586323854],[-5.814308954339833,43.3710219762122],[-5.814425028062927,43.37088769346893]],[[-5.818501474835486,43.37093834674274],[-5.818993010306472,43.37089180166707],[-5.819051687292203,43.37068361541536],[-5.819224757811937,43.37056608708231],[-5.819963985537071,43.37039099053017],[-5.821035107844451,43.369682458412356],[-5.821876272344755,43.36962347616191],[-5.822873741890786,43.36940935363044],[-5.82303597608161,43.36923467852359],[-5.822911872788579,43.368967628087304],[-5.822850794966634,43.36891494703358],[-5.8219887817132365,43.36895633729931],[-5.821667496557642,43.36917843774452],[-5.821761426819478,43.36937628710933],[-5.8211549306845765,43.36960489523202],[-5.819684861858549,43.36984167192688],[-5.819065811424188,43.36979970083555],[-5.818833107157756,43.37010473251971],[-5.818494684237627,43.37015712221502],[-5.818338392895626,43.37034105427111],[-5.818607095725331,43.37055422603965],[-5.818874332561402,43.370597951652066],[-5.818959205018357,43.370685896784366],[-5.818862880403738,43.3707471032527],[-5.818735808455166,43.37066836995522],[-5.818613584858616,43.37069424276278],[-5.818617778384473,43.37078472638126],[-5.8184466579297025,43.37087861645774],[-5.818501474835486,43.37093834674274]],[[-5.820113197474356,43.36939688249076],[-5.819956809381633,43.36940074170172],[-5.820036764909672,43.36944570584177],[-5.820113197474356,43.36939688249076]],[[-5.819888311838459,43.369402431957724],[-5.819787369380716,43.36939059399168],[-5.819766229805062,43.369405444370976],[-5.819789094627854,43.36942780584443],[-5.819888311838459,43.369402431957724]],[[-5.821603286989426,43.369180023153085],[-5.821500859091029,43.369080374399786],[-5.821378125285045,43.36909515468155],[-5.821339924767624,43.36918652549321],[-5.821508250567658,43.36923970540288],[-5.821603286989426,43.369180023153085]],[[-5.832827541594604,43.36583141806818],[-5.832324050614702,43.36562009511806],[-5.832080478744381,43.36568995925375],[-5.831843883493001,43.36590969140124],[-5.831475907337316,43.365964555404766],[-5.83124302458538,43.36625785859469],[-5.831118395581396,43.36623174668459],[-5.830147574279114,43.366586099042934],[-5.8300727086096344,43.366719623927956],[-5.830142050860064,43.36689798406769],[-5.830042161960922,43.366973011926326],[-5.82978626916452,43.3667782157825],[-5.8296653894778085,43.36683270754252],[-5.829649584106645,43.366730101820224],[-5.829283871632636,43.36659034705862],[-5.8286494715249315,43.366754861513144],[-5.827951628932873,43.36713483841618],[-5.827580549313614,43.367116913650015],[-5.827216330724806,43.367246592181964],[-5.827099756988932,43.367393794714275],[-5.826730205682839,43.367408784449196],[-5.826494656441988,43.367651580890445],[-5.826250712405681,43.36771375430375],[-5.826000691135101,43.36764513957676],[-5.82576100258267,43.36779892104845],[-5.82502681209565,43.36793478442267],[-5.8246728675164094,43.36828591130919],[-5.824183050004715,43.36836890582349],[-5.823421868310563,43.36868491271686],[-5.8233881606392055,43.369135939098854],[-5.823481628836571,43.3692108866034],[-5.823730927506324,43.369263857045574],[-5.824340436259637,43.36910040645039],[-5.8247504533113,43.36910227345758],[-5.824466299930663,43.36915303864186],[-5.823950857282231,43.369392151563495],[-5.824009593580026,43.36966081620526],[-5.823872050375424,43.3698442924955],[-5.824509196887107,43.37007673439146],[-5.824878929801748,43.37006529304089],[-5.825243980293326,43.36995305718925],[-5.826245823186675,43.370264512281025],[-5.826865427577311,43.370318196928785],[-5.8269938388037605,43.370425532919505],[-5.827494272370948,43.37057061344718],[-5.827868293178011,43.37065133784625],[-5.828113570412483,43.37061761981165],[-5.82833913691408,43.37016007012611],[-5.828456721543178,43.37003456228496],[-5.828702379657317,43.370009093711296],[-5.828821756117341,43.36992213171913],[-5.828966405368767,43.369718293224594],[-5.828931045975786,43.36961832613307],[-5.829053299823484,43.369593245583616],[-5.8293086757273285,43.369776715695956],[-5.829397720570925,43.36970761501237],[-5.829406770603536,43.36961735226045],[-5.82920629555212,43.36953227702328],[-5.829260054293897,43.36935086871053],[-5.8291728824955165,43.36926298819111],[-5.830980959351516,43.368582066899506],[-5.831158533415041,43.368403463562764],[-5.830991100032316,43.368137495465504],[-5.830705295931844,43.367962684598695],[-5.8287472062912355,43.36831927247968],[-5.828543062552179,43.36828815341212],[-5.828628891274351,43.36810595157461],[-5.828982170724777,43.36806404435763],[-5.829466938282924,43.367872690976625],[-5.829701638535444,43.36761188461291],[-5.8300294081930355,43.36771112202388],[-5.82996127012113,43.367622770718704],[-5.8302515534826895,43.3674355043512],[-5.830300777414142,43.36722628322027],[-5.830669286341834,43.36718893942867],[-5.831639138496389,43.36681363213698],[-5.831683888856175,43.36685978908849],[-5.831401153366692,43.36704687208275],[-5.831288299586523,43.36723052080255],[-5.830744870705533,43.367333246794715],[-5.830805499980862,43.367463926250416],[-5.831183973441355,43.36764063145958],[-5.831427280042644,43.36756488096858],[-5.831732924484253,43.36757888360726],[-5.8319656577855294,43.36739303894567],[-5.8317958413204,43.36730720844952],[-5.8318610172498575,43.36703547726712],[-5.831894117990126,43.36698868144208],[-5.832020215071648,43.36704628316505],[-5.832202936929279,43.3669369650514],[-5.8321685203186275,43.366577663207536],[-5.832366865561561,43.36653957711521],[-5.832540278005087,43.36638837178975],[-5.83259511393283,43.366140597349876],[-5.832827541594604,43.36583141806818]],[[-5.837944726305262,43.36441355731716],[-5.837703332173337,43.36452986183516],[-5.837212523648009,43.36459057658872],[-5.837093667948236,43.364688229224036],[-5.836721653264125,43.36464998610767],[-5.836235680424844,43.36481445518361],[-5.835984862076082,43.364728723416775],[-5.835750438160268,43.364994651834564],[-5.835499447298593,43.36490522089176],[-5.835377476268434,43.364936110609136],[-5.83449020997154,43.365439635905126],[-5.834525192055488,43.365618845628866],[-5.834371470607314,43.36589277454058],[-5.834499789326486,43.36615970792744],[-5.834798736453222,43.36633236991212],[-5.834830200274191,43.366433381749566],[-5.835199061597331,43.366403762431574],[-5.835574893230124,43.36652367089493],[-5.836192765915731,43.36654086879243],[-5.836575053724195,43.36679915803826],[-5.837072285540185,43.36687576027982],[-5.837284539249348,43.36681091110262],[-5.837428403865758,43.36657294051608],[-5.837916670498659,43.36645740845083],[-5.838849446765068,43.36650193049388],[-5.838935571236961,43.3664097522891],[-5.838849158238547,43.36623182163068],[-5.8392538847278255,43.36602166477999],[-5.839532249982322,43.3661248116132],[-5.8398992333574125,43.365845576232985],[-5.839919723825479,43.36566498966196],[-5.839630472565564,43.36540206150276],[-5.839724992645749,43.36530967407654],[-5.8390948504494755,43.36496517631457],[-5.8385271582107325,43.364349007754186],[-5.838329371602734,43.36435392040225],[-5.838074338314363,43.364546491398535],[-5.837944726305262,43.36441355731716]],[[-5.832865486837637,43.365119768546116],[-5.833132799251532,43.36502310300039],[-5.832907555961666,43.36489957502753],[-5.832816200569546,43.36503095159311],[-5.832865486837637,43.365119768546116]],[[-5.8344972454542,43.36458514258018],[-5.834124748632672,43.364536503474085],[-5.833638707999631,43.36469965042428],[-5.833423067825352,43.36483582893143],[-5.8334602781732645,43.364924945040656],[-5.833775648299665,43.36499007989762],[-5.834503131616094,43.36471146226225],[-5.835239774151642,43.364629497712954],[-5.835465392208202,43.364515056564464],[-5.835349804232979,43.36434243723555],[-5.835224942092879,43.36431127540718],[-5.834736084135892,43.364413863948116],[-5.8344972454542,43.36458514258018]],[[-5.835972642208936,43.36446661605318],[-5.837193714885833,43.36418731359631],[-5.837434791793138,43.36406421560452],[-5.837681663800834,43.364065367083676],[-5.837750668845514,43.36400813749192],[-5.837548533878536,43.36385697471239],[-5.837178860636574,43.36386883009489],[-5.836693862250254,43.364054037150595],[-5.836323680107863,43.364055007713354],[-5.835958255914151,43.364158035835835],[-5.835741763672187,43.36432812142829],[-5.835753194445534,43.364417876492574],[-5.835972642208936,43.36446661605318]],[[-5.83804746261963,43.36397044383676],[-5.838483061203559,43.363809870835574],[-5.838500582892225,43.36371939691086],[-5.838399487378347,43.363580345486426],[-5.838274824751768,43.36355345887663],[-5.838032147220668,43.36364216938858],[-5.837908933469084,43.363824129907634],[-5.83804746261963,43.36397044383676]],[[-5.836428146600254,43.363648756864194],[-5.837164601535721,43.36356310199327],[-5.837339325302822,43.36347811901249],[-5.837355326267142,43.363297644292416],[-5.837131481625903,43.362762969490774],[-5.837000853102102,43.362698105393754],[-5.8361379625685315,43.36271857033951],[-5.835261959127597,43.36245769581564],[-5.835084039749339,43.36263370483609],[-5.835068774465493,43.362904199758],[-5.835201091620163,43.36317103327594],[-5.835185073165648,43.36335150815011],[-5.835480312920719,43.363794376600616],[-5.8355742534155395,43.36386253610119],[-5.835944431716158,43.363861507743295],[-5.836428146600254,43.363648756864194]],[[-5.834806090126309,43.362370483851244],[-5.834390529395868,43.36229482531855],[-5.834109981742482,43.36247778833398],[-5.834036781701013,43.362749719915165],[-5.833672369115985,43.36277299443027],[-5.833519177626687,43.362852593836145],[-5.833385182463372,43.3630359936555],[-5.833468588739306,43.36312396440195],[-5.833695135581245,43.36320838577845],[-5.834058589403018,43.36311645071154],[-5.834175323122606,43.36297320960153],[-5.834301754495368,43.36303812341169],[-5.834290673187364,43.36292350071561],[-5.83454096353856,43.36287490705654],[-5.834786717813077,43.362551041888295],[-5.834806090126309,43.362370483851244]],[[-5.837598971152425,43.362292621300426],[-5.8379769507102806,43.36220174380204],[-5.838051190763329,43.362109861364665],[-5.8379549994477715,43.36198847846426],[-5.837581959471019,43.361927908736035],[-5.837414303779801,43.36221571522626],[-5.837598971152425,43.362292621300426]],[[-5.839249472020526,43.36190001864671],[-5.839561334603911,43.36203285189559],[-5.839590480217589,43.36198158444459],[-5.839415054572131,43.36154274748461],[-5.8392906190776745,43.36152064638342],[-5.839249472020526,43.36190001864671]],[[-5.84080209167054,43.3611411231183],[-5.841358438573175,43.360767136735724],[-5.841461133081188,43.36043391517943],[-5.841313544990197,43.36031805926809],[-5.840957645906469,43.36022233291738],[-5.840094295016483,43.36023215153146],[-5.839838493034619,43.3604447630249],[-5.840150162006849,43.360617095012984],[-5.840117670027828,43.360732871198074],[-5.839885227257827,43.360893795357164],[-5.83992710094697,43.36143298716275],[-5.840031079635509,43.36152143408488],[-5.840397094396142,43.36143153923088],[-5.840639755024649,43.36134272687744],[-5.84080209167054,43.3611411231183]],[[-5.8392569022596845,43.360798198413136],[-5.839216985580026,43.36091039969507],[-5.839274867520014,43.36118314217502],[-5.839399006627662,43.361085954736765],[-5.8392569022596845,43.360798198413136]],[[-5.837824297787383,43.36076491485589],[-5.837649479416381,43.36072980004706],[-5.837161165998388,43.360843364733114],[-5.836920743586905,43.36098024345246],[-5.836796275379694,43.36095739671446],[-5.836708847967919,43.36106272524613],[-5.8370556187604015,43.361226252940256],[-5.837916172274091,43.36115615036998],[-5.837940641542487,43.36094210316516],[-5.837824297787383,43.36076491485589]],[[-5.840634108614778,43.35997479525198],[-5.841546526876991,43.36022222761182],[-5.841841927750549,43.360660614261135],[-5.842088972228329,43.36066575327671],[-5.842406261759777,43.36038092430692],[-5.842379317774838,43.360201517009166],[-5.842529066253176,43.35992767607616],[-5.842463815745326,43.3591189504089],[-5.842384191598104,43.359060715679064],[-5.8417661714766345,43.35903876287832],[-5.8414540305685865,43.35914406258],[-5.841339530296637,43.359417025753906],[-5.840726823426946,43.359792413087085],[-5.840634108614778,43.35997479525198]],[[-5.840195152379525,43.35974924229104],[-5.841072692747422,43.35924358243152],[-5.841063610403648,43.35897369196717],[-5.840845272838584,43.35888908108539],[-5.840254438016601,43.358375850074786],[-5.840227141585916,43.358094096686976],[-5.839987836381399,43.35795152147639],[-5.839865384976471,43.35797177452196],[-5.839704221161183,43.35855728578738],[-5.839780288564601,43.35879237218634],[-5.839905174122999,43.358822408414554],[-5.839827747132406,43.358914371273684],[-5.839903710629496,43.35900252230583],[-5.839793173143295,43.35909530795783],[-5.83984085675161,43.359634355554014],[-5.839948193856423,43.359745861785065],[-5.840195152379525,43.35974924229104]],[[-5.839138066873378,43.3582517061316],[-5.838646249887259,43.35828969379963],[-5.838574894754518,43.358405265326894],[-5.838671203169046,43.358824530932914],[-5.839164792325029,43.35882442794859],[-5.839282631174972,43.358747838647204],[-5.839275268967791,43.3584779052609],[-5.839138066873378,43.3582517061316]],[[-5.836047127912439,43.3581228647737],[-5.836299264086946,43.35823746000145],[-5.836359157752627,43.358190164441396],[-5.8363654369356714,43.35809996980752],[-5.836160528616496,43.3579084142835],[-5.836047127912439,43.3581228647737]],[[-5.8359014706838765,43.357645277033846],[-5.835824619230387,43.35775323632122],[-5.836365247102965,43.35773981936328],[-5.836405638439169,43.35787230206155],[-5.836783428649596,43.358035319212206],[-5.836905635066056,43.35800978667505],[-5.837482840775824,43.35762203672834],[-5.837641056108109,43.35725795305179],[-5.838146341280772,43.35697528888004],[-5.837836145899167,43.3567948886085],[-5.837588368220417,43.35677368300996],[-5.837226261346604,43.35694688105328],[-5.836976008251248,43.3568725928845],[-5.835997263943201,43.35705307186537],[-5.835514331659131,43.357281547515925],[-5.834899377695137,43.357325998432934],[-5.834908658167252,43.35752415070435],[-5.835151989334182,43.35744988363772],[-5.8354041378748125,43.35756484161661],[-5.8355239051160765,43.35748697660152],[-5.8359014706838765,43.357645277033846]],[[-5.8342692697335625,43.357043080620606],[-5.834388061150491,43.35694425744856],[-5.8343764600292545,43.35661865870876],[-5.83453805935718,43.356344534124574],[-5.83435517765911,43.35623833137027],[-5.834233172657843,43.35626813572336],[-5.834162330562182,43.356443891769004],[-5.834231547964443,43.35671229157521],[-5.834104155386007,43.356895528590044],[-5.8342692697335625,43.357043080620606]],[[-5.833550885663935,43.356729170638395],[-5.83376762096587,43.35686982142584],[-5.833886152410495,43.356810896015226],[-5.8336348168267484,43.35666777016028],[-5.833550885663935,43.356729170638395]],[[-5.836696251734885,43.35616544785717],[-5.837512791785638,43.355640439473326],[-5.83728075602334,43.35546928785198],[-5.835930486821279,43.3556203279424],[-5.8351992931210335,43.35581688269475],[-5.835049117723861,43.35615177923682],[-5.835220616749142,43.35627452068564],[-5.835840605962232,43.35633937448386],[-5.836696251734885,43.35616544785717]],[[-5.837090316387734,43.35667771947098],[-5.83788644224327,43.35662158807463],[-5.83797912508439,43.35643920884628],[-5.837237699807302,43.35636758005353],[-5.8366993049236955,43.35623093922956],[-5.836090262004591,43.3564009304816],[-5.835230719870482,43.35649134550378],[-5.834815171111517,43.35669781565563],[-5.834875122611508,43.35680437324799],[-5.835247365158023,43.35684856758699],[-5.8357363155206885,43.356749272768035],[-5.836108086864256,43.35678335202723],[-5.8368395626236484,43.356592664880885],[-5.837090316387734,43.35667771947098]],[[-5.84263191461507,43.356863800123946],[-5.842721269001478,43.35650142233264],[-5.842631250767689,43.356233545197746],[-5.842925005271814,43.35604616023783],[-5.842996248004268,43.355684232765455],[-5.843118288400832,43.35559115782332],[-5.843072345903404,43.35530195362945],[-5.843396110543335,43.35513405165903],[-5.843398225751877,43.35504396023906],[-5.843046372449407,43.35474604481222],[-5.842753196222016,43.3548799299656],[-5.842575087969637,43.35522290624362],[-5.841834061888222,43.35520836394444],[-5.841721862031292,43.35544800107651],[-5.841595569399722,43.35538587955222],[-5.841351075140908,43.355434893753696],[-5.840978515009953,43.35538380322243],[-5.8408665543199305,43.35546707850115],[-5.84093261641725,43.35564551383224],[-5.840872111191941,43.35574766422148],[-5.840630627745204,43.355861215676285],[-5.840382234870815,43.35583927239985],[-5.8404930656961005,43.35610663404308],[-5.840400505241274,43.356218163432324],[-5.840269226241234,43.356049224408096],[-5.840233668985886,43.35629315885407],[-5.839904767602717,43.35693160427349],[-5.840329736648738,43.35728119781977],[-5.840075570373876,43.35746759225925],[-5.840219802047309,43.35763387754392],[-5.840471978416033,43.357749210761696],[-5.840655124997349,43.35835357525497],[-5.840881416900093,43.35858982653983],[-5.841379025229257,43.35867582797778],[-5.84154275429426,43.358601623957874],[-5.842020909156796,43.358589733562354],[-5.842099878665224,43.35825761910235],[-5.8422211145955245,43.35813456062259],[-5.842147097729949,43.35786628519208],[-5.842329433912665,43.35788859082492],[-5.842437679992461,43.35776901915772],[-5.84227213094301,43.35741298166738],[-5.84263191461507,43.356863800123946]],[[-5.84367285542286,43.35566739828537],[-5.843405937454822,43.356574427661684],[-5.843509090319228,43.356726500818425],[-5.843692518986797,43.35674737429722],[-5.843515022014082,43.356853428541946],[-5.843392654824718,43.357295068302946],[-5.843408810533498,43.357474743853736],[-5.843548857798771,43.357577438297504],[-5.843547968408042,43.35729120379248],[-5.843764316332484,43.35674558767606],[-5.844145246781225,43.35628591390901],[-5.844422277489269,43.35555870866125],[-5.844378610673449,43.35528967918327],[-5.8445898170551605,43.354924266950384],[-5.844401156472574,43.35469239315779],[-5.844277907986342,43.35469542203223],[-5.843894709611953,43.35503160602042],[-5.843916360526771,43.35548126115543],[-5.84367285542286,43.35566739828537]],[[-5.847889496457105,43.355406437758795],[-5.847516552473341,43.355347255765075],[-5.847396663955909,43.35542211195316],[-5.84714257983021,43.35526607379356],[-5.84658522158601,43.355234735624606],[-5.846141434959765,43.35496643481424],[-5.845826925886663,43.3549835052993],[-5.845766522220808,43.3548650616228],[-5.84539871498633,43.35491561639669],[-5.84514703327364,43.35481080363688],[-5.844867957988702,43.354827304427275],[-5.844831067678923,43.355188377914864],[-5.844467684402343,43.35611557937833],[-5.843887215209583,43.357192723159855],[-5.843861386438834,43.357553520968786],[-5.8445294897535724,43.35834724174336],[-5.8450807718758915,43.358671589440284],[-5.845569906238265,43.35857626724876],[-5.846029557756486,43.35821985446974],[-5.84617321252934,43.3582837580695],[-5.84653072097036,43.35801265348783],[-5.846776995651189,43.35800156307194],[-5.847356529989978,43.357556528045286],[-5.84736612991672,43.35740646168054],[-5.847882195149421,43.35655300310862],[-5.847823265374734,43.35646443290607],[-5.847975877862705,43.356370590930936],[-5.848247493921357,43.35564351148116],[-5.848230980376501,43.35555388429695],[-5.847889496457105,43.355406437758795]],[[-5.842482375692268,43.363803332071605],[-5.8417353998135635,43.36366366932393],[-5.840750225464773,43.36370846990644],[-5.840020908605605,43.36394694357143],[-5.8398470700154395,43.36422617614712],[-5.839690021014443,43.36432011749166],[-5.8397103093036575,43.36449969073532],[-5.839806016769509,43.36463081909974],[-5.840129692381267,43.36475938463648],[-5.840120235744082,43.36502973572873],[-5.8403214707906095,43.36509797082645],[-5.8403270034999855,43.36521645927931],[-5.840575868553489,43.365260189160246],[-5.840918381187209,43.365009896640714],[-5.841057287611372,43.36499840018969],[-5.840849068473108,43.36519169709839],[-5.840916732746808,43.36537009234759],[-5.841079641051475,43.36547699429571],[-5.8414525720267845,43.36553468655872],[-5.842021536224481,43.36525258292893],[-5.841770912675551,43.365168776898685],[-5.841918961674066,43.36495124523466],[-5.842286576907634,43.36489522657524],[-5.842541081520466,43.365059638405],[-5.842753535235425,43.364964259990735],[-5.8424290845991305,43.36488229190591],[-5.8425683315362695,43.364698750943845],[-5.8427724386007345,43.36472871947002],[-5.843628770022504,43.364567389422426],[-5.843755612499345,43.36464080913282],[-5.843943107535033,43.36457450722148],[-5.843728131863931,43.36448981832806],[-5.843994399823051,43.364468988448984],[-5.844113585089057,43.36437863159406],[-5.844487265667945,43.364452439234206],[-5.8448391323795,43.3641920501115],[-5.845209785524401,43.36406889732101],[-5.845702155074985,43.36404181619683],[-5.845943805418384,43.363931358037505],[-5.846301754349257,43.36366896354745],[-5.8464038755871925,43.363432776795065],[-5.845912125056618,43.363254192669025],[-5.845668638301775,43.363325338783824],[-5.845587605475487,43.36318298947196],[-5.8460182968967125,43.362885788907285],[-5.846386559802304,43.36284395984832],[-5.846505396030515,43.362746285442526],[-5.847000681789296,43.36278175791223],[-5.847250352079896,43.362601341517106],[-5.8476056934567,43.36252495939092],[-5.847766894056287,43.362228315778744],[-5.847963427559955,43.362133379332754],[-5.84793474177843,43.36195401684952],[-5.847692172969882,43.361736113896775],[-5.84731626185996,43.361614369936],[-5.8470695777830874,43.36161702252352],[-5.8470873543938024,43.36143489955643],[-5.8468001036101445,43.36126197832584],[-5.846778161612069,43.361082447522406],[-5.8462951336487015,43.360914401871156],[-5.846413301066085,43.36077800415035],[-5.846540191028836,43.36085254151465],[-5.846780345353779,43.360710409912265],[-5.8469041121534024,43.36071819974504],[-5.84716940474102,43.36089262312506],[-5.847332953786278,43.3613387417591],[-5.847808071811096,43.36157577957144],[-5.84788316633981,43.3614150700144],[-5.848285852218135,43.36123754854816],[-5.848424209589374,43.361041430688644],[-5.848722151966978,43.36094396521543],[-5.848845631003456,43.36076080964436],[-5.848410967635439,43.36032145113834],[-5.8480999592931395,43.360239164024584],[-5.8481881011036085,43.3600568898403],[-5.84797658707003,43.35990333842202],[-5.847773013317902,43.359887157086646],[-5.847875356591375,43.35979456795054],[-5.847789940555683,43.359706657831694],[-5.847834841165426,43.359615500184994],[-5.848087408058776,43.35963461837697],[-5.84811820291616,43.35978851578821],[-5.8484985857297636,43.36004915106423],[-5.84887632838892,43.36048992827642],[-5.848994756352669,43.36056456581264],[-5.849238985254771,43.36050958307235],[-5.849319389418575,43.36029880471508],[-5.849203921618416,43.3601216062537],[-5.849431037249266,43.360025904791335],[-5.849577079230004,43.35982400250708],[-5.849945138784789,43.35977828010668],[-5.850105623931365,43.35964892759288],[-5.850029626617094,43.359380706835516],[-5.850293484350008,43.35931177242327],[-5.850311765079605,43.359193592653305],[-5.850574784551721,43.35909699339735],[-5.851362389467353,43.358422221828704],[-5.851422269221809,43.358265501894685],[-5.8521460293428245,43.35797732438491],[-5.852680310874178,43.357513794915754],[-5.853034937996502,43.357414903186864],[-5.853338004690078,43.357137220314016],[-5.853758573188409,43.356946641145235],[-5.8538121224554125,43.356855265170296],[-5.85370817578971,43.35649770604167],[-5.853613910088569,43.35643860494259],[-5.85324480973952,43.3564616429427],[-5.85262372969077,43.356373933142734],[-5.852122036302776,43.35620070908434],[-5.851758285975084,43.35633788051286],[-5.851251554068259,43.35605707310579],[-5.851134179995504,43.35611176031597],[-5.85113854077389,43.35627858604848],[-5.8507686112758925,43.35628392700294],[-5.850653492455462,43.35646054374926],[-5.850405295207422,43.35643044462158],[-5.850372147509993,43.35631084729185],[-5.850493451473885,43.356217782866274],[-5.850385733278961,43.35601285834069],[-5.849887756367159,43.35591878473053],[-5.849135049650745,43.355654996452216],[-5.84863912972865,43.35560475728289],[-5.848213122225459,43.35591448443133],[-5.84829915373449,43.356249911699905],[-5.848071314401392,43.35665470138087],[-5.8477614353163565,43.35691616746114],[-5.847632315233366,43.357189501251455],[-5.847690885686552,43.35736811924167],[-5.847982540187105,43.35739433744411],[-5.848221980884126,43.357237316465174],[-5.8487087394586394,43.35709160125672],[-5.848703256052053,43.35697448139075],[-5.848988688759407,43.356795539475286],[-5.848934191694072,43.35670685934615],[-5.849548703827958,43.35658340776639],[-5.849839893472988,43.35641416050889],[-5.850035127098467,43.356430712767484],[-5.850246355999254,43.356674139741855],[-5.849801438619601,43.356710383535315],[-5.84932483403016,43.35707281027802],[-5.849081163988385,43.35713943476664],[-5.848956158778377,43.35710504558511],[-5.848855632172354,43.357339088998415],[-5.848638284732852,43.357524584565844],[-5.848118981691381,43.357673039208485],[-5.848085818412626,43.357808470936085],[-5.84751157804205,43.357877671293885],[-5.847395259176967,43.35802890752407],[-5.8466652103086965,43.35824974018444],[-5.846612690843519,43.3584754465769],[-5.846822511308184,43.358560258577874],[-5.847099211279815,43.35882348144481],[-5.847200020652748,43.3591306049292],[-5.84630786300454,43.3585243049583],[-5.845461948212004,43.358906405582495],[-5.845364751568555,43.35913679656509],[-5.845229356861993,43.3592101790523],[-5.845102550059816,43.35913731014723],[-5.8447362373042875,43.35922038903925],[-5.843725371952124,43.358713945062036],[-5.843476099952474,43.35866097608197],[-5.843241188296932,43.35927968946451],[-5.843138010822576,43.35934801267425],[-5.843013190660304,43.35931761101058],[-5.8428719103192845,43.35946895401374],[-5.843027432556353,43.360005317428765],[-5.842864953053593,43.36018943698305],[-5.842939426320502,43.36045770049283],[-5.842293952608416,43.36074387261787],[-5.842382185088037,43.36083171680746],[-5.841804617546276,43.36120623587009],[-5.841777001650001,43.36138700005548],[-5.841600442074536,43.36148142920858],[-5.841467649779887,43.3621150021545],[-5.841566746356751,43.36238265425044],[-5.841470594077626,43.362475083800376],[-5.841492842893087,43.36265460800885],[-5.841800132128379,43.36327723780739],[-5.842009411816621,43.363452110723266],[-5.842219558742055,43.36346089250751],[-5.842493001640769,43.363620160464656],[-5.842482375692268,43.363803332071605]],[[-5.85632150961006,43.35598222317076],[-5.856179602820583,43.355893837744105],[-5.856019755310317,43.35598976498982],[-5.855806850730418,43.356265201852736],[-5.85587228918687,43.356443643961015],[-5.856456118165297,43.35642905220096],[-5.85632150961006,43.35598222317076]],[[-5.859185685047414,43.35684434477719],[-5.859126838630007,43.357442728611744],[-5.859344901611752,43.35760661830434],[-5.85935306119086,43.35778024463302],[-5.859477140318156,43.357794118548895],[-5.859447864736232,43.3586051992179],[-5.859675665013807,43.359393207839744],[-5.86152011419659,43.3592540839895],[-5.861723955654921,43.35890837861301],[-5.8617839204268565,43.358546722298954],[-5.861659463727462,43.35845980027896],[-5.861712218358679,43.35809832453355],[-5.861828287766804,43.35793548488115],[-5.861951142740486,43.357923971543144],[-5.861668529707374,43.35944999853568],[-5.861812217398005,43.360217223867956],[-5.862307511303097,43.36025312763364],[-5.862546675312576,43.3600907857809],[-5.863648921428391,43.35991313224444],[-5.864509581130521,43.359558895981436],[-5.864365812204836,43.35941372792466],[-5.863869688082877,43.35936006584587],[-5.8635064300092035,43.35940395977152],[-5.863496239125762,43.359314176482286],[-5.863373059439255,43.35929566543369],[-5.863251678829514,43.3593385596538],[-5.863254978200223,43.35923018299907],[-5.862997078168402,43.359172765697586],[-5.862687681561326,43.35888424086198],[-5.862675229926262,43.35861443680132],[-5.863108101171761,43.357253012374166],[-5.863140453691973,43.35689204709503],[-5.863058360536714,43.35680406517789],[-5.861637825274433,43.35650953619044],[-5.859653327820417,43.35629252658271],[-5.859165486038596,43.356414491269],[-5.858951042790314,43.35654673977541],[-5.8590463913876585,43.356634393040565],[-5.859062992526393,43.35685928064301],[-5.859185685047414,43.35684434477719]],[[-5.866242760056331,43.358795128965696],[-5.865633897969098,43.35751759211577],[-5.865371973408954,43.35719624989484],[-5.864870629924988,43.35703136944689],[-5.864382837712725,43.357154286177604],[-5.86412544247881,43.35692898883039],[-5.863756743754773,43.35696053421779],[-5.86350647214222,43.356886536214944],[-5.863074712548321,43.35770404225753],[-5.863199846232911,43.35779094577878],[-5.86304679705341,43.35797485765158],[-5.862912353354422,43.35842841919898],[-5.862988813520667,43.35851654232041],[-5.862846072074476,43.35870019567236],[-5.862986725334315,43.3589527608067],[-5.863239521438416,43.35908023093593],[-5.864604734120386,43.35924642940587],[-5.865064878438137,43.3591848206995],[-5.865576948271149,43.35892839702262],[-5.865947098858238,43.35892744136166],[-5.866242760056331,43.358795128965696]],[[-5.865078364937874,43.35927452121714],[-5.865112434730642,43.35927366703195],[-5.865096431617692,43.35920609898604],[-5.865078364937874,43.35927452121714]],[[-5.860947416191878,43.36282017732796],[-5.861314899617102,43.362762009125646],[-5.862304487905679,43.36281168790762],[-5.862705933596859,43.36302556078311],[-5.86243669494636,43.362998718022524],[-5.862316202447835,43.36306065558124],[-5.862248360295157,43.36339717690584],[-5.862960974533325,43.36365001347754],[-5.863580258401208,43.3636976642789],[-5.863973829877147,43.364164293602585],[-5.864098860102672,43.364227973157895],[-5.864220222417557,43.364184499546276],[-5.864348471901906,43.36428729103522],[-5.864469799075199,43.36424307251989],[-5.864896590934301,43.363871047845635],[-5.864942704123373,43.36359977600261],[-5.865267463550894,43.36341155647771],[-5.8654832482339065,43.36304599145664],[-5.865132952656087,43.36260184447756],[-5.864554049228168,43.36234897869445],[-5.864561101360694,43.36225876330908],[-5.8647482750692035,43.362254071256146],[-5.865377400278216,43.362551647803826],[-5.865829157091959,43.36240704700744],[-5.8660351458490485,43.3620417265789],[-5.865965942783022,43.36194697950105],[-5.8663341921095915,43.36190528182161],[-5.86660355876814,43.36157727634009],[-5.866646308280413,43.36148616535357],[-5.866441654867951,43.36122118313227],[-5.866795125928508,43.36121170132237],[-5.866978436272466,43.361027640277655],[-5.867024080732562,43.360666340669425],[-5.866795643298399,43.36058203299721],[-5.86700819520532,43.360495820705296],[-5.867125562009121,43.36030364012481],[-5.866936466384776,43.35994822978087],[-5.866597146912737,43.35986670342637],[-5.866354155642082,43.35970984484503],[-5.866246331694737,43.35951534849381],[-5.866095820512233,43.35946499134701],[-5.8656446244829255,43.35962047740054],[-5.865648876252892,43.359800448051075],[-5.865821044626779,43.35997620780439],[-5.865635565642534,43.36017289709278],[-5.8654934464872195,43.36016450011021],[-5.865536836498466,43.36007337345985],[-5.865371396541105,43.35980740593496],[-5.8648764032656695,43.359774596253736],[-5.86427241058408,43.360050907167484],[-5.863297747233807,43.36031742199883],[-5.862878190161588,43.36059020266478],[-5.862833675968942,43.36077139510956],[-5.863003981854765,43.36157747616777],[-5.862871214836569,43.36174275032824],[-5.862617216166325,43.361589949303955],[-5.862436675066776,43.3612315332065],[-5.86267102625389,43.36113562420877],[-5.862600573541552,43.3607772345241],[-5.862449117454818,43.36064005037606],[-5.861955777111231,43.36064574298388],[-5.8617141363314955,43.36075550993217],[-5.861587197987124,43.360680333431866],[-5.861467167871582,43.360752025014186],[-5.860853671498173,43.36082677203811],[-5.860490395197557,43.360974179671786],[-5.860115569450359,43.36087596076482],[-5.859957106430974,43.36102349959967],[-5.859972661817579,43.36129322622981],[-5.860390929606327,43.361483287105074],[-5.860639557928973,43.361522009030516],[-5.860882058635536,43.36143042323628],[-5.861008390885358,43.36149269604212],[-5.8616096915785665,43.36115853982709],[-5.861860972609191,43.361253663997715],[-5.862009084495309,43.36142232013633],[-5.861622952420636,43.361440455468255],[-5.861519630101426,43.361524615946415],[-5.861617622241656,43.36179227803336],[-5.862341836067756,43.36204425637787],[-5.8626814386366055,43.362305865493205],[-5.863150526967841,43.36243336640054],[-5.863476268069919,43.362646106209695],[-5.8632818270324725,43.36260109057552],[-5.863025088101339,43.36265741080259],[-5.863088767207215,43.362565776779185],[-5.862784017644879,43.362573411627054],[-5.862780497058181,43.362437342529304],[-5.862162292837199,43.36241235182865],[-5.8614019017997725,43.362157834251214],[-5.861280428276438,43.36202912048646],[-5.860659891387259,43.361954422885404],[-5.860404250329097,43.36176659339138],[-5.860031059202671,43.36170324669786],[-5.86012125988506,43.36200981629245],[-5.860543424096756,43.36217932677913],[-5.860638356327734,43.362447066289384],[-5.860503317386789,43.36272056247281],[-5.860947416191878,43.36282017732796]],[[-5.867649204852617,43.36074069408232],[-5.867509157457177,43.36092428558367],[-5.867562930131672,43.36119305209146],[-5.8673296394925245,43.361378983113354],[-5.867337622737031,43.3615588600159],[-5.867430694841218,43.361605324692796],[-5.8675539285570855,43.361601712897425],[-5.867733835292488,43.36145887919988],[-5.86799591688879,43.36091207035723],[-5.867883495226768,43.36073951995762],[-5.867649204852617,43.36074069408232]],[[-5.868062298205923,43.36191465802847],[-5.868591996848154,43.361257263325506],[-5.868605799355094,43.3610768396405],[-5.868386601572776,43.360940956915144],[-5.86826341292109,43.36094549497235],[-5.868079956514882,43.36109003839011],[-5.8678697844764205,43.361545506096995],[-5.8678848821276635,43.36181524300887],[-5.868062298205923,43.36191465802847]],[[-5.866962110785542,43.362136480027154],[-5.867066592668257,43.36210589183515],[-5.866958472589889,43.36205928126737],[-5.866962110785542,43.362136480027154]],[[-5.866268229832295,43.36275618939786],[-5.866379985197229,43.36287715874167],[-5.866700183381225,43.36283539288343],[-5.866945292744103,43.36255912805918],[-5.866873993737172,43.362290800994685],[-5.86660016642318,43.362311999013535],[-5.866268229832295,43.36275618939786]],[[-5.868218126829846,43.36260236041794],[-5.868469543306367,43.36243083889279],[-5.868325952992997,43.36227193516105],[-5.8682030259734885,43.36228207959941],[-5.868027850515129,43.362441925124635],[-5.868031734227318,43.36253186624439],[-5.868218126829846,43.36260236041794]],[[-5.867226657065189,43.36251278680667],[-5.866916892421215,43.36291999493602],[-5.867006997348565,43.363088901329704],[-5.867132687686791,43.36313734718429],[-5.867375562617604,43.36305377597057],[-5.867574623030332,43.36281345345939],[-5.867538415518489,43.36254424625429],[-5.867226657065189,43.36251278680667]],[[-5.8678548503803185,43.36274960327181],[-5.867924319823204,43.362714639209166],[-5.867852512393134,43.36270001016585],[-5.8678548503803185,43.36274960327181]],[[-5.868101361331466,43.362743205881266],[-5.867956999552542,43.36280385764312],[-5.867986539565283,43.36292529053622],[-5.868125923157112,43.36288965664951],[-5.868177709870679,43.362798318289705],[-5.868101361331466,43.362743205881266]],[[-5.867870617884003,43.36308405837309],[-5.867747349111472,43.36308698980672],[-5.867752637737051,43.363199173919945],[-5.867877195851614,43.36322358635366],[-5.867870617884003,43.36308405837309]],[[-5.866274426743711,43.36325595614683],[-5.866022865344248,43.36315520608333],[-5.865777957007084,43.36319566271543],[-5.865511983259343,43.36349546388317],[-5.865474751490944,43.363676474661105],[-5.865810132178015,43.36387863048152],[-5.866025243262615,43.36384274683388],[-5.8663004086882475,43.363475691013896],[-5.866274426743711,43.36325595614683]],[[-5.866604169349855,43.36337803297988],[-5.866784046240784,43.36359525774087],[-5.866955782618196,43.3635492893719],[-5.866997237342478,43.363458210758694],[-5.86689572277304,43.363346334726195],[-5.866604169349855,43.36337803297988]],[[-5.866538821609064,43.363629028673735],[-5.866287847579591,43.36374612183324],[-5.866550660385949,43.363880257186004],[-5.866636928537991,43.36373736554883],[-5.866538821609064,43.363629028673735]],[[-5.867321164038323,43.363990314944104],[-5.867166003236258,43.36384418755608],[-5.866916046440034,43.364000479176674],[-5.867056204226207,43.36413293909755],[-5.867321164038323,43.363990314944104]],[[-5.864878692820845,43.36432168948395],[-5.864717775368053,43.364415762149605],[-5.86497751835881,43.36454206007988],[-5.86522488636588,43.36455369653055],[-5.865816153422157,43.36411810636491],[-5.865440619240667,43.36389376348372],[-5.865193895062243,43.36389573958988],[-5.864878692820845,43.36432168948395]],[[-5.86635031302322,43.36486643841376],[-5.866192674817503,43.36491901045414],[-5.866294523543519,43.365096533027014],[-5.866615166778633,43.36524907835429],[-5.866736285655034,43.365200435461965],[-5.86708309318437,43.364716596804215],[-5.867006704335399,43.364538436181064],[-5.867072688119731,43.36435670357457],[-5.866933335313652,43.36414440068501],[-5.866694040950234,43.36427616432527],[-5.866870380849676,43.364451817696484],[-5.866394285800354,43.36473387642573],[-5.86635031302322,43.36486643841376]],[[-5.867538871649658,43.36434500645043],[-5.866934677817977,43.365260551745585],[-5.867243840873448,43.36549553179003],[-5.86761769543201,43.36557229527429],[-5.86800448842467,43.365413784402065],[-5.868072497657002,43.36514196185187],[-5.86821283857415,43.365107497738265],[-5.8683063606291626,43.364956014999905],[-5.86875217067227,43.36467470859698],[-5.868680216027963,43.36455053296168],[-5.867921725269131,43.364168091781764],[-5.867538871649658,43.36434500645043]],[[-5.870113885007061,43.367431710811225],[-5.871888557287431,43.36715766117561],[-5.872128028846243,43.367001822141106],[-5.872377452463832,43.36705674672386],[-5.8727460669956395,43.3670222248938],[-5.873849542525704,43.36686859458008],[-5.874006346504731,43.36679365028324],[-5.874024274915839,43.366252968283725],[-5.8737841734715115,43.36548504357918],[-5.873286342725775,43.36539648022387],[-5.8718154426318705,43.36560912342501],[-5.871812599480342,43.36554890417074],[-5.87203371592689,43.365492667131],[-5.871809485020695,43.36548293827146],[-5.870711284945444,43.365747929924304],[-5.8704955796298295,43.36571139142813],[-5.871957282066827,43.365314511020124],[-5.871959890690882,43.365224406919616],[-5.871550385870428,43.36522291184735],[-5.869842389213512,43.36564176089133],[-5.869514364075375,43.36582607317022],[-5.869951859406957,43.36590512507229],[-5.869732516330692,43.36592873580446],[-5.869613832604593,43.366028974031295],[-5.868265431132915,43.36622281961433],[-5.867647223862675,43.36619862778306],[-5.867274030279039,43.36613596947566],[-5.867221186008828,43.36606371047454],[-5.867639467644766,43.36603411129884],[-5.868013600593542,43.36611669737879],[-5.8689975334624815,43.3660452049193],[-5.869129536726512,43.36601581288541],[-5.869180690201251,43.36583445145744],[-5.867872500854213,43.365741576917976],[-5.867372666901737,43.365789793969924],[-5.866625944463318,43.365477770657705],[-5.866379357445251,43.36548279281139],[-5.8658735808051174,43.36522535527075],[-5.865500894688562,43.36517330295501],[-5.865230994989818,43.36494312678614],[-5.8648675471867255,43.36482740047751],[-5.8645940676922015,43.3648690561621],[-5.865135068630675,43.3652668777828],[-5.865443440731988,43.365297954205424],[-5.865399332321125,43.36538909878294],[-5.865585823476988,43.365924653831485],[-5.865539999079595,43.366105880047236],[-5.86533565563338,43.36629108106813],[-5.86535812967165,43.36638055610811],[-5.865569419045684,43.36662784944687],[-5.865776661084202,43.36673021518549],[-5.865865478688115,43.36690806488672],[-5.866844310874915,43.36749241375106],[-5.867214096787737,43.36748261578208],[-5.867334732381963,43.367411439633294],[-5.8674625355332175,43.367498271305884],[-5.867467983095804,43.367632249708244],[-5.86780738948695,43.36766969450919],[-5.868101883555792,43.367988927328796],[-5.868469567147393,43.36793449372778],[-5.868706740300363,43.36772967466404],[-5.8686448396805275,43.36809886757952],[-5.868853807206827,43.3682310807512],[-5.8690834304272315,43.36817789524377],[-5.869093219269385,43.36807372791596],[-5.869588178872115,43.3681010950732],[-5.869924252606857,43.367976704585935],[-5.870113885007061,43.367431710811225]],[[-5.87030710925722,43.36502871632135],[-5.870063864953409,43.36510453721907],[-5.869900655761397,43.365276141193846],[-5.870075668390855,43.36535469469998],[-5.8703201047509115,43.365304114953986],[-5.870479522091884,43.36508152496139],[-5.87030710925722,43.36502871632135]],[[-5.877311876796031,43.365630005943785],[-5.877631091856682,43.36562196797719],[-5.8776725592334795,43.36544084672344],[-5.877525707820928,43.364814275048445],[-5.877198296873232,43.364609658991675],[-5.876583280932957,43.36465267236626],[-5.874958769263135,43.36496892239482],[-5.874294905134811,43.36516569925696],[-5.874121991502193,43.36535012540519],[-5.8742015722431695,43.36588835499556],[-5.874295561626432,43.366066068001125],[-5.874429629975387,43.366085965310724],[-5.876445683034466,43.3658318895883],[-5.877311876796031,43.365630005943785]],[[-5.872501289821456,43.3644524017992],[-5.872246946499528,43.36429306003143],[-5.872253462032818,43.364431046915094],[-5.872005213475272,43.364400776545416],[-5.871671363128173,43.364511349481305],[-5.871568622485975,43.3647840469063],[-5.872024298782255,43.36480499764708],[-5.872506426928241,43.36456118599624],[-5.872887234118653,43.36478514334015],[-5.873254923418621,43.364731330792395],[-5.873367141236558,43.364494390082086],[-5.87349003548517,43.364483476467136],[-5.873559754906009,43.36437384093755],[-5.873543559189942,43.36419417110522],[-5.873470425777924,43.36406835613744],[-5.873224874561119,43.36409517256156],[-5.873063280465345,43.36420624714144],[-5.872738435306101,43.364247560631235],[-5.872623134372716,43.364419258875465],[-5.872501289821456,43.3644524017992]],[[-5.872956341489871,43.364118897170414],[-5.8730242653850535,43.3641171894917],[-5.87297813346504,43.36409680037541],[-5.872956341489871,43.364118897170414]],[[-5.878100285615457,43.36606034439295],[-5.878315007293054,43.366415090222965],[-5.878279133961312,43.36659607078318],[-5.878565864949235,43.366768925362834],[-5.878909021932141,43.366857620414066],[-5.880625089552618,43.366609813363034],[-5.880865380357547,43.36647179092963],[-5.880970297662252,43.36608128530169],[-5.881110271018741,43.36643090078532],[-5.881609703392313,43.36655285323449],[-5.883206780304115,43.36639876576937],[-5.884301199900005,43.366174115434234],[-5.884191767202059,43.36599680054639],[-5.883548484850051,43.36547280386113],[-5.8838844989734085,43.36507501248796],[-5.8833788994439375,43.364822794001384],[-5.8831299379996596,43.36458297964494],[-5.882983396027179,43.36428957766121],[-5.882729198165654,43.36413386802096],[-5.878050420772025,43.36436140122666],[-5.877805686567155,43.36471718608275],[-5.877982887017669,43.36552307008634],[-5.878111339937748,43.36564890874516],[-5.878830259317418,43.36568180297262],[-5.878241463040206,43.36579073204246],[-5.878100285615457,43.36606034439295]],[[-5.887336036726234,43.36499142972977],[-5.8874731100666216,43.365013549767326],[-5.887594379199305,43.36492044699508],[-5.887447544968999,43.36474069127323],[-5.8872215586567584,43.364839828755024],[-5.887336036726234,43.36499142972977]],[[-5.885039920418087,43.366017930145304],[-5.885152390777825,43.365787240117236],[-5.885274300482029,43.36575556228577],[-5.885400763280651,43.36581986832194],[-5.885739347494688,43.36568761473631],[-5.886317287575731,43.365222826251724],[-5.886259406865893,43.365134249707815],[-5.884745971376874,43.36502432302886],[-5.884500873698658,43.36506067654232],[-5.883935233797606,43.36546304410891],[-5.884000905798255,43.365641463686],[-5.8846717685684,43.366061927726356],[-5.885039920418087,43.366017930145304]],[[-5.876437924377502,43.36679828540884],[-5.874718519646317,43.366975967177375],[-5.874638700251987,43.36722793731415],[-5.87486047702089,43.36736826915452],[-5.875354192487534,43.367369389177334],[-5.875968312776054,43.36730683503167],[-5.876210044767531,43.367199007528235],[-5.877317552484132,43.3671307346482],[-5.87780509881874,43.36700151021589],[-5.877919707876826,43.36678520026766],[-5.877787648839949,43.36663269729215],[-5.877294038908853,43.36663368122297],[-5.876437924377502,43.36679828540884]],[[-5.870299467944592,43.367482056793044],[-5.870090821563177,43.367612367114745],[-5.870443938745741,43.367928191045586],[-5.871183505986236,43.36790841580762],[-5.871794355725803,43.36777638632221],[-5.87191106202562,43.36763427721658],[-5.87252532282316,43.36757456436856],[-5.872654314711937,43.367692619886455],[-5.872901261131199,43.36769502939571],[-5.87326694345921,43.36759836298323],[-5.873882664541486,43.36756959196466],[-5.874122155674109,43.367421007174805],[-5.874159889607301,43.36723998110527],[-5.873982430588057,43.36706908532076],[-5.872754915198174,43.367209562588755],[-5.87214694819079,43.367402474521924],[-5.8718956156414714,43.367307147612465],[-5.871158304520504,43.3673745560609],[-5.8706713703914,43.36751711737432],[-5.870299467944592,43.367482056793044]],[[-5.874828973274594,43.36670174401979],[-5.877529673809335,43.36639708101833],[-5.877819388926176,43.3662474957019],[-5.877833336911193,43.366067067435765],[-5.877630070353762,43.3659105671209],[-5.877383936447744,43.365925182654024],[-5.874809384924832,43.366287301524366],[-5.8745659872135505,43.36635986116698],[-5.874431945625933,43.36660286860768],[-5.874828973274594,43.36670174401979]],[[-5.872260595656486,43.36521684918215],[-5.872166148548052,43.365195512295074],[-5.87208739725297,43.36522120234326],[-5.872168453988195,43.36524433717415],[-5.872260595656486,43.36521684918215]],[[-5.86667495316182,43.3684184165307],[-5.867019447940799,43.368589641306706],[-5.867265448351053,43.36857191000834],[-5.867373834460868,43.368490920844195],[-5.867262049004948,43.368223610138685],[-5.866867868524063,43.36799220199918],[-5.866620841649487,43.36798810763294],[-5.866411156122359,43.3681549182239],[-5.86667495316182,43.3684184165307]],[[-5.873392733650234,43.368519812657794],[-5.874049402891923,43.36848639152649],[-5.874291959135545,43.368395835640484],[-5.874353963345949,43.36822552320643],[-5.874154587922949,43.36810056379284],[-5.873123207798492,43.36825647401738],[-5.873015523624168,43.368439258405516],[-5.873392733650234,43.368519812657794]],[[-5.871229756482492,43.36888813322726],[-5.871713882652361,43.36868590134611],[-5.872208570034126,43.36870737453447],[-5.872277772974739,43.36863788116722],[-5.872216994382596,43.36845933182188],[-5.871946997625615,43.36839531415452],[-5.871331704504989,43.36843334786678],[-5.87121140200842,43.36849933904015],[-5.870719204066971,43.36853056514929],[-5.870544823283233,43.36868142574442],[-5.870550735733989,43.368771315730264],[-5.870735949832983,43.36888534367349],[-5.871229756482492,43.36888813322726]],[[-5.866542610491658,43.36770142813468],[-5.866098751904353,43.36738496241078],[-5.865948140629817,43.36735618452753],[-5.865865588616895,43.36744829340227],[-5.866121281286609,43.36786306203508],[-5.866490853360492,43.367848676200474],[-5.866542610491658,43.36770142813468]],[[-5.863923711028809,43.36575020707995],[-5.863418111324344,43.366159068450585],[-5.863797057480351,43.36659976529406],[-5.86409258760195,43.36671574489227],[-5.864606185407982,43.366399408080966],[-5.864570950522146,43.36631025277119],[-5.863923711028809,43.36575020707995]],[[-5.863308700999546,43.36634188705599],[-5.863336180164863,43.36637753899233],[-5.863364600669912,43.36634048640338],[-5.863308700999546,43.36634188705599]],[[-5.863196833281922,43.36603905767066],[-5.8635897601161435,43.365344420120685],[-5.863506104815848,43.365256477806135],[-5.86290482740706,43.36507915127666],[-5.862647575857295,43.364857537998176],[-5.862280730066221,43.36492949655692],[-5.862025173174776,43.36474383864481],[-5.861158958125225,43.36469403904534],[-5.860782208552237,43.36455543158206],[-5.86066351886454,43.364655803862085],[-5.86063558566661,43.36532837110752],[-5.86117925808227,43.36585499167101],[-5.861498004330304,43.36629720347258],[-5.86173476002507,43.36644040745387],[-5.862229731281181,43.36646837264845],[-5.862715383857549,43.36629833212049],[-5.862831130000343,43.3661354267509],[-5.863196833281922,43.36603905767066]],[[-5.8602088398627,43.36548440766232],[-5.85959669367033,43.36558891881124],[-5.859496993655146,43.36571702197191],[-5.860361421459701,43.36610471175515],[-5.860875738496441,43.36654406026769],[-5.8609907604148415,43.36621986537066],[-5.860478153240145,43.365602427747035],[-5.8602088398627,43.36548440766232]],[[-5.85852607708781,43.366911814603206],[-5.858784569284258,43.367535618320495],[-5.859106473546971,43.36797775772985],[-5.859845834287271,43.368263001954396],[-5.860091028665506,43.3682281116337],[-5.860207531450619,43.36813028157394],[-5.860317758154094,43.367767368388904],[-5.859912877211542,43.36741734763181],[-5.860170556646946,43.36729480007249],[-5.860262078838745,43.36686837634598],[-5.860458846683628,43.36668337400261],[-5.860332475561816,43.366326382856926],[-5.859864681609544,43.3660390502313],[-5.859363270965958,43.36587400626813],[-5.858873632949088,43.365959382533305],[-5.858802036339097,43.3664547183966],[-5.858579432916788,43.36664036417695],[-5.85852607708781,43.366911814603206]],[[-5.861355546316645,43.36828161901152],[-5.860813001273175,43.36783411429927],[-5.860691153193417,43.367867464415724],[-5.8604374550676415,43.3682145650961],[-5.860481186600166,43.36857362465545],[-5.86067371708571,43.36883892079534],[-5.860862428815955,43.368884933279936],[-5.861228185411684,43.36878928315708],[-5.861471276845055,43.36854883679665],[-5.861355546316645,43.36828161901152]],[[-5.856435973786614,43.36923885778063],[-5.856645613742062,43.36956995643058],[-5.856654841532338,43.369929879979445],[-5.857591502125695,43.3701913298207],[-5.857882919042119,43.37043940498766],[-5.857785463593809,43.370531880745396],[-5.857982246769416,43.37062714078806],[-5.858197265087209,43.370341504553615],[-5.858660299970734,43.3699697681614],[-5.859391123721972,43.36959132955952],[-5.859512691515602,43.369498249065636],[-5.859468485106789,43.36940931669443],[-5.859907345271374,43.36930829580141],[-5.860228668262778,43.3690301380771],[-5.8601060109671685,43.36894316950318],[-5.860160096393521,43.36885177727063],[-5.859996836319212,43.36884961378475],[-5.859636544196489,43.36906153316479],[-5.859404200465796,43.369369831663455],[-5.858908980210377,43.3693370479558],[-5.858295657668609,43.36941739636883],[-5.857675837725467,43.369359498502355],[-5.857421693518851,43.36920402281726],[-5.857301326854475,43.36926900334143],[-5.856679505914727,43.36916845199757],[-5.856434826475685,43.36921442928399],[-5.8561705430842474,43.369131638463166],[-5.856055031897484,43.36901135991842],[-5.8558080723311265,43.36900877472173],[-5.8554096349406475,43.36915065395888],[-5.855406587700891,43.36924076866953],[-5.855577145049383,43.36934765220413],[-5.855950727506299,43.369418419972604],[-5.856197824808072,43.369423902455104],[-5.856438554015018,43.36930501664792],[-5.856435973786614,43.36923885778063]],[[-5.8565037558699125,43.370383849502126],[-5.856409929059177,43.37074634902897],[-5.856767238208208,43.37103619835551],[-5.856391018085255,43.370909506070795],[-5.855645169575046,43.37184592493176],[-5.856073784954304,43.37203880482218],[-5.856427772375624,43.37169202709384],[-5.856504337639404,43.37173441308378],[-5.856272735672092,43.372100356311705],[-5.856954868896036,43.37240294839213],[-5.857018689934561,43.37190163176749],[-5.857339412700437,43.37153345867012],[-5.857341486116022,43.371353329759444],[-5.857440488194419,43.37126081571136],[-5.857417668660283,43.37090123216474],[-5.857554472421963,43.37062769570045],[-5.857354384362176,43.370398324106944],[-5.856731350534729,43.37027220186227],[-5.8565037558699125,43.370383849502126]],[[-5.858240683631346,43.37115076541202],[-5.85805936659396,43.370885184782985],[-5.857992338662152,43.370841888716825],[-5.857995663866345,43.371156893608266],[-5.858134511921649,43.37124086096081],[-5.858240683631346,43.37115076541202]],[[-5.857583574117649,43.37264928287971],[-5.858461213544927,43.37293976382776],[-5.859195266464012,43.37280131722236],[-5.859310565498097,43.37265465522633],[-5.859224213141773,43.372566777352574],[-5.858141412897324,43.37223371065879],[-5.858446780386196,43.37222607261768],[-5.859176538919849,43.37240300252683],[-5.859522062961147,43.371876570576305],[-5.859647933184415,43.37183586664453],[-5.859592726929942,43.371747209619414],[-5.859009933142539,43.37148454352907],[-5.858140169084917,43.371361232441046],[-5.857894483126851,43.37138595383452],[-5.857767698899359,43.371314444761175],[-5.8576459058284245,43.37134914804111],[-5.857211496769799,43.37216692673942],[-5.857273070028221,43.372435502768894],[-5.857583574117649,43.37264928287971]],[[-5.855365448829339,43.371222644850555],[-5.855438859591446,43.371040733428295],[-5.855533015290247,43.371036392619295],[-5.855568040008406,43.3711275440002],[-5.855788188383758,43.37121371261383],[-5.855935101152993,43.371118371038584],[-5.855966997342048,43.37093749679926],[-5.855338316465555,43.37050301440758],[-5.855138253988265,43.37051471018714],[-5.85500840811664,43.370377874112464],[-5.854885893044576,43.37039719139201],[-5.854731414908549,43.37051817721875],[-5.854733001173514,43.37069821470165],[-5.855181059544277,43.37086709782782],[-5.855200542381068,43.37095664959146],[-5.854850480948358,43.371145472593156],[-5.8547084288800315,43.37132909839927],[-5.855067420544899,43.37163490185602],[-5.85531588750561,43.37166936511896],[-5.855560073660727,43.37161265554142],[-5.855652304822338,43.3714855924732],[-5.855649797262568,43.37130557805274],[-5.855365448829339,43.371222644850555]],[[-5.852435050820087,43.37077235810594],[-5.853315594494645,43.37112584867542],[-5.853688894647715,43.37119041999916],[-5.8542493985768935,43.37080033327026],[-5.853894073210528,43.37071916915735],[-5.853727694199864,43.37054324706406],[-5.854292088967393,43.37061918986868],[-5.854396661958633,43.37043650073758],[-5.854253691726293,43.37016995612979],[-5.854130641253111,43.37008352577413],[-5.853883031254444,43.37006717136551],[-5.853753917251255,43.369945850820066],[-5.853383333052635,43.369939004916084],[-5.853161727755249,43.37028726357327],[-5.8529064103659465,43.37029631748304],[-5.852310830803184,43.37057862090947],[-5.852435050820087,43.37077235810594]],[[-5.85143726640713,43.37141076890321],[-5.851660565630474,43.3710450425698],[-5.851675717666822,43.37077454876316],[-5.851824404240269,43.37050072255819],[-5.852048282459124,43.37042051130595],[-5.852035504960956,43.37031537703021],[-5.85228844481834,43.37027804567268],[-5.852453921909932,43.3701248564104],[-5.852522039840994,43.36985304035906],[-5.853178798937956,43.36902629732081],[-5.853437041005059,43.36845313208756],[-5.853190915275953,43.36846827150398],[-5.852662843007238,43.36876906259889],[-5.85188128804453,43.36949131571119],[-5.851838045254525,43.36969003496782],[-5.851650049850583,43.369824066828265],[-5.8512088853404505,43.369975850232294],[-5.850927424109068,43.37020589711611],[-5.850801893937226,43.37016091305248],[-5.850831394128174,43.37025538390338],[-5.8506887313201705,43.37037977731051],[-5.85044146573549,43.37037077829939],[-5.849869798607273,43.37099967749655],[-5.849860561978675,43.37114341312168],[-5.849493326180742,43.3712081787162],[-5.848712534844355,43.37192891802186],[-5.8484484081997525,43.37261502396695],[-5.847845601194828,43.37292092221532],[-5.847569844561276,43.37312789932527],[-5.847592921971623,43.3732173628213],[-5.847992267656792,43.37341713678207],[-5.848240581718156,43.37344826261204],[-5.849094899101003,43.37324166120036],[-5.849591160030922,43.37329607882165],[-5.850078691192641,43.37316421517047],[-5.8502395963109,43.372701187263935],[-5.850487153963073,43.372514935301666],[-5.850478371206964,43.37224503872119],[-5.850924952614593,43.37205382116261],[-5.851003049410545,43.37181910149925],[-5.85143726640713,43.37141076890321]],[[-5.83159147371021,43.37904365927738],[-5.830752646417706,43.37958598163891],[-5.830507587902837,43.379625138323426],[-5.830381263307132,43.37956319367249],[-5.830184195501017,43.37986250331549],[-5.829910637684135,43.38006027236287],[-5.829784318846339,43.37999845836902],[-5.829725670235754,43.380053935607755],[-5.829784204238131,43.38014252469369],[-5.829664897957434,43.380235517576],[-5.829809779147298,43.38032196848029],[-5.829574840361083,43.38080214069074],[-5.8293340599921715,43.38093334518481],[-5.828999594935584,43.381704086555835],[-5.827505205488096,43.38281005483236],[-5.827441821200343,43.3829917002074],[-5.827507454944877,43.38308011476156],[-5.827099974481973,43.3833276172255],[-5.827003413599268,43.383542777913405],[-5.827118164508382,43.383718746550464],[-5.828038175153746,43.384147444004384],[-5.828193662144543,43.38450374995065],[-5.828383721857047,43.384679122950175],[-5.828271169559799,43.384771947183566],[-5.8282872363494675,43.38496597236918],[-5.828527905395306,43.384855631175384],[-5.8284023476982565,43.38467866194007],[-5.828808308991345,43.384218420666855],[-5.82885980924543,43.3840057596711],[-5.828976784657003,43.38386664010054],[-5.829295433639054,43.383756168446915],[-5.829130396341914,43.383670215968095],[-5.82918416191813,43.38348880782446],[-5.829450316316512,43.38343123285885],[-5.829685534537047,43.383180335405754],[-5.829769740584687,43.38266396191496],[-5.82991407617058,43.382786055295014],[-5.829842509920899,43.38257212137613],[-5.830249554592161,43.382037217856805],[-5.83107874755131,43.38128721015967],[-5.833328534494226,43.379694546921975],[-5.833164639938308,43.37960857188428],[-5.833217163690053,43.37951723112244],[-5.833412126377267,43.379512397216736],[-5.833384791535529,43.37960311352077],[-5.833470212069335,43.37962609376263],[-5.833585460174469,43.3794503098595],[-5.834199527220561,43.37938305459965],[-5.834681800394587,43.379136658108365],[-5.834933139868012,43.37923230532315],[-5.835055355978572,43.37920605866182],[-5.835168846758413,43.37899270406252],[-5.8352900568539425,43.378944897170314],[-5.836640468710159,43.378785824974],[-5.837243414373942,43.37848046589578],[-5.837489108905989,43.37845513049782],[-5.837605522153763,43.3783046054422],[-5.8377310275878145,43.378348899570746],[-5.838341339021408,43.37820153329506],[-5.838701713476144,43.37798865075879],[-5.839310241584,43.37780322380251],[-5.8403759230984145,43.376834544701765],[-5.840788702440894,43.376898217353656],[-5.840876949771181,43.37699049378287],[-5.841103824270907,43.37662026755174],[-5.840647779937662,43.37627145068664],[-5.8405664371234,43.37609339558387],[-5.84071232507906,43.375639576317774],[-5.840952206467125,43.37536349725831],[-5.841413194517397,43.375258605503596],[-5.841651359727273,43.375072470249265],[-5.8425149090087345,43.37506239029212],[-5.84222118731905,43.37461163390334],[-5.842212381962852,43.37443177577941],[-5.842652212099898,43.37388060418001],[-5.842514036501078,43.37352388700414],[-5.84269571001245,43.37306917496171],[-5.842542695232274,43.372802865498784],[-5.842734230666435,43.37252798522145],[-5.842638808077027,43.37243199448226],[-5.842262466283636,43.37230226210168],[-5.841746440191892,43.37182455811419],[-5.841253035112375,43.3718308617681],[-5.84120598237228,43.372025760494],[-5.841021839039051,43.37216594040057],[-5.840038092057822,43.37224426430544],[-5.839185161239193,43.37248093635172],[-5.83809523284154,43.37292893383752],[-5.837481092899201,43.37299314051027],[-5.837072038954139,43.373389007648115],[-5.835546009302819,43.3754977713417],[-5.835025961180849,43.37592833988022],[-5.834089585599172,43.377024483223686],[-5.833656888546221,43.37743544133301],[-5.833324855822602,43.377623751371345],[-5.8331448332433125,43.37798836897337],[-5.832732791959877,43.37817866086892],[-5.832815325348168,43.37826665349418],[-5.8326497293933475,43.378540874108985],[-5.832388642241507,43.378637384232626],[-5.832077880658075,43.378885834999316],[-5.83159147371021,43.37904365927738]],[[-5.8433332573244465,43.37359354503884],[-5.843221314488291,43.373596330294774],[-5.843315704562905,43.37371024948312],[-5.843337485841518,43.37368347839674],[-5.8433332573244465,43.37359354503884]],[[-5.8469961430499415,43.37395254074818],[-5.846902940142777,43.37387692176543],[-5.846771136089102,43.37395814627532],[-5.846908731945019,43.37400063360461],[-5.8469961430499415,43.37395254074818]],[[-5.843200545118454,43.375307579704405],[-5.842818901303285,43.375497151643295],[-5.842910893045222,43.375611863708684],[-5.843511943866442,43.375267319514734],[-5.8436106907285525,43.3751172972546],[-5.843378044526631,43.37504346870631],[-5.843200545118454,43.375307579704405]],[[-5.835638236901978,43.381116859537514],[-5.835635097131501,43.381049544520636],[-5.8355898978327,43.3810790723572],[-5.835638236901978,43.381116859537514]],[[-5.831207526715318,43.38226819477164],[-5.831266451192812,43.38226673486351],[-5.831244762877377,43.38220131629701],[-5.831207526715318,43.38226819477164]],[[-5.830892638385294,43.38259244708861],[-5.830895797661453,43.38266029028064],[-5.830928530637079,43.382635260823164],[-5.830892638385294,43.38259244708861]],[[-5.827179113768007,43.3850292447633],[-5.827204192318906,43.38497842693771],[-5.827175847696782,43.384959021700936],[-5.827136828147854,43.38498009355428],[-5.827179113768007,43.3850292447633]],[[-5.824698838658603,43.385670653215705],[-5.824764387483785,43.386197951507064],[-5.825020278192246,43.386391215908354],[-5.825392609644347,43.38643354509924],[-5.826037605577286,43.385817629698614],[-5.826188923697453,43.38536369490649],[-5.8260800613914805,43.385287659347036],[-5.825834252985506,43.385311242521176],[-5.825704322991886,43.38517189837523],[-5.825334526442506,43.38518394388286],[-5.825113723912268,43.38503012743086],[-5.824832903686939,43.38501579622792],[-5.824698838658603,43.385670653215705]],[[-5.827183479535044,43.38512311174078],[-5.827186320691428,43.38518419830237],[-5.827219262554762,43.38515813109902],[-5.827183479535044,43.38512311174078]],[[-5.82570736362756,43.38663614275396],[-5.8262816402460205,43.38696792899591],[-5.826525053432203,43.3868926985878],[-5.826524886383538,43.386796001384646],[-5.826705666930154,43.386701491178904],[-5.826748058547862,43.386378651295374],[-5.827066957055898,43.38624236114233],[-5.8270141546220104,43.38615362894601],[-5.827102491043741,43.38603612314764],[-5.827230134556726,43.38612619825331],[-5.827326111841027,43.38605587249136],[-5.8272189176828135,43.3858850393483],[-5.827093153529578,43.38583536032237],[-5.826977774641319,43.386008977219895],[-5.826850633938973,43.38592970031254],[-5.826822544653121,43.38570817655719],[-5.826467855688839,43.385662661368784],[-5.826381261247253,43.38571909190093],[-5.825653665760783,43.386457393574624],[-5.82570736362756,43.38663614275396]],[[-5.8224881859969715,43.38503447205391],[-5.821872215831847,43.385062243935565],[-5.8216308377048005,43.38518128545261],[-5.821408490482879,43.38571035843545],[-5.820690697136704,43.386204411044886],[-5.819375079107575,43.386432395484114],[-5.819110248819569,43.38697916023447],[-5.820241447418248,43.387311402181346],[-5.820627173384078,43.38749589057112],[-5.821220986145275,43.386990205057565],[-5.8211809133618315,43.387198174002066],[-5.820859904517873,43.38756625263961],[-5.82113081260066,43.38770728206175],[-5.8212438335033765,43.38764681312917],[-5.822060198916208,43.386996385802924],[-5.8224231123720935,43.38629175109976],[-5.822788293426617,43.386180159992584],[-5.823136885676055,43.38571142650767],[-5.823519062987757,43.385429694170156],[-5.823658819072522,43.38515612537832],[-5.823846245544085,43.38503638604111],[-5.8239548274568085,43.3847163043977],[-5.823463628797932,43.38477241495626],[-5.823087440022216,43.38464678013413],[-5.8224881859969715,43.38503447205391]],[[-5.8202644303859925,43.38857137398554],[-5.820738167024926,43.38828956568605],[-5.820714613923898,43.388200108576534],[-5.82093854675333,43.38810454231162],[-5.820634505597493,43.387653891033715],[-5.819629466390183,43.38727920866324],[-5.819007666119481,43.38718179518948],[-5.818799637280777,43.38734697661831],[-5.818163980274041,43.388623193827605],[-5.818348414052811,43.38893913188022],[-5.818746007844948,43.38905903108594],[-5.818986767719618,43.389393071111755],[-5.819622152944484,43.38978281679436],[-5.819866011989049,43.38966166813777],[-5.819956728058719,43.38947935257186],[-5.819987354863366,43.38893836585345],[-5.820153100072775,43.38884423704521],[-5.8202644303859925,43.38857137398554]],[[-5.8177064159165415,43.38840637003775],[-5.817638465972983,43.388456075641464],[-5.817715875088417,43.38845416693794],[-5.8177064159165415,43.38840637003775]],[[-5.819680129535365,43.3857100304581],[-5.819774150615373,43.38597235621586],[-5.820068725174787,43.38610309357659],[-5.820191425369952,43.38608684513374],[-5.820789934774783,43.38585724807142],[-5.821173939118096,43.38548761436578],[-5.8212904024880645,43.385034546429075],[-5.821067869452511,43.38476992469664],[-5.820986072355663,43.38432175128908],[-5.820717612633612,43.38412403933953],[-5.820245559467349,43.38443006785206],[-5.819680129535365,43.3857100304581]],[[-5.8192201564964945,43.385625870890095],[-5.819793370856919,43.384351188278835],[-5.819726420279077,43.38404660120032],[-5.819358681597503,43.38410289711909],[-5.818985789144442,43.38404807185622],[-5.818448057178794,43.38438437691807],[-5.818239432872855,43.38474967642385],[-5.818303350949908,43.38530471023371],[-5.818576201048629,43.38573179446887],[-5.8189438611707525,43.3858060138458],[-5.8192201564964945,43.385625870890095]],[[-5.822623685115606,43.383200850665325],[-5.821770132463093,43.38286311978147],[-5.821164862692235,43.383120999814565],[-5.821083667646298,43.38323887942085],[-5.821539350601917,43.38376786037491],[-5.822198038344396,43.38410304496175],[-5.822800103535084,43.38377604310572],[-5.822897879296726,43.38364427033235],[-5.822623685115606,43.383200850665325]],[[-5.8197962532815035,43.38336069307502],[-5.819823890714171,43.38348654228395],[-5.820070243000137,43.38347478971492],[-5.820149148229248,43.38326194604547],[-5.819937356323696,43.38327133329623],[-5.8197962532815035,43.38336069307502]],[[-5.819530247256488,43.38273698670369],[-5.819554167057051,43.38299440473061],[-5.819678692262056,43.383017634248745],[-5.819932292474371,43.38290714332994],[-5.819913112166135,43.382748685966675],[-5.819530247256488,43.38273698670369]],[[-5.830234616501093,43.379064687019394],[-5.830470606331786,43.37883077703681],[-5.8307160225088905,43.378799370200554],[-5.830835279806162,43.37870955398843],[-5.831206570039557,43.3787304564876],[-5.831567468061861,43.37852821070046],[-5.831857622927982,43.37820035193999],[-5.8319293060709105,43.37783842125054],[-5.832512829997314,43.377623519632785],[-5.832576080169514,43.37746223692026],[-5.832824133592429,43.37736604947035],[-5.832990614767111,43.37709180662604],[-5.832847438826528,43.376857247200746],[-5.8332175987473365,43.37685412190766],[-5.833455497888426,43.37666160676314],[-5.834498868908031,43.37521271582302],[-5.834554028642709,43.37498214987982],[-5.8344811724806425,43.374833079356065],[-5.833613560715267,43.374755946419725],[-5.833486184818728,43.37467128476282],[-5.8322588894805225,43.37482183250472],[-5.83227770758843,43.37521866774337],[-5.832478444843359,43.37548380814511],[-5.832561523004876,43.37602198045657],[-5.832437824834863,43.37620512370425],[-5.8323263738779305,43.37627065469272],[-5.832078644382464,43.37625215808822],[-5.831715342817909,43.37658318333186],[-5.8314640474746895,43.377399757362944],[-5.8312588230567854,43.37767495789662],[-5.831160582046112,43.377742846306795],[-5.830667942971868,43.3777666653734],[-5.830211089508561,43.37797102736304],[-5.829436031626925,43.37844041326677],[-5.829108611018484,43.37874129094646],[-5.828744355025371,43.378871565935626],[-5.828388653621807,43.379185764113316],[-5.828264934759705,43.37917976830827],[-5.826696262810815,43.37995509725625],[-5.82609651124326,43.38050389946801],[-5.826114447637816,43.38071647812287],[-5.825740906539877,43.38064737478311],[-5.82463901932167,43.38117020504307],[-5.8245509798883885,43.38126241973419],[-5.824856277606847,43.381524988878915],[-5.824294535659748,43.381399584078956],[-5.823440018908779,43.3816061743252],[-5.822433041517723,43.38230517395089],[-5.822363314616865,43.38257701177152],[-5.823275034549206,43.38336982359491],[-5.8233995645828305,43.38339311015043],[-5.823641493718067,43.38326574432291],[-5.82370066724561,43.38335432070767],[-5.823497934962252,43.383539407106596],[-5.823588740357344,43.383717240514756],[-5.824172392222313,43.38408483938797],[-5.824422125765391,43.3841458269186],[-5.82503502357513,43.38405217123168],[-5.825359806236915,43.38385354265343],[-5.825386453356182,43.38364510730289],[-5.82563014518873,43.38357612959593],[-5.826052541120703,43.38329618187219],[-5.8259623162476695,43.38311833607886],[-5.826611119018053,43.38265209684937],[-5.826568857144877,43.38252490031614],[-5.825931873074342,43.3821000273242],[-5.826810741070992,43.38241716720657],[-5.826820316969838,43.38228676791207],[-5.827037416802212,43.382191358722004],[-5.827484419464791,43.38173010669361],[-5.827432669687005,43.38155131003622],[-5.82716679068903,43.381287772601276],[-5.827250150251006,43.38124793276405],[-5.82762693045728,43.38138656069247],[-5.828086284250508,43.38117498189563],[-5.828230167291991,43.38108593925405],[-5.828276471819768,43.38090015928068],[-5.828467141051128,43.38087285120419],[-5.829137108289074,43.380158546952785],[-5.829158650659558,43.37997793650439],[-5.829036336791041,43.37984087994529],[-5.828657797108238,43.37966429309892],[-5.828652671333805,43.379554121836584],[-5.829032967936206,43.37976848140504],[-5.829402031810192,43.37974141740636],[-5.829760315902567,43.37948275545662],[-5.829871652758472,43.379222714094496],[-5.830234616501093,43.379064687019394]],[[-5.819357027922625,43.381660797578135],[-5.81976432641873,43.38220240813087],[-5.82062709030313,43.382173116835745],[-5.820780079306724,43.38207587238013],[-5.8207525829753495,43.381896473961795],[-5.820224225527915,43.38147196955231],[-5.8197913312005145,43.38137996598255],[-5.819719743486161,43.381241198405036],[-5.819591303788688,43.381294863011234],[-5.819655168543654,43.381383325790566],[-5.819490534925376,43.38162241471183],[-5.819357027922625,43.381660797578135]],[[-5.822378407167715,43.380011062839294],[-5.8206961177445535,43.381087520543865],[-5.820709280875368,43.38135731137154],[-5.8209678683210155,43.38153608173671],[-5.821093663098491,43.38158672393969],[-5.821262880796228,43.38152372233927],[-5.8226946445614844,43.380587979577804],[-5.822765643786791,43.38040614864681],[-5.822630781787094,43.38012934102777],[-5.822378407167715,43.380011062839294]],[[-5.820692119198209,43.38117765782304],[-5.820580045240112,43.38115913181535],[-5.820556341804668,43.3811810091957],[-5.82058245873645,43.38121115236036],[-5.820692119198209,43.38117765782304]],[[-5.8221908411354235,43.37979007562521],[-5.821342207182571,43.378962330535316],[-5.821115675746597,43.37882619878621],[-5.820967154840885,43.3788603054845],[-5.820668527758398,43.379287429704135],[-5.820823709620941,43.379373637823875],[-5.820826444621972,43.37946360891286],[-5.820508778119741,43.37965152712418],[-5.820631394712967,43.37982857786075],[-5.820278035744999,43.37997090029148],[-5.820120901886626,43.38020133152397],[-5.820173312134226,43.380374422158404],[-5.820446123211961,43.38046342089743],[-5.820560913704984,43.38074676541463],[-5.820808077819703,43.38075275225499],[-5.821050842030032,43.38066391679731],[-5.822085761841651,43.37997274784924],[-5.8221908411354235,43.37979007562521]],[[-5.8162235435080145,43.380382820107954],[-5.816312253164519,43.380295259281404],[-5.816214344881505,43.380184238846006],[-5.81596268434767,43.38008111474253],[-5.815870977209872,43.3801260564523],[-5.8159748245951315,43.380343224116736],[-5.8162235435080145,43.380382820107954]],[[-5.817291347095581,43.379451027514136],[-5.8170550803945815,43.37968011093569],[-5.817113975141309,43.37991534357913],[-5.8174414420647445,43.38002621049037],[-5.817812217358782,43.38003592254559],[-5.818110457122992,43.379890773932445],[-5.81814228842562,43.37970991172708],[-5.8179128473832895,43.379543749965784],[-5.817291347095581,43.379451027514136]],[[-5.818302209322915,43.37943585197012],[-5.818647437411088,43.379413156208415],[-5.818766984132013,43.37932917092279],[-5.8189422636907,43.3790599104421],[-5.818871818616148,43.37892786968634],[-5.818354733934058,43.37907440211796],[-5.818302209322915,43.37943585197012]],[[-5.808468641080616,43.37886759986251],[-5.808760580149593,43.37850027008318],[-5.808721123689562,43.378307572996725],[-5.808480104348146,43.378434377122154],[-5.808112435165903,43.37849167769853],[-5.807752219237873,43.37871039086618],[-5.807654129043729,43.378797575898275],[-5.807721248562496,43.37906604281018],[-5.8075577262614395,43.379250137705576],[-5.807656761801626,43.37931633830463],[-5.807775227430964,43.379208616345146],[-5.808024421941972,43.379258725174346],[-5.808268471331831,43.37919743261142],[-5.808525517764972,43.37931639533302],[-5.808762086702321,43.3790404650277],[-5.808750058291832,43.37893392079707],[-5.808468641080616,43.37886759986251]],[[-5.8093393307045185,43.37832955375664],[-5.809336664724472,43.37827185499077],[-5.809288183001116,43.378307223721194],[-5.8093393307045185,43.37832955375664]],[[-5.817328788580562,43.37783915945818],[-5.816230864391679,43.377875931956694],[-5.815873945324936,43.378165121209165],[-5.815773264718329,43.3783276916409],[-5.815828369008945,43.37841637248283],[-5.816382191229488,43.37847802658966],[-5.817111849833112,43.378241202533836],[-5.8174807284472525,43.378210220878486],[-5.817634687581135,43.378011694738994],[-5.817586949300541,43.37792283315494],[-5.817328788580562,43.37783915945818]],[[-5.819309902206504,43.377727213797236],[-5.819060337904618,43.37766919013175],[-5.819062891728608,43.37779639403271],[-5.819273012318824,43.37797128762594],[-5.819446278092794,43.37800624360841],[-5.819490535054185,43.37787588232135],[-5.819309902206504,43.377727213797236]],[[-5.831742881189199,43.375321960613164],[-5.831696502076403,43.37514303267373],[-5.83096927589362,43.37462081908219],[-5.830515407184891,43.3744899711285],[-5.829537834377218,43.37470209037269],[-5.828310738634835,43.374857158384664],[-5.8280399451884985,43.375143543552035],[-5.826364148746703,43.37546620186562],[-5.826002287894042,43.375647725488705],[-5.8255034376995765,43.37553755877702],[-5.825136327239317,43.37560615785898],[-5.824526816718677,43.37577091025523],[-5.824048306394482,43.37609865863588],[-5.823310192417599,43.37615224704956],[-5.822713051532751,43.37662582639432],[-5.822199386259733,43.37753889948681],[-5.821773902270678,43.37762506790534],[-5.821717418969118,43.37773087860465],[-5.821717858482865,43.37800098359957],[-5.82179848209707,43.378154696563016],[-5.821908720867433,43.378176347835826],[-5.8219368506693385,43.378715884843416],[-5.822054247640922,43.378893062960344],[-5.823758712741999,43.38049436565881],[-5.824134911436776,43.38062074818541],[-5.8245036858959605,43.380587294621094],[-5.826430174649691,43.379541988411674],[-5.827763902951706,43.379023413711586],[-5.830276909491713,43.37732149307908],[-5.8307044121476945,43.37696838391997],[-5.8315692004523845,43.375914842114796],[-5.831742881189199,43.375321960613164]],[[-5.8271817536642505,43.37446775524405],[-5.826926305954874,43.374283043369246],[-5.826594413051499,43.37445899875666],[-5.82655159868669,43.374820212288256],[-5.826828956493206,43.37484407192209],[-5.8271930340367035,43.374710379683776],[-5.827321548714037,43.37481971961489],[-5.82769126698061,43.374807355541456],[-5.8281892334444345,43.37468965582086],[-5.828027940167161,43.37408445516816],[-5.827772957211784,43.37390975678234],[-5.827402425043715,43.37390449817195],[-5.827322742153927,43.37399078813531],[-5.827426101235991,43.3740782694941],[-5.8271817536642505,43.37446775524405]],[[-5.829755922640923,43.37408377834488],[-5.828513380262981,43.37390648334224],[-5.828351934856911,43.37405535863345],[-5.8283960124082705,43.37441442221294],[-5.828546543000134,43.37461943472924],[-5.829407726982031,43.37455860021661],[-5.830054143513253,43.374373370332016],[-5.8301125820195745,43.37428188445555],[-5.829755922640923,43.37408377834488]],[[-5.832820580068484,43.373631241207214],[-5.832202717889713,43.373615802377266],[-5.832072731636134,43.37347499540059],[-5.831948682051848,43.37346165469278],[-5.831627658259999,43.373524043523695],[-5.831426318363299,43.37415930268111],[-5.831745794806516,43.37440587524104],[-5.832497271895223,43.3746397905387],[-5.83348411633864,43.3746268938978],[-5.833728088303636,43.37456489249988],[-5.8338545087757385,43.37462905058048],[-5.834594040581727,43.37460648158439],[-5.834831344200833,43.37443503925318],[-5.835161437576139,43.37379657992169],[-5.8350467430197,43.37372664542199],[-5.833698989516676,43.373940456221995],[-5.833587860961325,43.373835609393126],[-5.832820580068484,43.373631241207214]],[[-5.835684448206681,43.37416757067706],[-5.836189858975881,43.373951137425244],[-5.836257459753266,43.373769382426836],[-5.835655516581204,43.37354714199718],[-5.8354799379029165,43.373788677507115],[-5.835486796768123,43.37405862312502],[-5.835684448206681,43.37416757067706]],[[-5.836734152395263,43.37312727992885],[-5.836249914420785,43.3730594901488],[-5.836004740159823,43.37309552721567],[-5.8358500798186395,43.373329299656795],[-5.835897661679425,43.373418157464656],[-5.836276479865332,43.37362906780235],[-5.836399175814812,43.373613360332044],[-5.836642050502146,43.3733996820131],[-5.836734152395263,43.37312727992885]],[[-5.835060069846818,43.374699480800196],[-5.835227011683242,43.37494573903055],[-5.835350213233907,43.37494081216361],[-5.835469572625901,43.374869397860955],[-5.835499858977582,43.37459853059544],[-5.835209080083696,43.37456115278697],[-5.835060069846818,43.374699480800196]],[[-5.821855975234121,43.382052995797835],[-5.822481162488096,43.3817637540377],[-5.823195730122891,43.381205871190666],[-5.823255718554083,43.38093427342553],[-5.823022925216035,43.380599208741444],[-5.8218212189092755,43.3813042046281],[-5.821306787676141,43.38170271548304],[-5.821256976435277,43.38179398382596],[-5.8216222233179895,43.3819650430088],[-5.821636879663744,43.38205471968532],[-5.821855975234121,43.382052995797835]],[[-5.819911688181028,43.378945953943045],[-5.8201123199660465,43.37905952339919],[-5.820225025473275,43.37882811052769],[-5.819968151298956,43.37885452200578],[-5.819911688181028,43.378945953943045]],[[-5.816029515821624,43.378858897105765],[-5.815777561339048,43.37874929792089],[-5.815697044401813,43.37877976287031],[-5.815623566989449,43.37887161192835],[-5.815667191515386,43.37903150992202],[-5.815940589539281,43.37904387765447],[-5.816029515821624,43.378858897105765]],[[-5.818225936492867,43.37830902869468],[-5.818515231304138,43.378170057471344],[-5.818461744759825,43.3780702605834],[-5.81821180436298,43.37800413636331],[-5.818005538377634,43.37827266614131],[-5.818225936492867,43.37830902869468]],[[-5.819681753855874,43.3794018207313],[-5.819879803261523,43.37936919829628],[-5.819875063756395,43.379267010683364],[-5.819767729364927,43.379309660689174],[-5.819681753855874,43.3794018207313]],[[-5.819280662288126,43.37995194839138],[-5.81942044576151,43.38011109050928],[-5.819541184685631,43.38005280713622],[-5.819703113460651,43.37976144810843],[-5.819647593063152,43.37968553160912],[-5.819283119742081,43.379811681452516],[-5.819280662288126,43.37995194839138]],[[-5.834817036220716,43.37515570294574],[-5.834774318217746,43.37533683982024],[-5.834877465162871,43.375390764054586],[-5.835048426481608,43.37533003979537],[-5.83506807996907,43.375149475034384],[-5.834987385994029,43.37510096260663],[-5.834817036220716,43.37515570294574]],[[-5.8345273420045,43.375823525539026],[-5.8347611320748065,43.37569732126668],[-5.834762512129061,43.37557264481901],[-5.8344910236379555,43.37561398280831],[-5.834452476555515,43.37579501609897],[-5.8345273420045,43.375823525539026]],[[-5.834252462910047,43.37616013135399],[-5.8344332094911975,43.37597557115987],[-5.834283283668928,43.375883763333526],[-5.8341304884733045,43.376073117925706],[-5.834140431866166,43.37616290990075],[-5.834252462910047,43.37616013135399]],[[-5.827198391263165,43.382789388303266],[-5.827202030535472,43.38286764079239],[-5.8273045480901065,43.382815019569044],[-5.827198391263165,43.382789388303266]],[[-5.825542918344538,43.3843554161257],[-5.82547668901054,43.38448092239408],[-5.825550450220939,43.384517454094016],[-5.8256318447015305,43.384387047461885],[-5.825542918344538,43.3843554161257]],[[-5.826737954871339,43.3848098840053],[-5.826537872579243,43.38451349499141],[-5.826330360736327,43.38454985022975],[-5.826383658334392,43.38490868605881],[-5.826556615441273,43.3849165749969],[-5.826737954871339,43.3848098840053]],[[-5.837440185066276,43.372299403946045],[-5.837670008837659,43.371303272438055],[-5.837517559131033,43.371129418032496],[-5.837394105942257,43.37112878187673],[-5.837240763447571,43.37122389194078],[-5.836722069153851,43.37195707791344],[-5.836712499246009,43.37239224971315],[-5.836357161903964,43.37271258996065],[-5.8366044750959265,43.37272244574952],[-5.836796830675562,43.37258549235411],[-5.837103013106867,43.37257789120755],[-5.837440185066276,43.372299403946045]],[[-5.836162907000738,43.37215103415907],[-5.836142116120277,43.37188143429357],[-5.835698292151524,43.37181753991173],[-5.835475621002258,43.371988012338015],[-5.835368296796476,43.37226079115113],[-5.835603213834769,43.37242547736414],[-5.835850948182591,43.37244439212972],[-5.836162907000738,43.37215103415907]],[[-5.834487025623778,43.37231063486077],[-5.834367495441396,43.372375656940456],[-5.834493679412884,43.37245338992994],[-5.834597420450956,43.372369953901135],[-5.834487025623778,43.37231063486077]],[[-5.834854658353783,43.37225389319688],[-5.83557231217263,43.371445381371544],[-5.835465430115549,43.37126795616591],[-5.8351721064851985,43.37112071226869],[-5.8349247858076625,43.37111055100778],[-5.8347124632498755,43.37137667528917],[-5.834426665963973,43.37156384165597],[-5.83416236668467,43.371930551400794],[-5.834173433170507,43.3721103542001],[-5.834484319135277,43.37225256765318],[-5.834854658353783,43.37225389319688]],[[-5.833370769043067,43.372194235352175],[-5.833738650100175,43.372142815110244],[-5.833909023233439,43.371936834311796],[-5.834480431068055,43.371022276260774],[-5.834296172702315,43.37086388638623],[-5.833659369296646,43.37086256149243],[-5.833314275002778,43.37098164688686],[-5.833123974906337,43.37123599079696],[-5.83293866446708,43.37196089398069],[-5.833370769043067,43.372194235352175]],[[-5.832844249588417,43.3714897447238],[-5.83288734656178,43.371421934318406],[-5.83283997465216,43.371397970763866],[-5.8328189744888554,43.37142362923373],[-5.832844249588417,43.3714897447238]],[[-5.825029023219653,43.37063949602777],[-5.823918233177259,43.37063978215357],[-5.8238201781615535,43.37074596125908],[-5.823779510582891,43.37092704354492],[-5.823893599612635,43.37101426303315],[-5.823876229999929,43.37119476962744],[-5.8236271382321565,43.371381002007475],[-5.8238440400775335,43.371700029297315],[-5.824149534880806,43.37163820910451],[-5.824157656297105,43.371457931035785],[-5.824029392234698,43.37137106211816],[-5.824183409542754,43.37127721721792],[-5.823980852258717,43.37119218427018],[-5.824185236178358,43.37107386742555],[-5.824582165875722,43.371647867083404],[-5.82495270301715,43.37165353364658],[-5.825057353873399,43.37124938849598],[-5.825192861703325,43.37150951147369],[-5.825317503323453,43.37153571323837],[-5.825929675415958,43.37142918818159],[-5.826053650656121,43.37132102019827],[-5.825952110627165,43.371233492560314],[-5.826221146169988,43.37095672320857],[-5.826151757091021,43.370896235156955],[-5.825526429161745,43.370719471131025],[-5.825156321934401,43.370722937413205],[-5.825029023219653,43.37063949602777]],[[-5.822960776960514,43.371127348925484],[-5.822807519737372,43.370861018635054],[-5.822877976327445,43.37076923953404],[-5.822640261386599,43.370234879150345],[-5.8233487268713535,43.369947261738],[-5.823130267295254,43.36961800567444],[-5.821902283224055,43.36975208893925],[-5.821293752266127,43.36993690009262],[-5.820116997709786,43.37056729203592],[-5.819835133097291,43.370754324939284],[-5.819765759641721,43.370936114156834],[-5.820121150464671,43.37126556937705],[-5.820654022505558,43.37118430905183],[-5.821498866067861,43.371697796580385],[-5.821617987484886,43.37160504540869],[-5.8217444927908355,43.37167144245484],[-5.822112884556165,43.37163087872542],[-5.822308268189127,43.37186377541125],[-5.82274896040826,43.37203920775049],[-5.822930074701286,43.37193845553203],[-5.822983009589031,43.371757070524],[-5.8228359665955525,43.37158062547515],[-5.822994004663627,43.37130660548086],[-5.822868446110352,43.37121966841551],[-5.822960776960514,43.371127348925484]],[[-5.822983238787399,43.37202718090747],[-5.822960949386171,43.37211777020239],[-5.8230000969845,43.37213153166311],[-5.823037757927789,43.372115872781904],[-5.822983238787399,43.37202718090747]],[[-5.830959229557122,43.37092948389935],[-5.831715814560733,43.37111140228398],[-5.832299107200338,43.37080624464195],[-5.832219208241292,43.370628147576454],[-5.832312710306222,43.37044575287093],[-5.832290498042309,43.370200235843654],[-5.832047313036698,43.37018221440069],[-5.83119207214205,43.370465938207445],[-5.830930172757039,43.370750126400765],[-5.830959229557122,43.37092948389935]],[[-5.83452978018921,43.37057984664361],[-5.8358794153187,43.370408039222596],[-5.835990497479071,43.3702645017269],[-5.835933732064107,43.3699957945267],[-5.835611078070303,43.36994705886385],[-5.8348758830460685,43.3700614426687],[-5.834747930417482,43.36996422635447],[-5.83388765136538,43.370042968346866],[-5.833638153548155,43.36998598054479],[-5.8333938205152736,43.37003984398757],[-5.833326178679005,43.37015051379166],[-5.833414116290383,43.370475483509],[-5.833665114173923,43.37056462701433],[-5.8337865245101295,43.370521445635035],[-5.834160132720223,43.370593145843294],[-5.834279450080421,43.370505060451876],[-5.83452978018921,43.37057984664361]],[[-5.836720547196649,43.369976265799906],[-5.83698407704452,43.37023983970642],[-5.836895501021746,43.37033207727609],[-5.836918069620181,43.37051159428349],[-5.837122151398698,43.37059058150232],[-5.837366065750566,43.3705277688355],[-5.837435084825271,43.370138603576194],[-5.83805404134246,43.36958300156771],[-5.838210187885253,43.369309007618845],[-5.838166585598691,43.3692200518908],[-5.838042245899331,43.3691487058818],[-5.837798718633397,43.36921968228229],[-5.837178930147522,43.369162009839016],[-5.837046970557622,43.3689789293747],[-5.836680499264566,43.369060106432016],[-5.836557371759916,43.36935004572032],[-5.8367094234041925,43.369526348699374],[-5.836720547196649,43.369976265799906]],[[-5.8346529235878855,43.369037147311],[-5.834204656534519,43.36890009547575],[-5.83347764028972,43.36918982390493],[-5.833281281762886,43.36916120165382],[-5.833204098261778,43.36943323125786],[-5.834468925835936,43.369274126273446],[-5.8346529235878855,43.369037147311]],[[-5.829944157924684,43.36915385226032],[-5.830058379442515,43.369151023623466],[-5.830017824925537,43.369102429239014],[-5.829944157924684,43.36915385226032]],[[-5.838634385181653,43.36861395696702],[-5.83861660735188,43.368308487743846],[-5.838108284513449,43.36791903489173],[-5.837984364063672,43.367908244694064],[-5.837749099837776,43.368156221767734],[-5.837380263152775,43.36833919178377],[-5.837587321508903,43.36869420514634],[-5.838153911264909,43.36889682179318],[-5.838401621437993,43.36891551197539],[-5.838634385181653,43.36861395696702]],[[-5.838848910364692,43.36792169152546],[-5.838804176293123,43.368393867038506],[-5.838998108243325,43.368474016967326],[-5.839151641613152,43.36838523491285],[-5.839425933109644,43.367928226641574],[-5.839089273749655,43.367783070717685],[-5.838848910364692,43.36792169152546]],[[-5.837857537520024,43.367835168452366],[-5.83790828455427,43.367785848288],[-5.8378539104188185,43.3677574300041],[-5.837811505930959,43.367788251620695],[-5.837857537520024,43.367835168452366]],[[-5.840799048492194,43.367396419984246],[-5.840430282116852,43.36742814035151],[-5.840349346478591,43.36754512420564],[-5.840399877312337,43.36763390690038],[-5.840689741935554,43.36769852201757],[-5.840935029957287,43.36766544427747],[-5.840980847307219,43.36752942643544],[-5.840799048492194,43.367396419984246]],[[-5.830067148150992,43.36780022610001],[-5.830118750953841,43.36779894814503],[-5.830078047895842,43.36774427713597],[-5.830067148150992,43.36780022610001]],[[-5.841910628277007,43.36741432780948],[-5.84225055512683,43.367137699014826],[-5.842309777933674,43.36686611006287],[-5.842124969099452,43.366718992290146],[-5.8417561529821125,43.36674954496532],[-5.841560893904592,43.36706481136013],[-5.84156347480182,43.367244824494904],[-5.841910628277007,43.36741432780948]],[[-5.832877196925184,43.36689760048125],[-5.83247707955801,43.36738036393987],[-5.832657671146233,43.36748389084738],[-5.8331683049964775,43.3672731903714],[-5.833100890296492,43.36718482301476],[-5.833157455136248,43.36709338197689],[-5.832877196925184,43.36689760048125]],[[-5.841390162085582,43.366840584404294],[-5.841410464263941,43.36661835850173],[-5.841256473947615,43.366620654811676],[-5.840888777561287,43.36690144470822],[-5.840856992457051,43.367172350855085],[-5.841038453308679,43.367237416148946],[-5.841160357814374,43.36720506701205],[-5.841390162085582,43.366840584404294]],[[-5.8424701646002735,43.36618299608356],[-5.842189649427003,43.36623882724961],[-5.842049527747988,43.366422389480945],[-5.842369441816508,43.36666856869815],[-5.842634797463326,43.36631779368542],[-5.8424701646002735,43.36618299608356]],[[-5.844457633467228,43.3660923586162],[-5.845312909172648,43.366273552818036],[-5.845424261929545,43.366015731358324],[-5.845799484228488,43.36612224061571],[-5.846094668698193,43.3660515993433],[-5.8460939104439325,43.36551138632002],[-5.846232076673321,43.365147790531225],[-5.846577513882761,43.364959109039496],[-5.846659222403752,43.36486703502613],[-5.846586270242345,43.364778813601966],[-5.8469557707981785,43.364589531553456],[-5.8470736040126585,43.364339858478935],[-5.847316128758303,43.36424810998088],[-5.847421029993771,43.36412774634716],[-5.847304601317395,43.364001836216765],[-5.846936929822252,43.36405643720899],[-5.846686410850541,43.36397735469062],[-5.8464520426267175,43.364243410734815],[-5.846078731244149,43.364177516537296],[-5.845597473251054,43.364442148045626],[-5.845480939507192,43.364589143173106],[-5.844993070588095,43.364712549926296],[-5.844877563169958,43.364881531540505],[-5.844265846487509,43.36499567397164],[-5.843943937614604,43.365294795932485],[-5.84352649863093,43.36548526110431],[-5.843472948340305,43.36566667090738],[-5.843563953686921,43.365754445103086],[-5.8441807500262115,43.36581510170214],[-5.844457633467228,43.3660923586162]],[[-5.8404857093541525,43.36597227354296],[-5.840629449762163,43.36591746590081],[-5.840476339154511,43.36577161755994],[-5.840281477541683,43.36592611508604],[-5.8404857093541525,43.36597227354296]],[[-5.8436332627205445,43.364663494757586],[-5.843511319542776,43.364694880475476],[-5.843659299031984,43.36467160853681],[-5.8436332627205445,43.364663494757586]],[[-5.848572707888148,43.36662012631633],[-5.849386742951412,43.366298865119965],[-5.849760230316165,43.366368159199126],[-5.850391263967753,43.366666159707336],[-5.850759409570997,43.36662140756846],[-5.851120699661678,43.36643041348441],[-5.851234593315665,43.366227318743455],[-5.851505467016792,43.36609679020682],[-5.8515952960607365,43.36591447143501],[-5.851956059362409,43.36582177761796],[-5.852078483454272,43.3656322972699],[-5.852488424973338,43.36544198803203],[-5.85261198040239,43.36516878796411],[-5.852299242991984,43.364906478341695],[-5.851446227011005,43.36456761164417],[-5.851221292546432,43.364213069461776],[-5.850889511175373,43.36413093469816],[-5.850729182610052,43.36395523071456],[-5.8503825403444925,43.36384637165337],[-5.85024106810157,43.363460850453045],[-5.849760363422709,43.36334912407123],[-5.849606836951893,43.363093846449736],[-5.849357163734291,43.363032807751374],[-5.849096117591108,43.36272892782512],[-5.848597394544308,43.36262006597161],[-5.848357733068677,43.362772788442314],[-5.847991568000271,43.362859388329724],[-5.847755047679745,43.363079263133024],[-5.847272849187597,43.36332109042806],[-5.847163553386822,43.363413852221264],[-5.847116089470477,43.36377518944907],[-5.847799697764584,43.36403303576025],[-5.848164045199326,43.36390745992486],[-5.848551281775006,43.36427071301767],[-5.84941843708513,43.36434092379607],[-5.849548953624183,43.364492635787286],[-5.849728299069824,43.36452042620844],[-5.849446047360836,43.36470754172042],[-5.849312498315474,43.364713906852145],[-5.849307346173178,43.36462096146019],[-5.848676578932423,43.364311021632744],[-5.848059578297104,43.36431203125521],[-5.847678568537408,43.3640817353831],[-5.847136314021257,43.364675072219526],[-5.847108980498938,43.36485583053403],[-5.84641890864582,43.3654132530038],[-5.846434528253207,43.36568297990395],[-5.846344193227187,43.36577526861645],[-5.846440876844744,43.36586289907048],[-5.84645748187671,43.36622264005035],[-5.846636889625652,43.36639824840089],[-5.847418065639055,43.36642576686139],[-5.84791862718005,43.36657326400484],[-5.848174968373129,43.36677641773742],[-5.848421217250816,43.36676402596335],[-5.848572707888148,43.36662012631633]],[[-5.8485527420618375,43.36184857509651],[-5.849832190008654,43.36263573568002],[-5.85032769878795,43.362675947583895],[-5.852098456045431,43.36212029156561],[-5.852499053442949,43.361930215482296],[-5.852782100792033,43.361653033883414],[-5.852624704357345,43.36138684697191],[-5.85211208323844,43.36094944868807],[-5.850629280991668,43.35999602105757],[-5.850319784787659,43.359873156048025],[-5.850077763352135,43.35997518528734],[-5.849368357469951,43.36063705847559],[-5.848526079096786,43.361759201026686],[-5.8485527420618375,43.36184857509651]],[[-5.856840656947771,43.35921063933428],[-5.8569400063172585,43.35894878660026],[-5.8572991250332045,43.358712917742025],[-5.8574540348884305,43.35847499422407],[-5.857338576802846,43.3583878424623],[-5.857174954942119,43.357851701325586],[-5.8569991998201125,43.35758149362186],[-5.856806109161268,43.35750076786462],[-5.856603312453315,43.357034100289816],[-5.856227906688487,43.356922867866544],[-5.855735442009085,43.3569465904711],[-5.855229991209078,43.357089964618545],[-5.854997778059793,43.3569156888088],[-5.854745095692892,43.35687860533378],[-5.854500861821052,43.356933066924235],[-5.854208893222141,43.357205510953165],[-5.854599218848541,43.357555916322575],[-5.854408404721346,43.35759253470765],[-5.854154514028614,43.357441202081134],[-5.853907310910828,43.35743241953884],[-5.853554574888854,43.35780450724],[-5.853311284871231,43.35787919693151],[-5.853120562282063,43.3580430364818],[-5.853148649504827,43.35822241265673],[-5.853335946399399,43.35840506722066],[-5.852843749820897,43.35843478887007],[-5.852588646587298,43.35825758881111],[-5.852345738300172,43.3583404847525],[-5.852114148889515,43.3586648525216],[-5.851749066717586,43.358773918263815],[-5.851443530748315,43.358985281079846],[-5.851361681286031,43.35916740076909],[-5.850863149273057,43.35944995479391],[-5.850832904776811,43.35963078670442],[-5.850936632367629,43.35980827640675],[-5.851183419851879,43.359869554781454],[-5.8520856228712566,43.360409876970216],[-5.852207220163807,43.36065016356927],[-5.852751862889371,43.36102351801354],[-5.853093565253867,43.361130582663066],[-5.8533541779271285,43.36142495080281],[-5.853848037280483,43.361430165387404],[-5.854748363233629,43.361063699547984],[-5.85491964460622,43.36059855229967],[-5.855098955806115,43.36105494085021],[-5.855313981113207,43.36111269364405],[-5.855828857193744,43.36103670259368],[-5.855904980063549,43.360944761556674],[-5.855896643397878,43.360584815232244],[-5.855779947980834,43.36052376534256],[-5.855038801406077,43.36050809202746],[-5.855898569013155,43.36042192227039],[-5.856024796985182,43.360482127840605],[-5.856091259992355,43.36094010605499],[-5.856172512061637,43.36100001020593],[-5.85642075641154,43.361030652863164],[-5.856648476204177,43.36092617831086],[-5.856771716824385,43.360620750388264],[-5.856979428457934,43.36046771148353],[-5.85699063144528,43.360287354069406],[-5.856876090898966,43.36021554672985],[-5.856256598218335,43.36016258113456],[-5.856135722708348,43.360216378665584],[-5.855803676471228,43.36013694517662],[-5.8557685866491145,43.36004778339842],[-5.856130652993598,43.36010838873596],[-5.856917614204249,43.36001906351531],[-5.856830669298637,43.359571043733155],[-5.856934672501349,43.359388366334315],[-5.856840656947771,43.35921063933428]],[[-5.857985372795339,43.3575603360661],[-5.858148695291417,43.35791739027303],[-5.858004853304637,43.357975054200395],[-5.857965767426928,43.358102042655766],[-5.8582710852481235,43.358388836634305],[-5.858469178585355,43.35844960643456],[-5.858596644138857,43.358806572722344],[-5.858468973699892,43.35907988231141],[-5.858503449522069,43.359259097291755],[-5.858690730271321,43.35944133640843],[-5.859183074059315,43.359414638145644],[-5.859282979115826,43.359329634264014],[-5.859341537233277,43.358787937056505],[-5.8591609033808565,43.35771199240243],[-5.858762704120584,43.356641490112715],[-5.8585512404639015,43.35647242624181],[-5.8579462299299045,43.356571873399695],[-5.8577796861577305,43.356666077051486],[-5.857825280703596,43.35677905549981],[-5.857450258797109,43.35685439210582],[-5.85773556375685,43.3574960920275],[-5.857863163582512,43.35758559860197],[-5.857985372795339,43.3575603360661]],[[-5.858168854888181,43.35953758231799],[-5.8579410287028475,43.359243275875585],[-5.857440458079347,43.35909479174357],[-5.857195060569815,43.35912461040117],[-5.857131119630901,43.35920337760962],[-5.857013235621985,43.35947644089876],[-5.857106148638748,43.36010438867166],[-5.857280659644675,43.36055021880555],[-5.857514476977834,43.36067073984721],[-5.858011071044015,43.36073429232848],[-5.858499654848941,43.36062734142629],[-5.858597333242312,43.36051729016914],[-5.858478825798528,43.36018403217525],[-5.858165493560966,43.36007789839484],[-5.858071038198405,43.35990018343937],[-5.858168854888181,43.35953758231799]],[[-5.861415193058204,43.360266690081104],[-5.861358928364472,43.359637828341086],[-5.861040829317051,43.35955842913727],[-5.859316380345657,43.35962543092446],[-5.8590745063136005,43.35973025231033],[-5.858974728797194,43.35996761714318],[-5.859153250120763,43.360413344049185],[-5.859360023856722,43.36055403938915],[-5.8602089278023675,43.36023691583758],[-5.860457672459118,43.36027822388136],[-5.860713350310052,43.36046697078438],[-5.861202442801266,43.36037098390537],[-5.861415193058204,43.360266690081104]],[[-5.857792417258716,43.36133356639236],[-5.857849079396919,43.362066662158675],[-5.857916844525099,43.36224504473386],[-5.858082364758015,43.362251829531964],[-5.858108748434185,43.362510361189976],[-5.858221248961807,43.36258127827301],[-5.858402651960098,43.362503010125494],[-5.858443011769666,43.36232192332251],[-5.8581449781853845,43.3616090686469],[-5.8579497097462525,43.361343836355836],[-5.857792417258716,43.36133356639236]],[[-5.858690917491331,43.36141533566307],[-5.8586071693341,43.361417430642035],[-5.858661933749946,43.36145470349102],[-5.858690917491331,43.36141533566307]],[[-5.85933326484012,43.36261025240209],[-5.859954929378528,43.36270882612822],[-5.860001635068531,43.362553041998986],[-5.859766493319299,43.362108733528004],[-5.859551436834953,43.36200096897498],[-5.859251044467628,43.36248178603117],[-5.85933326484012,43.36261025240209]],[[-5.855753326201897,43.36220909266829],[-5.855681190312931,43.362481011259455],[-5.855818762563957,43.36265765063903],[-5.856089637844066,43.3629209969412],[-5.856517079671483,43.36308205554438],[-5.856546797273382,43.363179686213215],[-5.856939391683956,43.36343998779765],[-5.857006957046062,43.36370841450599],[-5.857166617040608,43.36377405861759],[-5.85736781709702,43.36360935346953],[-5.857493515224439,43.363336094550064],[-5.8577201479555505,43.36324038870281],[-5.858047299617059,43.36287205257791],[-5.857787435817414,43.36242835830181],[-5.857561744485851,43.362253924823364],[-5.8576514021358745,43.36207160554848],[-5.856948972997261,43.36176753803158],[-5.856591432828893,43.36203742431168],[-5.855975854051767,43.362068220523284],[-5.855753326201897,43.36220909266829]],[[-5.859231548369521,43.36307171891205],[-5.8601393749684725,43.3631798650388],[-5.860095346377358,43.363070635470464],[-5.8597192220648395,43.362945058977516],[-5.859097193211602,43.362838777680984],[-5.8590047976397495,43.362938140144394],[-5.859231548369521,43.36307171891205]],[[-5.861709817724568,43.36328704592999],[-5.861958094390678,43.363224369570254],[-5.862097785424151,43.363040793797495],[-5.861696373326611,43.363001255202775],[-5.861576455670117,43.36307542914134],[-5.861485639407655,43.36314616229085],[-5.861709817724568,43.36328704592999]],[[-5.854074515164542,43.361890878966385],[-5.854406479164766,43.362242742265096],[-5.854514593943402,43.36248592017143],[-5.8546412161852555,43.362554463081466],[-5.854763302378075,43.36252633932149],[-5.854828034749395,43.36277244374443],[-5.855322630106586,43.36303020272419],[-5.8555001615532065,43.363385921317956],[-5.856177877071685,43.363742698188986],[-5.856243941981513,43.36399760393284],[-5.856568718715335,43.36407952453989],[-5.856616599971008,43.36380821175949],[-5.856294296255722,43.363593848372],[-5.856302156316746,43.36336587848185],[-5.8560154091105145,43.363283006659124],[-5.8560540421671705,43.36310196385208],[-5.855844611029805,43.36283708195749],[-5.8556374591375935,43.36274608656605],[-5.855566267531025,43.362573921684174],[-5.854999546244533,43.36230115998756],[-5.854603445077605,43.36169759031574],[-5.854352417210488,43.36165960665695],[-5.854074515164542,43.361890878966385]],[[-5.859640570071996,43.36389710658689],[-5.859705556476892,43.36382099230256],[-5.859635653846674,43.36379252820921],[-5.85956115203612,43.36382460587431],[-5.859640570071996,43.36389710658689]],[[-5.862221451738723,43.36375800529629],[-5.862232315466873,43.36390058123803],[-5.862551027647767,43.364019865846934],[-5.862583923763923,43.363929003211],[-5.862221451738723,43.36375800529629]],[[-5.859102995998314,43.365587871455],[-5.860165760767375,43.3650700153991],[-5.860150596496418,43.36471024054616],[-5.860349307886172,43.36425507390485],[-5.860264797679604,43.36404989690351],[-5.859527398418394,43.36411487691509],[-5.858916698782743,43.364249901000015],[-5.858799984140213,43.36439235190786],[-5.858431647846026,43.36443263098921],[-5.858226879073322,43.36457829495052],[-5.858200473619972,43.364765599127566],[-5.857951137912299,43.36471207377605],[-5.857737406168877,43.364860652270764],[-5.857970180181187,43.36511736553229],[-5.857977980205966,43.36528337721987],[-5.8575912519073325,43.36493228446434],[-5.857152764430349,43.36523542558044],[-5.85676345935967,43.36570058361171],[-5.856162018501484,43.366033255575275],[-5.856145459079246,43.36616099214135],[-5.856269050581617,43.366247941690276],[-5.856542476091806,43.366250843077786],[-5.856661814531364,43.366164075396455],[-5.857031094043064,43.36614362923165],[-5.857270810714787,43.36599227474685],[-5.857395593268664,43.366021429931365],[-5.857638556012271,43.36593919897627],[-5.85775661422632,43.36582522819192],[-5.858003340179239,43.36582311593851],[-5.858365022741499,43.36564105970317],[-5.859102995998314,43.365587871455]],[[-5.861380657846551,43.364160005596226],[-5.8608843037703915,43.364102228873925],[-5.860677115838585,43.36433690691832],[-5.860777268640045,43.36445039376456],[-5.861151931389313,43.36454464916131],[-5.861764848428028,43.364456802643495],[-5.861895990833734,43.36462115766896],[-5.862266462106546,43.364626277116926],[-5.8621857897254355,43.36438916869705],[-5.861761135166911,43.36437787415937],[-5.861380657846551,43.364160005596226]],[[-5.863240242928906,43.364339467824045],[-5.863490388891485,43.364410140667054],[-5.863581306509209,43.364354207539634],[-5.863482761658174,43.364248114663205],[-5.862979825452781,43.364050544304575],[-5.8629071136442095,43.36410098409335],[-5.863240242928906,43.364339467824045]],[[-5.864235777567811,43.36460792129136],[-5.863986945707513,43.36447211835791],[-5.8639182009995645,43.36452584211285],[-5.863996456909652,43.36467412825697],[-5.864121051423598,43.36469928038623],[-5.864235777567811,43.36460792129136]],[[-5.865674458232898,43.36475192978516],[-5.8658588868139825,43.36491347721722],[-5.866108357003821,43.36483108666967],[-5.8661499143439535,43.364559928651325],[-5.8663337944218314,43.364515886892086],[-5.866448572462645,43.364372360430124],[-5.866321543909284,43.36425590704938],[-5.86619758824639,43.36424431281383],[-5.865674458232898,43.36475192978516]],[[-5.8554405837573364,43.36734910903451],[-5.856777582473037,43.36776588601742],[-5.857244496731972,43.36805931013178],[-5.857868076455204,43.36819751630758],[-5.858650692304215,43.36816923739231],[-5.858202256883139,43.36691991431342],[-5.858432072780931,43.366283895924845],[-5.858341377352557,43.366196125913],[-5.857896409494329,43.36617390912323],[-5.85728738710047,43.366345151923355],[-5.857168633406378,43.3664443561721],[-5.85692169482893,43.36644199612484],[-5.856314041180168,43.36664250168002],[-5.856064503064135,43.366584796803465],[-5.8555510634500685,43.36616340688834],[-5.855180801106232,43.36616292893966],[-5.85459788006905,43.366559815489744],[-5.85457208951013,43.366650498337144],[-5.854683536561228,43.366737752966706],[-5.854618872831092,43.36682940689556],[-5.8543483109770325,43.36683211801611],[-5.854165104768757,43.366930779790614],[-5.854006419785418,43.367204858825936],[-5.854274498619357,43.36737824048819],[-5.853766566623152,43.36784111903085],[-5.853762159726085,43.368021306265334],[-5.854011819703549,43.36819514848459],[-5.854910046855748,43.368282493161985],[-5.855052606560945,43.36816915019445],[-5.854977442182619,43.36799095091001],[-5.855127790345156,43.36766276487497],[-5.8554405837573364,43.36734910903451]],[[-5.855623455723915,43.36770536273376],[-5.855532546284189,43.367887042616346],[-5.855640119569614,43.368060285389355],[-5.8563943132106004,43.36835180280306],[-5.85689113093971,43.368418794690584],[-5.857009572246101,43.36831285196334],[-5.857264311200966,43.36848109200244],[-5.858134098541353,43.3686058202686],[-5.85870715722858,43.36834790200678],[-5.857748811814533,43.368285899581316],[-5.857001375838354,43.368138363143075],[-5.8568706048191865,43.36798180591203],[-5.856248756485125,43.36788037316857],[-5.855990763916311,43.36764272757087],[-5.855623455723915,43.36770536273376]],[[-5.859481489178351,43.36838865459493],[-5.858640088376337,43.36886787235625],[-5.858021323593344,43.368832315530064],[-5.857270512087829,43.36861308566479],[-5.856903727207274,43.36868695678821],[-5.856774100866435,43.368554791104465],[-5.856028301162903,43.368442121651114],[-5.855659618899197,43.36847559267023],[-5.855549426710183,43.36860692943821],[-5.855676692322426,43.36883922438328],[-5.856170665118708,43.36884556667644],[-5.856298338496566,43.36893616152939],[-5.856545044255336,43.36893334879557],[-5.856776418993674,43.36884637798065],[-5.856783876735558,43.36876291757351],[-5.856872338277254,43.36893401860465],[-5.857043007815816,43.36902462717344],[-5.857411323155495,43.368983292382545],[-5.858405994164752,43.3691390186049],[-5.85865118175302,43.369103891136845],[-5.858889310546586,43.3689186023615],[-5.859417230721941,43.36878032934762],[-5.859764927618879,43.368501512973374],[-5.859481489178351,43.36838865459493]],[[-5.854575514108393,43.369043560140184],[-5.854509443920327,43.3691731436545],[-5.85470804862797,43.36923776248191],[-5.854954635717361,43.36923239365075],[-5.855074291776129,43.36915903275042],[-5.8549423734897985,43.36897116946197],[-5.854575514108393,43.369043560140184]],[[-5.853588164197997,43.36904363291237],[-5.853129807298449,43.369567751982096],[-5.853498047162054,43.369753431541525],[-5.853707536881183,43.36955332621281],[-5.853588164197997,43.36904363291237]],[[-5.853902205634362,43.36990861899837],[-5.854130292131639,43.370076086503786],[-5.854503287694241,43.37013428896596],[-5.854847519741161,43.369885006793666],[-5.854733417214984,43.36977822902559],[-5.854111130623537,43.36966777828352],[-5.853902205634362,43.36990861899837]],[[-5.854427684911259,43.36852345067082],[-5.85422561829606,43.36864000160332],[-5.854313238754997,43.36871462770542],[-5.854683380397816,43.36871220229142],[-5.854777273517156,43.368626221692786],[-5.8546752926945596,43.36853988951116],[-5.854427684911259,43.36852345067082]],[[-5.84879776630223,43.36922563582654],[-5.849162095840005,43.36940699702082],[-5.849531492712669,43.369388579109945],[-5.8495183021329495,43.3692977097347],[-5.849756105455482,43.369201741134326],[-5.849739956023502,43.369112105267206],[-5.850108180666666,43.368742767689824],[-5.849777171809912,43.36857094560296],[-5.849366253639093,43.36849595180967],[-5.848896134014862,43.36899877494903],[-5.84879776630223,43.36922563582654]],[[-5.850946211193981,43.369082017909676],[-5.850334761593127,43.36963750229344],[-5.850528009230054,43.36990279775732],[-5.851857318889619,43.36887920672225],[-5.851477000524171,43.36876554884801],[-5.850946211193981,43.369082017909676]],[[-5.8446278924142945,43.37212070799121],[-5.845083829348236,43.37192966482341],[-5.845263177403572,43.372014853604],[-5.845265708483573,43.372104829164364],[-5.845463942599377,43.37213992352845],[-5.845948726587114,43.371949358826434],[-5.845921899658465,43.37181837342136],[-5.8461071799640765,43.37163368186081],[-5.846429871264166,43.37168110469305],[-5.846757532032349,43.371347366747564],[-5.847377454606855,43.37052157463112],[-5.847692793665538,43.3702436011707],[-5.847610303128861,43.36997554099358],[-5.847064328865927,43.3694149442835],[-5.846199164406863,43.3693887743966],[-5.846072654137367,43.369322735081894],[-5.845086095752305,43.36933983450546],[-5.84458764202418,43.36923775377299],[-5.844345655387864,43.36934151494918],[-5.843972187958907,43.369272912213916],[-5.8437824357010335,43.36935055398712],[-5.843630576182198,43.37034475770651],[-5.843783142773982,43.37050893175895],[-5.843959899465246,43.37051663956136],[-5.843785051822219,43.37088114525468],[-5.843969669514959,43.3711466666194],[-5.8435083083977455,43.37142826337747],[-5.843384829500416,43.37179149020955],[-5.843732979693949,43.372075647831885],[-5.844485550678867,43.3723325986677],[-5.844607036876396,43.37229113084611],[-5.8446278924142945,43.37212070799121]],[[-5.847625036217036,43.37084648539258],[-5.847313712019367,43.371243471558245],[-5.847401095403047,43.37133569610123],[-5.847776723696662,43.37145008943837],[-5.8480965880901055,43.37122396247646],[-5.848181403786171,43.37077165566843],[-5.848482798695667,43.370714164714826],[-5.848670793192977,43.37057937995819],[-5.848686355501774,43.37030887626461],[-5.848457916949214,43.370182922504235],[-5.84821072755012,43.370175526644864],[-5.847927657999954,43.37041782538081],[-5.847887521633431,43.370688941398186],[-5.847625036217036,43.37084648539258]],[[-5.847163079183023,43.37160737899273],[-5.847292469256675,43.37165175765754],[-5.847366002754817,43.37160232296673],[-5.8471624058517095,43.371509953318885],[-5.847163079183023,43.37160737899273]],[[-5.840306843549129,43.372048112084535],[-5.84051861272186,43.37196203963138],[-5.840688851082984,43.371768500860256],[-5.840502390074285,43.37161471918391],[-5.84013360478104,43.371646584084715],[-5.839366720932413,43.371981436302406],[-5.839662633435422,43.372133302335904],[-5.840148854185295,43.37197311005203],[-5.840306843549129,43.372048112084535]],[[-5.838144738557238,43.37134502362255],[-5.838041090141203,43.37165421169616],[-5.838161715888908,43.37170880728395],[-5.8384934144340885,43.371462900061395],[-5.838144738557238,43.37134502362255]],[[-5.841755703069998,43.37057147387733],[-5.841558353066066,43.37044066071607],[-5.8413113662011105,43.37043760634116],[-5.841196545854332,43.37058537739295],[-5.841247050060816,43.37076419894149],[-5.841716878586949,43.37119192208687],[-5.842215257007071,43.37129214617417],[-5.842352156784391,43.37109687160698],[-5.842078232900678,43.371001124265],[-5.841755703069998,43.37057147387733]],[[-5.8381904646534934,43.37102023152816],[-5.838508709078602,43.371210017653624],[-5.8391261130479615,43.37121613639785],[-5.839252494260649,43.37127948545898],[-5.839733540097556,43.37100858778202],[-5.840106186720301,43.37105948445227],[-5.840358419914975,43.370876328223574],[-5.840218389340646,43.37081922166028],[-5.8398522087996305,43.3709067683124],[-5.83975480398754,43.37080129108954],[-5.839475304812167,43.370764662125005],[-5.839106254695646,43.37079075609743],[-5.838986660126304,43.37087276408955],[-5.838243196791648,43.37081007905148],[-5.8381904646534934,43.37102023152816]],[[-5.836427745138903,43.37157962524528],[-5.836792318478263,43.37145743037866],[-5.837011627084714,43.37104950345979],[-5.837237372595765,43.3708638216157],[-5.837132049603609,43.37080275940422],[-5.836891712918753,43.37094229741477],[-5.836524704858866,43.371012221678455],[-5.836170878016681,43.37125045007677],[-5.836191023718113,43.37143002734463],[-5.836427745138903,43.37157962524528]],[[-5.836103894475763,43.371252112498674],[-5.836014414594806,43.371254333181575],[-5.836043652164853,43.3712832816123],[-5.836103894475763,43.371252112498674]],[[-5.835776165375895,43.37084065749043],[-5.835425695587033,43.37090878752748],[-5.835542698012974,43.37112759732901],[-5.835790288021002,43.371143531046414],[-5.8358744455458185,43.37107772948184],[-5.835904243066321,43.37089691275125],[-5.835776165375895,43.37084065749043]],[[-5.843020853686033,43.3700435372306],[-5.842532943469248,43.37016709391682],[-5.842284777315143,43.37013878273453],[-5.842092255540301,43.37029298829445],[-5.842087433287121,43.3704731854552],[-5.842439863557801,43.37081628708611],[-5.84318207734978,43.37044595587988],[-5.843228228469286,43.3701746917966],[-5.843020853686033,43.3700435372306]],[[-5.839266232591594,43.370363237944076],[-5.840194171115083,43.37030064108402],[-5.840242892318168,43.37015889067446],[-5.840053616671372,43.36993375862866],[-5.8395526686718675,43.36977818181073],[-5.839321034866381,43.36991168317842],[-5.83920406293489,43.3700946666911],[-5.839178379493823,43.37027538205791],[-5.839266232591594,43.370363237944076]],[[-5.838622093735803,43.37001908570861],[-5.838188068210839,43.37011990474998],[-5.8381445925799405,43.37030106178328],[-5.838347359674693,43.37039740019249],[-5.83859229762653,43.370356562224536],[-5.838690958483188,43.37028749097893],[-5.8385700110081675,43.370110418070155],[-5.838622093735803,43.37001908570861]],[[-5.839276672197459,43.36919247631806],[-5.839029131913391,43.36913864173802],[-5.838909665131136,43.36922332243165],[-5.838835676484669,43.36938350963449],[-5.838604912889153,43.36947928065521],[-5.838532905033911,43.36966114658131],[-5.838648096825903,43.36983836251606],[-5.838946868993877,43.370020347604324],[-5.839090557936087,43.36991740942317],[-5.839151780538768,43.36964577247652],[-5.839355040670283,43.36955068372013],[-5.83937806042026,43.36946007312077],[-5.839276672197459,43.36919247631806]],[[-5.839892911355357,43.36800666131476],[-5.839201800125031,43.36874414332754],[-5.84029627811135,43.36979740928619],[-5.840572620175745,43.36988057916646],[-5.8408078361325995,43.37022691009453],[-5.841300177994763,43.37019812608497],[-5.841672037741405,43.369943284076065],[-5.841768705008293,43.36965968060503],[-5.842259011023078,43.36958744183663],[-5.84249093811884,43.36926834501412],[-5.842610776969469,43.36919173049594],[-5.842801563020599,43.369194881819595],[-5.84265011848756,43.36910861052985],[-5.842878169161956,43.36847266705211],[-5.842811829374085,43.368212152794165],[-5.842562529280588,43.36815940959671],[-5.842441255083021,43.36820527015791],[-5.8418148614153695,43.36800609876052],[-5.841142300813323,43.367975605733506],[-5.840943481240435,43.36784638113719],[-5.840698809993242,43.367892680146994],[-5.840202382370558,43.36783357548869],[-5.839892911355357,43.36800666131476]],[[-5.842726699419047,43.36685573952073],[-5.842257073610349,43.367587730137146],[-5.84229598330839,43.36773761312246],[-5.843666087830295,43.36800544676796],[-5.843814322331375,43.367909142432794],[-5.8438022155624445,43.367819405078315],[-5.844140805249419,43.36760017568094],[-5.844254250356629,43.36738694626987],[-5.844473418588217,43.36726246813],[-5.844448755782992,43.367173043373654],[-5.844736620987322,43.36714549390259],[-5.845110306062929,43.36721901388632],[-5.845468591664754,43.36696334045983],[-5.845528531679536,43.366786006976824],[-5.845331104089348,43.36666251153351],[-5.8437212997655,43.36654663892542],[-5.843464984492181,43.36634370048227],[-5.843218402292339,43.366348947982544],[-5.84305082391326,43.36639748289175],[-5.84297352337936,43.366759560628516],[-5.842726699419047,43.36685573952073]],[[-5.8534217785510245,43.366048956721585],[-5.853820400116325,43.36610208634836],[-5.85395924076802,43.36594549661324],[-5.853811726896584,43.36591722587357],[-5.853426856504024,43.36560531680341],[-5.852806820601959,43.365541884645694],[-5.852549225281394,43.365620547604586],[-5.852410705194139,43.36589412112202],[-5.8520877901383095,43.36599917857567],[-5.851949919423024,43.366445853473124],[-5.852479702187181,43.3667927850427],[-5.852615007594136,43.3667148888949],[-5.852740956840918,43.36676893463074],[-5.852837096169741,43.36669382481907],[-5.852875490293603,43.36642275048689],[-5.853228310598675,43.366323903222366],[-5.8534217785510245,43.366048956721585]],[[-5.854540410214413,43.3656659215453],[-5.854533256197763,43.365513477591776],[-5.853894752389438,43.36505642711756],[-5.853362419185553,43.36506001405358],[-5.853292113150244,43.36515180813419],[-5.853957093865464,43.36549535714776],[-5.854174829172329,43.365765144697],[-5.854422009899215,43.365772725089975],[-5.854540410214413,43.3656659215453]],[[-5.855251574655157,43.36504152779399],[-5.854469504572734,43.365122404426785],[-5.85490033755777,43.36544626505799],[-5.855262636907281,43.36527719579231],[-5.855348539885411,43.365100443825426],[-5.855251574655157,43.36504152779399]],[[-5.851265842920949,43.36689395841196],[-5.850867519772922,43.36701309321661],[-5.850835555541504,43.36719396786117],[-5.851157451913568,43.367214463088686],[-5.851346609676414,43.36709117883362],[-5.851265842920949,43.36689395841196]],[[-5.844550114086952,43.368435360639715],[-5.8443383045823865,43.36861641070797],[-5.844272579803711,43.36879812383619],[-5.844402067733653,43.36897497810944],[-5.844578914672226,43.36905115529062],[-5.845318416541771,43.36902949013033],[-5.84556991845761,43.36912916630711],[-5.846555539389805,43.369092113696574],[-5.846682497035718,43.369167710636475],[-5.846928597129699,43.36915192680702],[-5.846997052649591,43.36900039622004],[-5.846536349335398,43.36868209307222],[-5.845886592201752,43.36857786313233],[-5.845799854931169,43.36839994593705],[-5.846024777308939,43.36829960225167],[-5.846152183599929,43.36838483716178],[-5.846371996494179,43.36838569650424],[-5.84640544375201,43.36852211196375],[-5.846525500668558,43.36845029327413],[-5.846656760984363,43.36861785026227],[-5.846845378179173,43.36864402040634],[-5.847300351907526,43.36918389250615],[-5.84768141493737,43.369414650864144],[-5.847929906640856,43.369449925590395],[-5.848174162254004,43.36939473822884],[-5.848496540061677,43.36914310617053],[-5.848620719526495,43.36877985632322],[-5.848927713564438,43.36859212605669],[-5.849048164632993,43.36831900728723],[-5.8486100182696426,43.368160164946175],[-5.8484785124449985,43.36798745801629],[-5.848095587090397,43.36798259794069],[-5.847938728070666,43.367896468617346],[-5.847974573270822,43.36776810851851],[-5.848592462818445,43.36778532881924],[-5.849220286356251,43.36801460283355],[-5.849552671066772,43.36776619647019],[-5.849595034891051,43.36758506286093],[-5.849313344776865,43.36736655715368],[-5.849065456295399,43.36734399372607],[-5.848700071067514,43.36744780356268],[-5.848573569157924,43.36738191175444],[-5.847920597092212,43.36735668874315],[-5.847577877450926,43.36720323540836],[-5.847455193871532,43.3672188690231],[-5.847356388293146,43.367280709630855],[-5.847378092344985,43.36746024609265],[-5.847598857312323,43.36765135618065],[-5.847721331642202,43.36763123559736],[-5.847897514246741,43.36771741848825],[-5.847610529097813,43.36790065599301],[-5.847353527665282,43.367683464253545],[-5.847233740405382,43.36776099094672],[-5.846857746154815,43.36763826183115],[-5.846496307622708,43.36782652157411],[-5.846004338750243,43.36786281167938],[-5.845630807839129,43.367792695167644],[-5.845375432070929,43.36761009272475],[-5.845137190010829,43.36779374005715],[-5.845048136995239,43.368148547557524],[-5.8457769739936705,43.36840051573702],[-5.845419084013872,43.36854317728342],[-5.844793940605812,43.36837101895794],[-5.844550114086952,43.368435360639715]],[[-5.85335159303746,43.36740128831613],[-5.853251574024503,43.36758386285152],[-5.8532782681559175,43.367699497398604],[-5.853520546284601,43.3676024134113],[-5.853735731394336,43.3673916960914],[-5.85335159303746,43.36740128831613]],[[-5.850227242749259,43.36843326982767],[-5.850474257906597,43.368437094755116],[-5.85059024983421,43.36827865071919],[-5.850806382350989,43.36818512032219],[-5.850755745540624,43.368006306331765],[-5.850444206624235,43.36779587540416],[-5.850073883821489,43.367794320861876],[-5.849730895799015,43.36812190659336],[-5.850227242749259,43.36843326982767]],[[-5.852565105254574,43.36828234794838],[-5.852863459689624,43.368043745691836],[-5.852797312017104,43.367970469620325],[-5.852406048984427,43.36814520254751],[-5.852565105254574,43.36828234794838]],[[-5.842859612283922,43.36923443772007],[-5.8428181300706035,43.36928450830999],[-5.842862411687195,43.36929432749982],[-5.842875505361395,43.36928308098017],[-5.842859612283922,43.36923443772007]],[[-5.846285865837761,43.368604172194274],[-5.846283289225051,43.368549113828635],[-5.84625052221899,43.36856879935036],[-5.846285865837761,43.368604172194274]],[[-5.843414715995028,43.36872943383337],[-5.843700135753691,43.36873367201734],[-5.84393988998113,43.368626326601266],[-5.844004008918071,43.368354614993535],[-5.843802433289219,43.36828195243636],[-5.843435173127425,43.368345970712795],[-5.843352895238545,43.36864093341375],[-5.843414715995028,43.36872943383337]],[[-5.84462326595227,43.367360604259524],[-5.844075817898565,43.36799267332022],[-5.844164299421318,43.36810260078759],[-5.844410898673525,43.36809756779112],[-5.844530762042217,43.36802157731696],[-5.844916652578526,43.36761158917092],[-5.844958834219453,43.3674304617736],[-5.84462326595227,43.367360604259524]],[[-5.845874846167968,43.367732959486226],[-5.8461214902573895,43.367728920208314],[-5.846224379545936,43.3675790256224],[-5.846196580665201,43.36730960210172],[-5.845971986350911,43.36717139140098],[-5.845607575642629,43.367296123569766],[-5.845511370489786,43.367416704764686],[-5.845516486412343,43.3675066160102],[-5.845874846167968,43.367732959486226]],[[-5.84707051468945,43.36728783224697],[-5.846707439197013,43.36706371329486],[-5.846512124230829,43.36712166536169],[-5.846576010614606,43.367300151255186],[-5.846971248881436,43.36742646622926],[-5.84707051468945,43.36728783224697]],[[-5.843178161434977,43.37125640074393],[-5.843180762550105,43.3708961816228],[-5.843054876846146,43.37077134623329],[-5.842932531700401,43.37079439836851],[-5.842659227730526,43.37108923347017],[-5.842960583185163,43.37139446866903],[-5.843083257793148,43.37137843851889],[-5.843178161434977,43.37125640074393]],[[-5.853030010642764,43.363807772592786],[-5.853241321377464,43.36389253543758],[-5.85327828269347,43.36407168986431],[-5.853588511998422,43.36442409809586],[-5.854131932523706,43.36485093388835],[-5.854244472403707,43.364677832105194],[-5.8536525722355055,43.3637922279691],[-5.853256930777624,43.36353199112737],[-5.85335893906252,43.36325932819189],[-5.853224447401392,43.362722454313],[-5.853038249044185,43.36258240738915],[-5.852790766533544,43.36256811100254],[-5.852548742404707,43.362670217566375],[-5.852423562391365,43.36263238813324],[-5.852236816350935,43.362747108951766],[-5.852238213853356,43.36292715138868],[-5.8523973557904725,43.363103256549415],[-5.852699446302559,43.36325233175092],[-5.853030010642764,43.363807772592786]],[[-5.852639095050369,43.36459697535706],[-5.852898167516626,43.36485821438183],[-5.853391858542967,43.36485924555887],[-5.85354026744655,43.364785457327706],[-5.853462437286951,43.3646073235052],[-5.853106359275374,43.36434609828076],[-5.853035518987041,43.364077750996536],[-5.852731519484259,43.36393625970548],[-5.852361790792608,43.36394687361341],[-5.852005161895854,43.36410347038926],[-5.851982558388671,43.36419407314957],[-5.852639095050369,43.36459697535706]],[[-5.851899257283053,43.363205726909314],[-5.851905201657069,43.36293546258836],[-5.85169468359748,43.362878948700306],[-5.851089520149606,43.36313221071231],[-5.850857198066614,43.36332176659127],[-5.850826088153037,43.36350262000292],[-5.8509909055995335,43.36366121437699],[-5.8511146297452274,43.36366795443337],[-5.851477789906334,43.36351724355809],[-5.851899257283053,43.363205726909314]],[[-5.853606954824325,43.36334317387819],[-5.853820591994071,43.36347570339048],[-5.853996170899402,43.36387368590268],[-5.854468286431124,43.36412899095904],[-5.854590960815561,43.3641133329421],[-5.854772052236987,43.363944344607226],[-5.854635204105665,43.363497569991225],[-5.854340318703549,43.36332485860422],[-5.854447455801486,43.36323214388859],[-5.854171103002632,43.36287889183816],[-5.854235692041215,43.36278723999161],[-5.8539798014571875,43.36252351502391],[-5.854005979780782,43.36234278392337],[-5.853504964228384,43.36200873666642],[-5.853309714028711,43.362180093415866],[-5.853303291381216,43.36245036975945],[-5.853671007914695,43.36291770393828],[-5.853877430599933,43.362976264884864],[-5.853606954824325,43.36334317387819]],[[-5.855671658711171,43.364552138052694],[-5.855852863696682,43.36470571844666],[-5.856068482773411,43.364632259637894],[-5.856013094537873,43.364273489439675],[-5.855325692054583,43.363480319416446],[-5.855173775572347,43.36338403088046],[-5.85493492125912,43.36340004398196],[-5.854964310151927,43.36357938703959],[-5.855211538548,43.36375328752847],[-5.855372415849988,43.36419946101768],[-5.855523506158035,43.36437576293245],[-5.855746680256374,43.364460224671134],[-5.855671658711171,43.364552138052694]],[[-5.858803677177784,43.36402363513735],[-5.858685665075103,43.3641166259648],[-5.858789455830092,43.364168330009086],[-5.858989242583016,43.3641090313654],[-5.858803677177784,43.36402363513735]],[[-5.8590292808666105,43.36401953521612],[-5.859276997186181,43.364038649967085],[-5.859382487118648,43.36391911514013],[-5.859146344413748,43.363884533239485],[-5.8590292808666105,43.36401953521612]],[[-5.858425286532854,43.36429725768523],[-5.858618155273588,43.36420835336194],[-5.858542505703912,43.36416552803962],[-5.858364380940129,43.364214701266285],[-5.858425286532854,43.36429725768523]],[[-5.854794226478472,43.36439398381864],[-5.85510893698159,43.3646319025583],[-5.855230217737672,43.36458653621251],[-5.855099789765743,43.36443701739363],[-5.854794226478472,43.36439398381864]],[[-5.855349230211899,43.36186371045378],[-5.855899005085927,43.36166522016055],[-5.855999588169906,43.36157266777502],[-5.855948067872342,43.36147634535094],[-5.855329019292768,43.361433100445886],[-5.854997708406346,43.36159770236419],[-5.855098367225385,43.36177733304438],[-5.855349230211899,43.36186371045378]],[[-5.834991498726663,43.367246201434824],[-5.834988875191357,43.367189914008605],[-5.834950243733329,43.36722899835598],[-5.834991498726663,43.367246201434824]],[[-5.833000926164364,43.371149002703454],[-5.832928589680822,43.37115079596472],[-5.832955970254579,43.37123850272673],[-5.833000926164364,43.371149002703454]],[[-5.838081052054732,43.372625079797345],[-5.838083669839652,43.372681171861544],[-5.838227900099756,43.37263999682303],[-5.838081052054732,43.372625079797345]],[[-5.844102638159748,43.373214244782034],[-5.844026687341696,43.37307757288093],[-5.843903463668249,43.37308192980871],[-5.843799503205922,43.37322178888467],[-5.8440389670193165,43.37334013668033],[-5.844102638159748,43.373214244782034]],[[-5.855576467479687,43.370226947905316],[-5.855380971368935,43.370426811424174],[-5.855504160452866,43.370421851426116],[-5.855633035545645,43.37053798701757],[-5.855877645023971,43.370490394296276],[-5.855766349159993,43.37031224140425],[-5.855576467479687,43.370226947905316]],[[-5.8412077658779005,43.36122107655968],[-5.8408883561915665,43.361381144118496],[-5.840534073786411,43.361722290111736],[-5.840359225792911,43.36205251863404],[-5.839861507142267,43.36233500448228],[-5.839439209828499,43.36279569163663],[-5.839559851595007,43.36333292627656],[-5.839343796068068,43.36360841074609],[-5.839394771208684,43.36375213713129],[-5.839886436162041,43.363709959507446],[-5.840491544943839,43.363454398233195],[-5.84147802758654,43.36343769005231],[-5.8416952086001555,43.36336988565877],[-5.841227110692222,43.362481137682295],[-5.841194056853463,43.36221184333777],[-5.8414602050402715,43.361304838778494],[-5.8412077658779005,43.36122107655968]],[[-5.837893373558575,43.36331280378946],[-5.838321959251449,43.36300352383381],[-5.838413755170705,43.36264108896506],[-5.838411033199445,43.36255111784922],[-5.838224719678115,43.36247954285675],[-5.837978934724153,43.362501555011235],[-5.837744240572902,43.362761329311915],[-5.837893373558575,43.36331280378946]],[[-5.839697824488749,43.36224903325388],[-5.839567538953752,43.362165774064685],[-5.839453314284135,43.36236246653419],[-5.839578351362065,43.362397417234284],[-5.839697824488749,43.36224903325388]],[[-5.849070139623247,43.35690399629264],[-5.8490675785159265,43.356849300380404],[-5.849011636297986,43.35688500612787],[-5.849070139623247,43.35690399629264]],[[-5.844332358501883,43.35849993983007],[-5.844433275447497,43.358439675350695],[-5.844326135211173,43.35836681847159],[-5.8442516381036285,43.35844419624692],[-5.844332358501883,43.35849993983007]],[[-5.839213517366955,43.35802924561897],[-5.839267829230245,43.35802789624355],[-5.839246548957616,43.357932081663606],[-5.839213517366955,43.35802924561897]],[[-5.838238544460253,43.357063037739785],[-5.838168360999013,43.35706478080302],[-5.838219627735184,43.35707998825651],[-5.838238544460253,43.357063037739785]],[[-5.839910938332449,43.356751373354605],[-5.839806551510045,43.356711234990456],[-5.839751818401749,43.35675532749535],[-5.839811145405343,43.35680966468385],[-5.839910938332449,43.356751373354605]],[[-5.834797760404806,43.35633809229487],[-5.834856755077367,43.35641013745042],[-5.834850840096249,43.35628317818617],[-5.834797760404806,43.35633809229487]],[[-5.820509346382617,43.37431324147103],[-5.820512285973739,43.374376618263106],[-5.820558113028559,43.37433803018679],[-5.820509346382617,43.37431324147103]],[[-5.816681673038919,43.3822670034651],[-5.816518284831326,43.381820837652675],[-5.816287899980966,43.38177209996577],[-5.815677642279741,43.38192256240243],[-5.815473801438388,43.382206730511435],[-5.8152016466483865,43.382306660526424],[-5.815031254525408,43.38248774878847],[-5.815340040288267,43.38262942125453],[-5.8164489349421995,43.38258347649622],[-5.816603370220549,43.38253904922488],[-5.816681673038919,43.3822670034651]],[[-5.81521792903623,43.38798944271328],[-5.815466602280755,43.3880273810376],[-5.815641287932391,43.38796507149048],[-5.815660561159049,43.38778451956143],[-5.814796697822774,43.386891255888024],[-5.814417543602743,43.3867014806655],[-5.8144232616293845,43.38700465266839],[-5.81456480714629,43.387271282098524],[-5.81521792903623,43.38798944271328]],[[-5.813282309838294,43.38694270864993],[-5.8131543191091986,43.38685582100569],[-5.813044960766836,43.386858513096755],[-5.813195953352244,43.38698156493047],[-5.813282309838294,43.38694270864993]],[[-5.83025545025044,43.38746670555323],[-5.830327622697254,43.38733214727698],[-5.830248358766699,43.38731441185753],[-5.83025545025044,43.38746670555323]],[[-5.823406761253113,43.388863659563654],[-5.824925569730703,43.38863631866146],[-5.825052779535601,43.38845309690453],[-5.825035804191641,43.38827343961685],[-5.824220862694268,43.387785128143754],[-5.823843654087818,43.3876379848246],[-5.823596741100263,43.38763801391777],[-5.823204406015593,43.38795854650761],[-5.8227690048729155,43.38850953352005],[-5.823131364048079,43.3887706973965],[-5.823406761253113,43.388863659563654]],[[-5.827352393633703,43.388754531640416],[-5.827508782844317,43.38839235316524],[-5.827455165059022,43.38830982432199],[-5.827229502188114,43.38876674169186],[-5.827352393633703,43.388754531640416]],[[-5.825756690289391,43.39160928428663],[-5.825665243494699,43.3916793382124],[-5.8257616186906365,43.39171527721036],[-5.82580769826404,43.391675815571325],[-5.825756690289391,43.39160928428663]],[[-5.864695179133074,43.36902861936745],[-5.864693230163132,43.368987241498154],[-5.864635840629289,43.36900978248684],[-5.864695179133074,43.36902861936745]],[[-5.878235106337076,43.36826440976692],[-5.877130416013087,43.36839265292732],[-5.87703124246403,43.36851830356346],[-5.877095465924923,43.368786802042294],[-5.877647127746191,43.36887962947241],[-5.878137720666516,43.36881450630963],[-5.878379617727831,43.36871012484166],[-5.878407732446768,43.36848363980003],[-5.878235106337076,43.36826440976692]],[[-5.879024146334102,43.364075104386494],[-5.879021970460331,43.364029131512545],[-5.8789338791119725,43.36405849926105],[-5.879024146334102,43.364075104386494]],[[-5.902230520906128,43.360317859433835],[-5.902103178368893,43.360321093505775],[-5.902173393637118,43.3604065611612],[-5.902230520906128,43.360317859433835]],[[-5.904338362436187,43.36044438360494],[-5.904482404365696,43.36044072259094],[-5.9043929687108845,43.36037203373337],[-5.904338362436187,43.36044438360494]],[[-5.872544848067244,43.3575344065591],[-5.8719332481706195,43.35764835110378],[-5.8718309199632355,43.35775444553395],[-5.871869923811196,43.35784350396662],[-5.872195618954727,43.35797836824418],[-5.872930746128997,43.35786713784722],[-5.87347717463732,43.357623023672694],[-5.873627528236634,43.35734912705436],[-5.873151081024573,43.35730685688141],[-5.872544848067244,43.3575344065591]],[[-5.883021614839287,43.350899848582294],[-5.882924821267243,43.35090229048453],[-5.882969433633526,43.35097406751862],[-5.883021614839287,43.350899848582294]],[[-5.890909459946167,43.34754922596444],[-5.891011131001724,43.34754665391157],[-5.890945917087763,43.347463842021284],[-5.890909459946167,43.34754922596444]],[[-5.904723066238569,43.34402253902117],[-5.90472741194334,43.34411360708989],[-5.904809245326044,43.34404539991706],[-5.904723066238569,43.34402253902117]],[[-5.912112904701622,43.34634534122372],[-5.912152706018711,43.34628954208016],[-5.912109406761741,43.34627223079807],[-5.912066085646498,43.346291749437135],[-5.912112904701622,43.34634534122372]],[[-5.860393388883205,43.355970414360186],[-5.86063216299053,43.35611575837528],[-5.861005410959272,43.35618103766119],[-5.861359467077052,43.35603626778309],[-5.861334616205841,43.35594685131585],[-5.8609878384779766,43.355807309173464],[-5.860617985296494,43.35581419009652],[-5.860393388883205,43.355970414360186]],[[-5.8582587244455,43.355498947601895],[-5.857625485278686,43.35549942981842],[-5.857722799905911,43.35594718992189],[-5.8581628212562915,43.35608415424694],[-5.85830094113237,43.35602276968016],[-5.858489980100088,43.3557479251572],[-5.858455591893967,43.35556870789195],[-5.8582587244455,43.355498947601895]],[[-5.861493458508589,43.35606356730424],[-5.861490831886954,43.35600771454147],[-5.8614228545308595,43.35603468062423],[-5.861493458508589,43.35606356730424]],[[-5.862487186276396,43.35447736761446],[-5.862143405855746,43.35414150457667],[-5.8617695161295575,43.35406233585171],[-5.8615358206917,43.354340525279554],[-5.861345279689127,43.354956158561265],[-5.861520327772897,43.35531193030874],[-5.861825916800754,43.35526157526181],[-5.862322274187385,43.35502173055618],[-5.862527479967057,43.35474647443838],[-5.862487186276396,43.35447736761446]],[[-5.85769908372122,43.35409202450006],[-5.858555340882214,43.353495322039954],[-5.858603381370629,43.353043926625936],[-5.857800423258858,43.35225366054948],[-5.857594013753978,43.35185455347679],[-5.857651354014403,43.351717155700754],[-5.857575917955111,43.351469176346505],[-5.85735458857436,43.351634537469785],[-5.85687585971086,43.35232640975872],[-5.856709557937358,43.353091283821925],[-5.856819783994923,43.35416899332494],[-5.857091493556399,43.35429124139481],[-5.857453025030865,43.35410733245328],[-5.85769908372122,43.35409202450006]],[[-5.8589013831904,43.35033530906147],[-5.858899200051335,43.34970509221128],[-5.8587155550463255,43.34946384978449],[-5.858344351335743,43.3494411594562],[-5.857988294508435,43.349741017736584],[-5.857948944865201,43.3501790545888],[-5.857702786456679,43.35054536551858],[-5.857746905163669,43.350904417370025],[-5.857433236542521,43.3512724158929],[-5.857574433280622,43.351437557640615],[-5.857696679103037,43.351413332662744],[-5.8580398753484575,43.35083939659537],[-5.85851673491809,43.35048450923896],[-5.8589013831904,43.35033530906147]],[[-5.8411733961397765,43.35401882940038],[-5.840524879807963,43.35359589268141],[-5.840357257829576,43.353588922967965],[-5.840647479276499,43.35357900361565],[-5.841532427714015,43.354033733272594],[-5.841906119923214,43.354109233109234],[-5.842160526631919,43.353994283388225],[-5.842447123870306,43.353627000012125],[-5.842441765122329,43.353447055671715],[-5.841739765279684,43.35318917369655],[-5.8413701736262125,43.35320136909106],[-5.84102542211755,43.353122119992264],[-5.840867325641546,43.35300215949402],[-5.840787180608354,43.352767887200194],[-5.840305436610073,43.35268982266595],[-5.840230239780405,43.352570371458896],[-5.839987670420615,43.35266041600412],[-5.838636279822512,43.352785936701366],[-5.837785948183473,43.35307269055751],[-5.837277022395883,43.35339532267505],[-5.837096908182434,43.3538499885068],[-5.837288145465904,43.35420539602219],[-5.83760007373109,43.35437869852013],[-5.837951363372689,43.35397389812162],[-5.838019414958265,43.354007160318],[-5.8379273055329834,43.354459641860934],[-5.83822366844659,43.354521218239036],[-5.838553013723511,43.35444410176549],[-5.8385852822837165,43.35433781436891],[-5.838758083840812,43.35434896907504],[-5.838679478332238,43.35426088283003],[-5.8395625950346215,43.354127753085855],[-5.840058415484613,43.35417627669819],[-5.84043498977201,43.354307301494835],[-5.8404389259434435,43.35439786554198],[-5.8408135100516905,43.35449245031743],[-5.841214985854241,43.354377950647674],[-5.841303060895548,43.35419568326477],[-5.8411733961397765,43.35401882940038]],[[-5.843025204229987,43.35397277527651],[-5.842883450577439,43.353899882188685],[-5.842580041863394,43.35398384912591],[-5.842771096811239,43.35413609012298],[-5.842894350460155,43.35413319420778],[-5.8430297744932025,43.35406270038312],[-5.843025204229987,43.35397277527651]],[[-5.829531963626747,43.35600444444376],[-5.829405812503353,43.356111561808035],[-5.829539824875862,43.35617349761224],[-5.82960277889708,43.35610668501469],[-5.829531963626747,43.35600444444376]],[[-5.79954198701075,43.37733670728063],[-5.799786603473094,43.37728770743742],[-5.799848600382054,43.37727834792277],[-5.799536623386684,43.37722021332357],[-5.799454873065623,43.37728799378824],[-5.79954198701075,43.37733670728063]],[[-5.7948627542125575,43.38026897656656],[-5.795498315467803,43.38008601110232],[-5.7953088085781035,43.37982053064917],[-5.794842275511536,43.37982349048011],[-5.794803292888617,43.37992293360782],[-5.7944803384878645,43.38000597058112],[-5.7943761413329025,43.38011345684965],[-5.794490883624821,43.380235395157065],[-5.7948627542125575,43.38026897656656]]],[[[-5.795150218215402,43.379914448510696],[-5.79503288432852,43.379917318380095],[-5.795090502250072,43.379852721753274],[-5.795150218215402,43.379914448510696]]],[[[-5.840210198529099,43.353502539138724],[-5.840028142003119,43.3535276186502],[-5.839811282416902,43.353512452796714],[-5.840210198529099,43.353502539138724]]],[[[-5.838737329201641,43.353539135198304],[-5.839407844390222,43.35345562988543],[-5.839667439732765,43.353516027159],[-5.838737329201641,43.353539135198304]]],[[[-5.838525818457243,43.35363442782896],[-5.838673419919667,43.35358213156596],[-5.838732854270797,43.353629285186976],[-5.838676577156341,43.35364981366311],[-5.838525818457243,43.35363442782896]]],[[[-5.838310601597991,43.35373961194187],[-5.838432193842216,43.35370110943773],[-5.838464121632182,43.353725999097485],[-5.838433965571367,43.35373909333187],[-5.838310601597991,43.35373961194187]]],[[[-5.838190262283768,43.353804981399556],[-5.838192451943648,43.353851929087966],[-5.83815343162245,43.35382375440462],[-5.838190262283768,43.353804981399556]]],[[[-5.838070272354569,43.35387784769057],[-5.838074406298899,43.35396648549513],[-5.838021275670992,43.3539170752802],[-5.838070272354569,43.35387784769057]]],[[[-5.838001763733405,43.362990904975106],[-5.838004759097982,43.363055111030654],[-5.8379463992048874,43.36301285104878],[-5.838001763733405,43.362990904975106]]],[[[-5.8533429528759315,43.35855446727787],[-5.853549124979551,43.35866260686342],[-5.853338289674292,43.3585778326052],[-5.8533429528759315,43.35855446727787]]],[[[-5.854526738524844,43.35935850083285],[-5.854468171431534,43.35935996376491],[-5.854489278630652,43.359316350322814],[-5.854526738524844,43.35935850083285]]],[[[-5.855397770100695,43.36026867907445],[-5.855001076835959,43.36024703817595],[-5.855482446159678,43.360235011017316],[-5.855397770100695,43.36026867907445]]],[[[-5.822595466328521,43.37139135943167],[-5.822717535279755,43.37136216195255],[-5.822742182649195,43.3714028646928],[-5.822721211712746,43.371441370916266],[-5.822595466328521,43.37139135943167]]],[[[-5.824921434766958,43.37098038509195],[-5.824924139823938,43.37103862097165],[-5.824801673859599,43.37099181996484],[-5.824921434766958,43.37098038509195]]],[[[-5.8249017775533884,43.371169422824316],[-5.824927399496646,43.37110879667617],[-5.824931252809294,43.371191752201746],[-5.8249017775533884,43.371169422824316]]],[[[-5.82704293355201,43.37453794241267],[-5.827059213158074,43.37448689564406],[-5.82707784274816,43.37453707879564],[-5.82704293355201,43.37453794241267]]],[[[-5.8171798032522615,43.379707774545096],[-5.817181738226452,43.37974953357201],[-5.817129332815806,43.37973488775504],[-5.8171798032522615,43.379707774545096]]],[[[-5.828401534133716,43.37946264074827],[-5.828260138547076,43.37945994658091],[-5.8282097981461645,43.37937115391106],[-5.828378545515293,43.379366977415],[-5.828401534133716,43.37946264074827]]],[[[-5.826999867321758,43.38117493131266],[-5.827126074078672,43.38123434172261],[-5.826940468363956,43.38120333308393],[-5.826999867321758,43.38117493131266]]],[[[-5.825043817394179,43.38158497432194],[-5.8253628044895,43.381782582094765],[-5.825301347120222,43.38181392234406],[-5.825063894400288,43.38178997207858],[-5.824874632730019,43.38161457369706],[-5.824919069452811,43.38155693099332],[-5.825043817394179,43.38158497432194]]],[[[-5.825556135104558,43.381983838061785],[-5.825424905671222,43.38181635888267],[-5.825716215140448,43.38195392077839],[-5.825556135104558,43.381983838061785]]],[[[-5.842213568873762,43.37389687664285],[-5.842335187819737,43.373858149608076],[-5.84236343376981,43.37388778734589],[-5.842337313018055,43.37390361664868],[-5.842213568873762,43.37389687664285]]],[[[-5.82950542614314,43.382400391271574],[-5.829770153149547,43.382346178733755],[-5.82983746379162,43.38239216928779],[-5.829775151000629,43.38245354746559],[-5.82950542614314,43.382400391271574]]],[[[-5.853655566878646,43.3704801583514],[-5.853528821911508,43.37040933865445],[-5.853669100172598,43.37045467172821],[-5.853655566878646,43.3704801583514]]],[[[-5.856640829185814,43.371460885531526],[-5.856725767389523,43.37145876220681],[-5.856667629969714,43.371543189671975],[-5.856640829185814,43.371460885531526]]],[[[-5.856550856997718,43.37168479059492],[-5.856544549371388,43.37155050542948],[-5.85662173901213,43.37155140128361],[-5.856550856997718,43.37168479059492]]],[[[-5.879926918696971,43.36547409330166],[-5.8805703288481554,43.365453517547465],[-5.880632585167498,43.36545630696385],[-5.879926918696971,43.36547409330166]]],[[[-5.879594197608749,43.365572516532026],[-5.8792201662645835,43.365609135470024],[-5.879018305007682,43.365587027005574],[-5.879341087820866,43.365556524302754],[-5.879594197608749,43.365572516532026]]],[[[-5.880951557479886,43.365685626211324],[-5.880969785025755,43.36589799876652],[-5.880965810757057,43.36598655457686],[-5.880951557479886,43.365685626211324]]],[[[-5.8703434775384045,43.365799417865034],[-5.87022137163841,43.36582710678778],[-5.870124671097164,43.36581074631866],[-5.870219624820138,43.36579008809737],[-5.8703434775384045,43.365799417865034]]],[[[-5.869991673416699,43.36635431785166],[-5.870003948418593,43.36645023554979],[-5.869755833421002,43.366422948940766],[-5.869752575219002,43.36635389107107],[-5.869991673416699,43.36635431785166]]],[[[-5.863700916958896,43.36101775492187],[-5.863688064019322,43.360840026519895],[-5.863692298844889,43.36083467114561],[-5.863700916958896,43.36101775492187]]],[[[-5.863709501667504,43.36110960519039],[-5.86371445594211,43.36130537447538],[-5.863701117322046,43.36102201142914],[-5.863709501667504,43.36110960519039]]],[[[-5.863744573410974,43.361945168894486],[-5.863750224123848,43.362065206331195],[-5.863609316200658,43.362012501973595],[-5.863744573410974,43.361945168894486]]],[[[-5.863998251020711,43.362091057767806],[-5.863875712520234,43.36210946325603],[-5.863799698640087,43.36209776968795],[-5.863874681350744,43.36208755929325],[-5.863998251020711,43.362091057767806]]],[[[-5.864496169849565,43.362170352323886],[-5.864476272716901,43.362260889684435],[-5.864323834803502,43.36226471064353],[-5.864372775761442,43.36218259053836],[-5.864496169849565,43.362170352323886]]],[[[-5.862904629633939,43.36311062171103],[-5.8628133497138455,43.36313544063589],[-5.862800719996219,43.36311322487094],[-5.86281107103354,43.363087020934636],[-5.862904629633939,43.36311062171103]]],[[[-5.846528554058563,43.36060383022912],[-5.8463789910495345,43.3604621196574],[-5.846513272031917,43.36027721008994],[-5.846663181046669,43.36027496337763],[-5.846571999803078,43.36036727339041],[-5.84665207369248,43.36060634302134],[-5.846528554058563,43.36060383022912]]],[[[-5.8417730458643256,43.36444841439272],[-5.841636693160777,43.36445180505457],[-5.841641256523445,43.364290146867575],[-5.841715431821332,43.36435980840475],[-5.8417730458643256,43.36444841439272]]],[[[-5.841355789004124,43.36463886711639],[-5.841407859910185,43.36457750221409],[-5.841433185965379,43.36463694270786],[-5.841355789004124,43.36463886711639]]],[[[-5.827059538721522,43.369183759726276],[-5.827561319256415,43.36935803325128],[-5.827808785809554,43.369371510414204],[-5.828662669936266,43.36963577324127],[-5.828565727571503,43.36972461082882],[-5.826941006825326,43.36928891652281],[-5.826759000540683,43.36914264628911],[-5.8266697320928325,43.368763156942606],[-5.826790976723277,43.36871637834188],[-5.827059538721522,43.369183759726276]]],[[[-5.8182206455056535,43.376646665995935],[-5.818152592355595,43.37672662027038],[-5.818030151886769,43.37656132506169],[-5.81814086829891,43.376473660395604],[-5.8182206455056535,43.376646665995935]]],[[[-5.802369742315094,43.37910736330352],[-5.802589636233241,43.379011932001305],[-5.802623795719096,43.37910113293176],[-5.802468100620251,43.37922594973187],[-5.802369742315094,43.37910736330352]]],[[[-5.80332736606604,43.37912150197913],[-5.803453710053512,43.37918448283465],[-5.803332187812551,43.3792260779736],[-5.80332736606604,43.37912150197913]]],[[[-5.805046334828366,43.37892229150401],[-5.805159104353488,43.378948887697916],[-5.80495869996605,43.37895380688736],[-5.805046334828366,43.37892229150401]]],[[[-5.817208258067818,43.38603564234366],[-5.817233775584117,43.38612505179137],[-5.817230673481705,43.38613312909291],[-5.817208258067818,43.38603564234366]]]]}},{"type":"Feature","properties":{"db":55},"geometry":{"type":"MultiPolygon","coordinates":[[[[-5.814299581282332,43.31713746705664],[-5.8140396597148065,43.31716151939885],[-5.813885997555772,43.31714765056687],[-5.814299581282332,43.31713746705664]]],[[[-5.777641947806905,43.32622784561793],[-5.777702993409486,43.326175908376875],[-5.777769596273657,43.326224743230206],[-5.777707136104665,43.326266755624616],[-5.777641947806905,43.32622784561793]]],[[[-5.777388327512803,43.32623400922042],[-5.7768460141644224,43.32631518017073],[-5.776840295953603,43.326189743800754],[-5.776961785610954,43.32614931754036],[-5.777388327512803,43.32623400922042]]],[[[-5.774884649411317,43.32657775371203],[-5.774882531651673,43.32653126554266],[-5.774993841262738,43.326562291730326],[-5.774884649411317,43.32657775371203]]],[[[-5.782042586420031,43.326661045922584],[-5.78216323723772,43.32661972695568],[-5.782187123101586,43.3266575274934],[-5.782166476935303,43.326690656770566],[-5.782042586420031,43.326661045922584]]],[[[-5.7791424640139315,43.331323613468314],[-5.779195511720962,43.33132232349592],[-5.779174992389268,43.33140687151847],[-5.7791424640139315,43.331323613468314]]],[[[-5.775005502900824,43.33193753423347],[-5.775168929074366,43.33196040494303],[-5.774932959822218,43.33196613454876],[-5.775005502900824,43.33193753423347]]],[[[-5.774695319596499,43.33206194361242],[-5.774762710616128,43.33202305187738],[-5.774791714042675,43.332059603303314],[-5.774765299488086,43.33207987320039],[-5.774695319596499,43.33206194361242]]],[[[-5.766236272873796,43.33439362718346],[-5.763159426710059,43.334545416900816],[-5.7624168798432995,43.33449143190722],[-5.761805535862156,43.33461058317071],[-5.761556951654473,43.334569024870504],[-5.7615514075264755,43.33444676826803],[-5.76165542067075,43.33402038543115],[-5.76214507639759,43.33393795791016],[-5.763009545763238,43.33396066719953],[-5.763374351469157,43.33384519729995],[-5.763990122210013,43.33382381603075],[-5.766435559488895,43.333349951472634],[-5.7697181766242815,43.33229988365451],[-5.770255010104404,43.33189954105808],[-5.770621895541495,43.331440450485616],[-5.771185922597267,43.33106661815825],[-5.77217361657508,43.329782113309555],[-5.772963710381176,43.329132670270816],[-5.772779814072707,43.32910769806232],[-5.772659491814818,43.32917395808382],[-5.772425846246033,43.32905567963248],[-5.772084049958315,43.328613773279024],[-5.772002811113605,43.32843566483355],[-5.772087747311834,43.328253525867666],[-5.77230268996498,43.328158272793594],[-5.7721854545075395,43.327981037627325],[-5.772367223207909,43.32788658908924],[-5.772222762979024,43.3277082153657],[-5.772592042165593,43.32769222178743],[-5.77268000168685,43.32760888313779],[-5.772546336425602,43.32752208636045],[-5.772913160051537,43.32733310811437],[-5.7731742300237165,43.32693465550636],[-5.77414590188115,43.326605266997966],[-5.774807412752823,43.32665685757998],[-5.774689503661221,43.32674975964928],[-5.774807845512517,43.327107044270925],[-5.774316912905376,43.327299041343736],[-5.774677800473337,43.32745187688032],[-5.774715371724904,43.32773956541966],[-5.774816593796654,43.327791203592525],[-5.775255152158906,43.327456341058166],[-5.775100936641145,43.32737004629645],[-5.775032498631171,43.32719162917768],[-5.775267132828755,43.326851739666715],[-5.775502366716327,43.326730022273885],[-5.775495788126145,43.32645642341942],[-5.775863678614196,43.326410143022585],[-5.77624035078711,43.326441979733225],[-5.776366241980572,43.32661267160226],[-5.776618064275578,43.32672576796017],[-5.776847953330422,43.326357718107644],[-5.7769710255142686,43.326351997804984],[-5.77982477500506,43.326726522272985],[-5.779956252913894,43.326904972515],[-5.780201230744832,43.32697597192284],[-5.779965293222033,43.327103055426356],[-5.779717951033638,43.32708830211646],[-5.7796261535232825,43.32717003866556],[-5.779733795088282,43.32743548870107],[-5.780706346634756,43.32712598296754],[-5.780851491059457,43.32696015180146],[-5.7814330076088885,43.32683371285458],[-5.7816728293483095,43.326683799536134],[-5.7817963900463125,43.326688772325916],[-5.78192666379116,43.326840732084214],[-5.783513724285138,43.32648446533903],[-5.784252456631605,43.32645675222265],[-5.784611456153732,43.32621613190851],[-5.78606194817171,43.32557116206361],[-5.787164182635716,43.32540184034997],[-5.787537127517339,43.325466349240784],[-5.787579483223593,43.32562573756046],[-5.787669060374556,43.32565431103837],[-5.787777416846717,43.32532709759667],[-5.788019969778582,43.325237327204604],[-5.788880477845438,43.32517603156727],[-5.789127688828598,43.32518804364412],[-5.789631103145982,43.325408421599796],[-5.789858472578352,43.325300010599356],[-5.7899885904365185,43.325135381035],[-5.790243987573358,43.325110520511615],[-5.790225798781784,43.3249290165682],[-5.79035263528004,43.32500556698121],[-5.790599209130409,43.32500368034078],[-5.790731971374738,43.32520956318108],[-5.790970992075681,43.32504280446541],[-5.791343446875115,43.32509658018463],[-5.7920655942416515,43.32470747576236],[-5.793518138226466,43.32440026282827],[-5.794624915705972,43.32404049767516],[-5.794996209659144,43.32406903832653],[-5.795229139255249,43.323769882602406],[-5.795712322753372,43.32354921771705],[-5.79595643676206,43.3234938692827],[-5.796206332400929,43.32356449073483],[-5.796327053271736,43.323507711551954],[-5.796437304799213,43.32322286743676],[-5.798373831534835,43.32242398465561],[-5.798613041641398,43.322262036841316],[-5.799465192693249,43.32202003194584],[-5.800793315600463,43.32140138184351],[-5.801036827669973,43.32133322831162],[-5.801163012327276,43.32139547544171],[-5.801788987983377,43.32104642380379],[-5.802400653237804,43.320941387826345],[-5.802853040561004,43.32060231407744],[-5.803460924446412,43.3204127722592],[-5.803696503613829,43.320172384024985],[-5.804777790711992,43.319551233033046],[-5.805632224587107,43.319360153280606],[-5.806001478988624,43.319344923920305],[-5.805987267757318,43.31903634948099],[-5.80632812142769,43.318774111677975],[-5.807310645980139,43.31831755062233],[-5.807557230909964,43.318316508628676],[-5.808403994153136,43.31795957386089],[-5.808528808172403,43.31799207862715],[-5.8086462311999965,43.31786424175783],[-5.809008987815213,43.31770828223517],[-5.809376158530065,43.31764809780954],[-5.8096112604685235,43.31739808840003],[-5.810378174456873,43.31705388326278],[-5.810829501564358,43.31707499040523],[-5.811232340717722,43.3168474592218],[-5.816955251716029,43.31670654627326],[-5.816126632097908,43.316958848439235],[-5.815391812601095,43.31706841343336],[-5.8147109046205765,43.31703729834007],[-5.815377127798977,43.3169308492625],[-5.814517502335904,43.316827825194686],[-5.81353781232033,43.316975465873035],[-5.813381215092086,43.317070038214716],[-5.813731759046267,43.317151447937604],[-5.812259949958804,43.31736775234007],[-5.812205019189076,43.31748805771499],[-5.811834677264492,43.31747944102254],[-5.811233235216435,43.31780740710575],[-5.810504563369172,43.318050665410944],[-5.807745423919003,43.31972434497773],[-5.807452724626745,43.3200070432618],[-5.807027122160802,43.32019347916106],[-5.805124675326628,43.32150483701645],[-5.804524271774783,43.32208073682228],[-5.803779061252563,43.32306852531369],[-5.803236205901513,43.323569389416576],[-5.80107298267741,43.32511574589563],[-5.799886531675526,43.32582094535323],[-5.798306343410343,43.32632431632239],[-5.789514550851292,43.32824956859916],[-5.787433930329507,43.32860145871284],[-5.78658214967094,43.32885460364363],[-5.785153123729665,43.329106388955026],[-5.783931671939269,43.32940626676041],[-5.7835992949108235,43.32959444133903],[-5.783907803463908,43.329709814427034],[-5.784884316557125,43.32948663602793],[-5.785504713328222,43.329567548479396],[-5.786359773049495,43.32952717386349],[-5.787243524172778,43.32983105818374],[-5.787852441768053,43.32966104332965],[-5.7888386400207015,43.32964971946888],[-5.789681914673373,43.32921083229422],[-5.791513050376076,43.3287974927048],[-5.7922383151346795,43.32847548135763],[-5.792725656999253,43.328344475131004],[-5.793583857023585,43.32836038834681],[-5.794086019864378,43.32852819134132],[-5.7929764532216685,43.32843437608564],[-5.792609733295055,43.3285061614773],[-5.791520593727808,43.32896207954801],[-5.790663069127829,43.32908959492968],[-5.789809811289528,43.329310340807524],[-5.789210256785117,43.32968461512688],[-5.788600740136824,43.32984146737243],[-5.787737383457604,43.32984197115376],[-5.787251214690511,43.32999910734662],[-5.786496222476183,43.3296723292229],[-5.7851387121276625,43.329655395015685],[-5.783186484424363,43.33011945803239],[-5.782946011429472,43.33025532350202],[-5.782817769299817,43.330148053398204],[-5.782700009676275,43.3302702048315],[-5.781470056985571,43.33034587982162],[-5.780846634356487,43.330561845559174],[-5.7810049846728315,43.33064803185514],[-5.780742896374936,43.330628103118315],[-5.780748990414806,43.33076157506519],[-5.780501669552595,43.33074761983694],[-5.780262451001508,43.33091114975654],[-5.780017258809905,43.330943839713726],[-5.779643669659833,43.33086578551802],[-5.7791655252661425,43.33119940882644],[-5.778917793328523,43.33117647603785],[-5.778680428221187,43.33138075892211],[-5.778537250981972,43.33133832881703],[-5.778537211338122,43.33151840851639],[-5.778692244548037,43.33163974538893],[-5.778939464674306,43.33165142177847],[-5.779100424142438,43.33177483256214],[-5.778945025246138,43.331773284505644],[-5.778704320338444,43.33190441512405],[-5.77848190144987,43.33178987127541],[-5.778398461105854,43.33161182105075],[-5.778190850750342,43.331463954109395],[-5.777829302797922,43.33164991724742],[-5.777712791839029,43.331799726606555],[-5.776851290574927,43.33184154542119],[-5.77599616723522,43.33202331398651],[-5.775757012671314,43.33218862111118],[-5.775388287352823,43.332217346722544],[-5.774779592695205,43.33239358171836],[-5.774420662965857,43.33263736492828],[-5.7738099844992,43.33277019802311],[-5.7728391303062025,43.33311971107375],[-5.770860210441308,43.33300163298397],[-5.770566208266775,43.333152548927536],[-5.770477239578541,43.333424823807626],[-5.770338084163991,43.33351823638842],[-5.770023653426796,43.33359233560779],[-5.769905850467964,43.33371423992485],[-5.769661265599047,43.33376065546514],[-5.769058839724908,43.33407545786542],[-5.768463262169153,43.33454103501098],[-5.767174566939078,43.33476538797094],[-5.766755005063754,43.33495124768417],[-5.766519545380311,43.33519868440838],[-5.766414359153467,43.33505390992614],[-5.766466657661528,43.33496260461837],[-5.766862422459996,43.334600578378804],[-5.768347288785587,43.33428679082009],[-5.768847285303988,43.333914521036526],[-5.77004312317466,43.33334530707634],[-5.770169955099809,43.33325219355576],[-5.770231033124977,43.33289055556292],[-5.770355807849384,43.332759458160204],[-5.770479840869891,43.332774560248495],[-5.770720161684945,43.33263452163587],[-5.77121466488232,43.3326591404223],[-5.77233450310495,43.33287279639864],[-5.7729487194959965,43.33281756952373],[-5.774161890345344,43.332372150786064],[-5.775137971917264,43.33213777968612],[-5.7754907119155785,43.33177251214565],[-5.7753950334344175,43.331594756899804],[-5.774752867218276,43.33180700456803],[-5.774621222842283,43.33162481493974],[-5.774373113473773,43.33159359872461],[-5.773886742622748,43.331747365933914],[-5.773393558678769,43.331751576212824],[-5.772909009635495,43.33194543821334],[-5.770983962339576,43.332332066535415],[-5.769240550269034,43.333184677705944],[-5.7680650697227245,43.33392188453046],[-5.767094584673136,43.334280651732755],[-5.766236272873796,43.33439362718346]],[[-5.775629167606357,43.33185918904152],[-5.775743464120512,43.331891359236614],[-5.775849419927835,43.33185383973345],[-5.775740938670406,43.331835949114556],[-5.775629167606357,43.33185918904152]],[[-5.775802407013345,43.331584863450765],[-5.7758638022584785,43.33182540713139],[-5.775974995605114,43.33155883338593],[-5.775802407013345,43.331584863450765]],[[-5.771309718921646,43.331873970969205],[-5.771427971463031,43.33192552418746],[-5.771792532267008,43.331805291889324],[-5.771781176709418,43.33155578540311],[-5.771539103820579,43.33165717881056],[-5.771309718921646,43.331873970969205]],[[-5.778419554452647,43.331069770074095],[-5.778295609847556,43.3310565715895],[-5.778288752000336,43.33116429123156],[-5.778316538666428,43.33116361574845],[-5.778419554452647,43.331069770074095]],[[-5.778788167709733,43.33103877292172],[-5.778880485187379,43.330969826223246],[-5.778669601488539,43.33097495359555],[-5.778788167709733,43.33103877292172]],[[-5.779311827700447,43.33059917996948],[-5.779392549084408,43.330768572654954],[-5.779562472598357,43.33068312377632],[-5.779383331185122,43.33056658280019],[-5.779311827700447,43.33059917996948]],[[-5.779543013757323,43.33005332139347],[-5.779464252091931,43.33005523688398],[-5.7794878612958325,43.33015438492618],[-5.779543013757323,43.33005332139347]],[[-5.7828126442737435,43.327336358167045],[-5.780495760520631,43.32791643644001],[-5.779880516443984,43.32794791068291],[-5.779269949366603,43.32808189929144],[-5.77889778696587,43.32826822389374],[-5.779002829340156,43.32844574857795],[-5.778920170981294,43.32852532918275],[-5.778575076520431,43.3286362276573],[-5.778628722336569,43.32872496281452],[-5.778417375859286,43.32882014035023],[-5.779059418905934,43.328874040565054],[-5.779634717036572,43.32906065785296],[-5.779572720813216,43.32942232321621],[-5.779824541197922,43.32959627727029],[-5.77977452061856,43.32968753328754],[-5.779969010285048,43.32988680128238],[-5.780585120098469,43.329873862563694],[-5.7808038583499135,43.32975253201529],[-5.780940209678366,43.329546863408325],[-5.781194324953154,43.329709717053156],[-5.7813176116445355,43.329708555422926],[-5.783027310858159,43.32933526460471],[-5.783258660346071,43.32915254045514],[-5.783549645112238,43.328515178109754],[-5.783910927807413,43.32733586630941],[-5.783667102117615,43.327141906134614],[-5.782930520047669,43.32721687162648],[-5.7828126442737435,43.327336358167045]],[[-5.80345558885333,43.322976785974454],[-5.804743411129522,43.321483215266774],[-5.805577699496308,43.32085408811933],[-5.805820463887586,43.32076986441884],[-5.80752433194399,43.31964512673221],[-5.808053174989813,43.3191819374967],[-5.807964838998431,43.31913365158886],[-5.807352896569233,43.31923453101152],[-5.8071036525480855,43.319177938846934],[-5.806908563744821,43.31930009398348],[-5.806869911139625,43.319457845963306],[-5.806505365905218,43.31957531746793],[-5.806008226770011,43.31949143961642],[-5.8052998076164135,43.32017544062949],[-5.8049379510033265,43.320351469386374],[-5.804447628698687,43.3204157771479],[-5.803970202309856,43.320760311126065],[-5.802637130382066,43.32127037622206],[-5.802167937068219,43.32179427171028],[-5.800240645775166,43.32279255663375],[-5.7999493670432525,43.32307237366258],[-5.7992789205006945,43.32333400204758],[-5.797594039666583,43.32424188199319],[-5.797101039542417,43.32424872197371],[-5.7969792565984255,43.3243156114734],[-5.79699004899651,43.32451743801362],[-5.796630099370498,43.32473608056544],[-5.795176227223263,43.32530450404364],[-5.794080411306691,43.32561322435756],[-5.792613875966203,43.32590640616901],[-5.79187471576453,43.325924548733255],[-5.791625487387193,43.32586859325644],[-5.791495953662836,43.32571022384523],[-5.791186987574978,43.32571776991739],[-5.790410437583669,43.326267401084934],[-5.789921607917962,43.326365675615584],[-5.789183803348796,43.326413565304556],[-5.789054476224999,43.32628265368834],[-5.788680335564019,43.32619217018537],[-5.788077208737406,43.32648790070887],[-5.787830689276443,43.32649110957163],[-5.787453047484172,43.32632410643751],[-5.787087913397418,43.326430420433866],[-5.786978760693298,43.32674034883687],[-5.786613345633042,43.32684059321289],[-5.785618632235066,43.32666473507472],[-5.785377682392441,43.32678976304808],[-5.784513739644699,43.32677650216854],[-5.783807486330135,43.32841885859396],[-5.783634903219784,43.32913609932784],[-5.7838860048877585,43.32923290175943],[-5.784497793509532,43.32912560849912],[-5.790230910189167,43.32773306191803],[-5.798830369933255,43.32580096322804],[-5.8003500054377755,43.325171569421435],[-5.802861529727418,43.32346735225836],[-5.80345558885333,43.322976785974454]],[[-5.775658004826323,43.32730973586661],[-5.775665660556178,43.32747773908968],[-5.77582334281838,43.32744254242149],[-5.775658004826323,43.32730973586661]],[[-5.773939267962952,43.32748434661117],[-5.773785312134631,43.32758206276246],[-5.773946339873141,43.32763963345443],[-5.7740280443007,43.32757617142906],[-5.773939267962952,43.32748434661117]],[[-5.766094598037925,43.33407121625083],[-5.766346581279295,43.33410655160866],[-5.766440180258813,43.334062851683164],[-5.766341973993167,43.334005128408236],[-5.766094598037925,43.33407121625083]]],[[[-5.815532207806983,43.344118055914535],[-5.815442100995218,43.34331073916768],[-5.815660149650091,43.34186474212778],[-5.815788643173994,43.341660564058685],[-5.815822045751445,43.34195079236884],[-5.815717472624232,43.3420434079645],[-5.815768990592558,43.34231225586317],[-5.815532207806983,43.344118055914535]]],[[[-5.8675694433172145,43.348947628001916],[-5.8677024395751545,43.348944290672655],[-5.867704103762635,43.34907882443256],[-5.8675694433172145,43.348947628001916]]],[[[-5.8679619446760745,43.34931403768975],[-5.86776456024909,43.3491228093041],[-5.8678273379986186,43.34907576253791],[-5.867965796949841,43.34920779793307],[-5.8679619446760745,43.34931403768975]]],[[[-5.86265880607116,43.354605855948854],[-5.862647312637491,43.35447335657061],[-5.862650120164314,43.354421223158276],[-5.86265880607116,43.354605855948854]]],[[[-5.8584977060586505,43.35533287581328],[-5.85854971804061,43.35538627601686],[-5.858502944105115,43.35544437749547],[-5.858449873535522,43.355388773490574],[-5.8584977060586505,43.35533287581328]]],[[[-5.844390680307143,43.35582961145633],[-5.844338723843812,43.355996474245686],[-5.844329772340452,43.355804977476126],[-5.844390680307143,43.35582961145633]]],[[[-5.8442930864814375,43.35610215685273],[-5.844228375539907,43.35627553800506],[-5.844219332400791,43.356082075266],[-5.8442930864814375,43.35610215685273]]],[[[-5.921502594201767,43.35433416209396],[-5.921010502035323,43.35436464322874],[-5.920749812508703,43.35435367522689],[-5.921132004225903,43.35432534192757],[-5.921502594201767,43.35433416209396]]],[[[-5.844111941478087,43.35646682034645],[-5.844162253754239,43.35637552941336],[-5.844114194456094,43.35647262399851],[-5.844111941478087,43.35646682034645]]],[[[-5.843993315729973,43.35664985013301],[-5.843985778242102,43.356559998944554],[-5.84399434439586,43.35654843907702],[-5.844041805449268,43.356558604611386],[-5.843993315729973,43.35664985013301]]],[[[-5.862103890550562,43.35655785808786],[-5.862129107634104,43.35646080588492],[-5.862690511488775,43.35654316449521],[-5.862628916470734,43.35659332564893],[-5.862103890550562,43.35655785808786]]],[[[-5.8631252869035535,43.35665272791184],[-5.862752884969319,43.35660554026759],[-5.863195872673676,43.35662054254972],[-5.8631252869035535,43.35665272791184]]],[[[-5.849322313951642,43.357018995730115],[-5.8491911867462205,43.35685386652431],[-5.849305092278907,43.35678765099181],[-5.849181119853719,43.35670070319694],[-5.849424060791933,43.356694645931384],[-5.849563813279359,43.35678119998063],[-5.849456070689611,43.35696396401583],[-5.849322313951642,43.357018995730115]]],[[[-5.863374963509983,43.35671411284107],[-5.863743894318884,43.35668752580668],[-5.863946290983261,43.35678181581884],[-5.863748846602298,43.356792746057934],[-5.863374963509983,43.35671411284107]]],[[[-5.864278705244025,43.35677348455519],[-5.864118738536194,43.35678657070383],[-5.8640506457331325,43.35677920049101],[-5.864278705244025,43.35677348455519]]],[[[-5.869669815526246,43.35675135437249],[-5.86966819022478,43.35671689327536],[-5.869755687036396,43.35672611475959],[-5.869669815526246,43.35675135437249]]],[[[-5.864863667566892,43.3568835006059],[-5.864402396582175,43.35686042291997],[-5.864887857854666,43.35684825358694],[-5.864863667566892,43.3568835006059]]],[[[-5.864988313926196,43.356910089379845],[-5.865146594096478,43.35693180552583],[-5.864929747360487,43.356937242093835],[-5.864988313926196,43.356910089379845]]],[[[-5.869548755627693,43.356800847958404],[-5.869427718938658,43.35685083784672],[-5.869397100564056,43.356825157800316],[-5.869548755627693,43.356800847958404]]],[[[-5.865362920702097,43.357004020130766],[-5.865419137389797,43.35701501067259],[-5.865283043244892,43.357018423064915],[-5.865362920702097,43.357004020130766]]],[[[-5.869306487087619,43.356896693430265],[-5.8691856991474785,43.35695196658743],[-5.869128908273792,43.35692193023671],[-5.8691836193662414,43.35690786204961],[-5.869306487087619,43.356896693430265]]],[[[-5.869065691433434,43.35702379074176],[-5.868780375405119,43.357020718927785],[-5.8691069512717435,43.357012520157994],[-5.869065691433434,43.35702379074176]]],[[[-5.84380035053365,43.35767801569442],[-5.84372471747997,43.35746688319168],[-5.8437768710643345,43.357175656961026],[-5.843807444972766,43.35755486331243],[-5.84380035053365,43.35767801569442]]],[[[-5.868698712580038,43.35709177006898],[-5.868453690111946,43.35712925318263],[-5.868336979062502,43.35712188766311],[-5.868698712580038,43.35709177006898]]],[[[-5.8656201943574215,43.357226631863654],[-5.865567781384947,43.35710132208968],[-5.865613271004933,43.357079630972905],[-5.8656201943574215,43.357226631863654]]],[[[-5.867646929764781,43.3572292444285],[-5.868087016421706,43.35720373448056],[-5.868172884898418,43.35721604495244],[-5.867646929764781,43.3572292444285]]],[[[-5.86737463837468,43.35732611561157],[-5.866859991337411,43.35735070843963],[-5.866784935987783,43.35734091061377],[-5.86737463837468,43.35732611561157]]],[[[-5.8657794498838625,43.35745616881779],[-5.865743712323275,43.35745706502224],[-5.8657492618089675,43.35734706518307],[-5.8657794498838625,43.35745616881779]]],[[[-5.848365810373763,43.357531376289245],[-5.8481125268047975,43.35753514368234],[-5.847998602457943,43.35773749076586],[-5.847509333286549,43.35782970686652],[-5.847394059249311,43.35800326737778],[-5.847214869679928,43.35801025128207],[-5.847096055674474,43.35792317271242],[-5.84712809914671,43.35774229690067],[-5.847253910413707,43.3576452888683],[-5.847502317098597,43.35767978891176],[-5.847657144336697,43.357458998780785],[-5.848106884910142,43.357414615272816],[-5.84822322827928,43.35726396385518],[-5.848337419633734,43.35735200644118],[-5.848365810373763,43.357531376289245]]],[[[-5.913804677625479,43.35651182245708],[-5.913587784096017,43.35653673708254],[-5.913464643190432,43.35652049230827],[-5.91370905060303,43.35649232379131],[-5.913804677625479,43.35651182245708]]],[[[-5.912729960155437,43.35662925950241],[-5.913097440943839,43.35660420747402],[-5.913183273101833,43.35661770408335],[-5.912729960155437,43.35662925950241]]],[[[-5.846354511611442,43.358301799945956],[-5.846536476454101,43.35813567411927],[-5.846544860238057,43.358314871978166],[-5.846354511611442,43.358301799945956]]],[[[-5.839520865455069,43.358521830425175],[-5.839480456268208,43.358472807142064],[-5.83951696589089,43.35843827410062],[-5.839545823240913,43.35847118294556],[-5.839520865455069,43.358521830425175]]],[[[-5.912274429318629,43.35673090810014],[-5.911870905029448,43.35675881625795],[-5.911693033098846,43.35674572354006],[-5.912274429318629,43.35673090810014]]],[[[-5.911224876815677,43.35684768964803],[-5.9107661532244835,43.35687990207758],[-5.910619678078817,43.356863106008184],[-5.911224876815677,43.35684768964803]]],[[[-5.90959833854694,43.35697915399995],[-5.909905853492332,43.356952224797915],[-5.910138606577221,43.35696539662174],[-5.909784485162977,43.35699458647141],[-5.90959833854694,43.35697915399995]]],[[[-5.866025374884902,43.35796956042547],[-5.866016253234609,43.35777591616058],[-5.8662734724976255,43.358074049464264],[-5.866292574087313,43.35840271744649],[-5.866025374884902,43.35796956042547]]],[[[-5.90912943088539,43.35708113065196],[-5.906105143727992,43.35746541874197],[-5.905372945642647,43.35744681503033],[-5.908675440565482,43.3570260551451],[-5.908921369334691,43.35700806671345],[-5.90912943088539,43.35708113065196]]],[[[-5.904901515882426,43.35754883845157],[-5.904506386898494,43.357578163874564],[-5.904317899477256,43.357563672764805],[-5.904627814786569,43.357536947979575],[-5.904901515882426,43.35754883845157]]],[[[-5.90387986408757,43.357664843235206],[-5.9035245789613136,43.357690406586464],[-5.9034097497529245,43.35767678858846],[-5.90387986408757,43.357664843235206]]],[[[-5.9030661335231756,43.35777555695427],[-5.902789731415808,43.35780625496883],[-5.902667019146866,43.35778569551602],[-5.902787719309497,43.35776408163114],[-5.9030661335231756,43.35777555695427]]],[[[-5.90240170710862,43.35788247286038],[-5.902177672223628,43.35790941819386],[-5.902027742794064,43.357891970409014],[-5.90240170710862,43.35788247286038]]],[[[-5.9017467694230215,43.35798914395647],[-5.901565606542621,43.35801248916624],[-5.901369429727967,43.35799872505941],[-5.901563761760459,43.35797380685115],[-5.9017467694230215,43.35798914395647]]],[[[-5.8594235516873185,43.3592360782873],[-5.859296996924515,43.35921299318459],[-5.85928913041726,43.35904560823578],[-5.8594121427331345,43.35903738460225],[-5.8594235516873185,43.3592360782873]]],[[[-5.8607173893752265,43.35947381264596],[-5.860912462707511,43.359452806834824],[-5.861264312956913,43.35946012005338],[-5.860913933798984,43.359484090854146],[-5.8607173893752265,43.35947381264596]]],[[[-5.841576628681845,43.36049159532769],[-5.84158441112483,43.36043126674242],[-5.841590694945067,43.3605658030359],[-5.841576628681845,43.36049159532769]]],[[[-5.878115634614126,43.35966722141349],[-5.877706954835886,43.359709665475464],[-5.877701567479819,43.3595957690791],[-5.878115634614126,43.35966722141349]]],[[[-5.852923081770705,43.35749502366877],[-5.85339518919063,43.3572258312109],[-5.853384035112144,43.357136070995516],[-5.853644404077079,43.35708880544829],[-5.854242240172416,43.35668082559694],[-5.854452757198846,43.35674922632786],[-5.854383478707004,43.35693103420102],[-5.8541315637673375,43.35702736487945],[-5.852794218832364,43.35796114499023],[-5.852655727822553,43.35823471829957],[-5.852343033007849,43.35828277893653],[-5.8521089502412655,43.35855395373486],[-5.851865587761959,43.35862719883818],[-5.850820883692249,43.35945100918074],[-5.850851555918688,43.35981039882382],[-5.851184191683629,43.359886024311365],[-5.851973765524419,43.36041266861157],[-5.851962777907754,43.36070054890142],[-5.850356546172951,43.359642669251976],[-5.850356377524095,43.359462596045965],[-5.851449292015108,43.35862498248399],[-5.851597294062032,43.358168520763705],[-5.852329788553639,43.3580002627986],[-5.8527638462509,43.35769178705181],[-5.852766431616468,43.35751164507498],[-5.852923081770705,43.35749502366877]]],[[[-5.852598246258026,43.361094185730956],[-5.852600170362686,43.36113522054889],[-5.852578921432441,43.36111787378735],[-5.852598246258026,43.361094185730956]]],[[[-5.8713715962872195,43.360016953152716],[-5.870916039608125,43.35962677624842],[-5.869202286884449,43.359920374179154],[-5.869007197442925,43.35989626090836],[-5.870176078165096,43.35963606266388],[-5.871159777499457,43.35956189434523],[-5.872102892678307,43.36080892313717],[-5.8722761839171875,43.36107468342592],[-5.872223644963313,43.3611858690477],[-5.872057850865046,43.36108017094327],[-5.8713715962872195,43.360016953152716]]],[[[-5.848017495205857,43.36168183842389],[-5.848837051402166,43.36094110092255],[-5.848882836489756,43.36080976537251],[-5.849004624071203,43.36077528137676],[-5.848906408856518,43.361029410571554],[-5.848065505683707,43.36180275056567],[-5.848017495205857,43.36168183842389]]],[[[-5.917453707247683,43.359959426078674],[-5.917478348578495,43.360109665299284],[-5.9174625452263045,43.36014372062029],[-5.9173725399296435,43.360112366634674],[-5.917453707247683,43.359959426078674]]],[[[-5.887402694465773,43.36119590413255],[-5.8874051080539225,43.36124675632804],[-5.887319132514609,43.36123582355735],[-5.887402694465773,43.36119590413255]]],[[[-5.887164339017281,43.361373964869024],[-5.887161540260054,43.361314992822265],[-5.887286171449815,43.361326694881804],[-5.887164339017281,43.361373964869024]]],[[[-5.887001014385403,43.36142393789027],[-5.887124531375723,43.36142081732159],[-5.887045311809888,43.361466177710966],[-5.887001014385403,43.36142393789027]]],[[[-5.886926227097713,43.361557186265706],[-5.8869225702776955,43.36148012824501],[-5.886990919184863,43.36151423144918],[-5.886926227097713,43.361557186265706]]],[[[-5.834561365536012,43.363312759088565],[-5.8344365111769845,43.36328170964111],[-5.8342609897586275,43.36319435312502],[-5.834553550698179,43.36314504419643],[-5.834625707277634,43.36318530698506],[-5.834561365536012,43.363312759088565]]],[[[-5.83406863348131,43.36333204517925],[-5.8340663326471445,43.36328265836866],[-5.834104036617118,43.363288284432635],[-5.83406863348131,43.36333204517925]]],[[[-5.921160969871795,43.34464694029304],[-5.920444395575351,43.34472736128568],[-5.920185235177942,43.34488078658986],[-5.919712419790746,43.34531156245961],[-5.919661639711327,43.345557709808844],[-5.919337681847217,43.34601617899789],[-5.918666368889832,43.346652167940896],[-5.918332269487893,43.346852206237216],[-5.91721089345802,43.347173847825175],[-5.916471474597741,43.3471911095338],[-5.9160970719548835,43.347101788363624],[-5.9158554303661,43.34720838514604],[-5.915362503900498,43.347220309712796],[-5.914614795040467,43.347064480871104],[-5.913604250674874,43.34657249807849],[-5.913347692699646,43.34636751233642],[-5.912478148946294,43.34624348691335],[-5.912235954335766,43.34633858951585],[-5.912108152939922,43.34624602460682],[-5.911864770233498,43.34631630515084],[-5.910870983182364,43.346173991445795],[-5.910478689594702,43.345881996643676],[-5.910199916698866,43.34525882613765],[-5.9096593540418505,43.344462243535105],[-5.909710045383167,43.3443709142311],[-5.909550376821314,43.34435641183582],[-5.908660145658928,43.34379868612094],[-5.907912761603963,43.343648410627225],[-5.907294219926586,43.343612701311876],[-5.907167475362213,43.34354198329406],[-5.906921322712686,43.34355415790613],[-5.906559807721975,43.343733977489144],[-5.905215050937984,43.343991375659755],[-5.904721170443778,43.34398281083866],[-5.9044826150137615,43.344154253622726],[-5.903874153330429,43.34432990900765],[-5.9020418968238735,43.34471318989398],[-5.901061009634479,43.3448405140642],[-5.90049434216758,43.3450553854486],[-5.899841994416219,43.34514869352617],[-5.898493509964675,43.34663680851879],[-5.897111012931726,43.34738700189472],[-5.896255562400631,43.34755877121696],[-5.8956503167362895,43.347803234909826],[-5.8944282300452455,43.348048646048596],[-5.893320923654431,43.34811343423807],[-5.8928217650960715,43.347994499420516],[-5.892856197170375,43.34777007803629],[-5.893055661991229,43.347724051035726],[-5.896122487071943,43.347354917196874],[-5.897690383930231,43.34659925864618],[-5.8979878574809135,43.34637951672863],[-5.898982324986036,43.34523106124907],[-5.900026081930689,43.34425692162078],[-5.901161586520281,43.3443622937692],[-5.902019881184492,43.3442514104232],[-5.903605476714488,43.34386997565369],[-5.903976866749107,43.34389695113094],[-5.904218014242961,43.34377982776589],[-5.905076159567719,43.34366610614256],[-5.906008992085024,43.34338462676023],[-5.9069060278320755,43.34323387436069],[-5.908017309795077,43.34325448104773],[-5.908885218646013,43.34334538236167],[-5.909304352297503,43.34348085706156],[-5.909591662404616,43.343833696735096],[-5.910074299111558,43.344181561799466],[-5.9109001827929335,43.34551110657018],[-5.911210574759443,43.34577331546909],[-5.912341860444425,43.345973549174516],[-5.912582206115051,43.34583984080915],[-5.913018285570047,43.34581728791369],[-5.913702815150495,43.346054258480315],[-5.913832623703309,43.346188708586084],[-5.914334589656874,43.34636574196312],[-5.9147157172065254,43.34659564300744],[-5.915461627197662,43.34671403405614],[-5.91718897300087,43.346716499262364],[-5.917799251132905,43.34657905598128],[-5.918487602454596,43.346127930907066],[-5.918744658340537,43.34571201978791],[-5.919059911687886,43.34548304338581],[-5.919206717183188,43.345056754942426],[-5.919556883095365,43.34464094757166],[-5.920405953384116,43.3443384371245],[-5.92116238831179,43.344236554205715],[-5.921160969871795,43.34464694029304]]],[[[-5.874097390416923,43.36427830954863],[-5.873990150050437,43.364272978839736],[-5.874096377077443,43.36425686264328],[-5.874097390416923,43.36427830954863]]],[[[-5.877797492060985,43.36423225858131],[-5.877784978248095,43.364177476443004],[-5.877794543869,43.36416994152964],[-5.877820735400002,43.36417657596179],[-5.877797492060985,43.36423225858131]]],[[[-5.873988987814253,43.36436304661218],[-5.873888917925474,43.36436556330855],[-5.873974314061039,43.36428535763963],[-5.873988987814253,43.36436304661218]]],[[[-5.8832482419977055,43.36430987928197],[-5.8832385173723045,43.36446474235625],[-5.8832300953960495,43.36428706128441],[-5.8832482419977055,43.36430987928197]]],[[[-5.875230737410513,43.3647577670676],[-5.875274449538121,43.36478090290169],[-5.875195210654397,43.364782896612695],[-5.875230737410513,43.3647577670676]]],[[[-5.868386443348701,43.36495400489218],[-5.868697623093688,43.364919635851365],[-5.868705032412448,43.36494600762493],[-5.868461670189861,43.365150109607875],[-5.868386443348701,43.36495400489218]]],[[[-5.884246327320424,43.36489776883585],[-5.883626933627387,43.364848389112325],[-5.883360480019914,43.36466720134157],[-5.8833639601734395,43.36450763374375],[-5.883747120672033,43.36478039703875],[-5.884370313893065,43.36482179373738],[-5.884246327320424,43.36489776883585]]],[[[-5.872660945085277,43.365219897222694],[-5.872658666518939,43.36517164972649],[-5.872730111805238,43.36520504706134],[-5.872660945085277,43.365219897222694]]],[[[-5.886221613961475,43.3649128992499],[-5.884788903514,43.364901265899846],[-5.884554540080983,43.364817143563656],[-5.885844783515766,43.364773812251265],[-5.8859705068039405,43.36482256328809],[-5.886091506418473,43.364771753684444],[-5.886218103797516,43.36483892225262],[-5.886758484387704,43.36485152777624],[-5.886221613961475,43.3649128992499]]],[[[-5.8841159768934,43.36509832860111],[-5.884185274369587,43.365096579606664],[-5.88413384376907,43.36512822243504],[-5.8841159768934,43.36509832860111]]],[[[-5.886811687841281,43.36512029917798],[-5.886902220960107,43.36511801207074],[-5.886850927567722,43.36517123847728],[-5.886811687841281,43.36512029917798]]],[[[-5.886685643091748,43.36521352175829],[-5.886809122197513,43.36521040246588],[-5.886732455899264,43.3652753175134],[-5.886685643091748,43.36521352175829]]],[[[-5.886981733515591,43.36532704268791],[-5.8869794898172385,43.365279769749186],[-5.887103174147923,43.365285521846225],[-5.887103623452829,43.3652949879441],[-5.886981733515591,43.36532704268791]]],[[[-5.886573223514882,43.36530640002586],[-5.8866892170237035,43.365303469949986],[-5.8866128585340345,43.365355684417985],[-5.886573223514882,43.36530640002586]]],[[[-5.832658458214186,43.36665555855047],[-5.832550483488488,43.36674827364105],[-5.832618418511902,43.366641028361734],[-5.832658458214186,43.36665555855047]]],[[[-5.886912195518893,43.36538787549984],[-5.886820684518007,43.36539018731978],[-5.886860036536054,43.365363165767526],[-5.886912195518893,43.36538787549984]]],[[[-5.886740770121614,43.365450506027635],[-5.886743590001997,43.365509923210254],[-5.886691765962604,43.36548348250431],[-5.886740770121614,43.365450506027635]]],[[[-5.858630586431745,43.3660397967289],[-5.858646736688738,43.366188487626914],[-5.858639339284973,43.3662260386906],[-5.858630586431745,43.3660397967289]]],[[[-5.886489921425373,43.3653656804526],[-5.886568724748037,43.3653965521383],[-5.88637472669274,43.365538836695016],[-5.886305252026299,43.36549324566615],[-5.886489921425373,43.3653656804526]]],[[[-5.877255110858361,43.36581075323719],[-5.877378206741838,43.365804061261656],[-5.877438598017885,43.365806892178504],[-5.8773790337653935,43.36582154392373],[-5.877255110858361,43.36581075323719]]],[[[-5.886183336311509,43.365586363401],[-5.886251731425882,43.36554761572238],[-5.886301835122082,43.365583370441584],[-5.886254913475259,43.36561467523963],[-5.886183336311509,43.365586363401]]],[[[-5.886420216969918,43.36567041878375],[-5.886620913505228,43.36552541685495],[-5.886677970791662,43.365573869456696],[-5.88650623859524,43.36570952498003],[-5.886420216969918,43.36567041878375]]],[[[-5.886014199123973,43.36574344212707],[-5.885999339330939,43.36568104889522],[-5.886132396804524,43.36563354436719],[-5.886167522527976,43.36567680127648],[-5.886014199123973,43.36574344212707]]],[[[-5.855779421440354,43.36617014011694],[-5.8563026799320514,43.36640056472207],[-5.856663887095199,43.36620820552685],[-5.857156319275564,43.3661822042518],[-5.858371523766593,43.365779402566304],[-5.858907055544016,43.36573178238521],[-5.8586242502280355,43.36590497477508],[-5.858383920490503,43.365924946006466],[-5.858260853131515,43.36605056046145],[-5.858134406524673,43.365986001450736],[-5.857768103347117,43.36606976842565],[-5.856797671738103,43.36642902478511],[-5.856308712353384,43.36652902507431],[-5.855930841095894,43.36636654151779],[-5.855779421440354,43.36617014011694]]],[[[-5.8863206008882045,43.36576297339821],[-5.886383003816183,43.36571326354357],[-5.886423741266651,43.36576036823322],[-5.886386457913458,43.365786052534496],[-5.8863206008882045,43.36576297339821]]],[[[-5.88589412745924,43.365813851198006],[-5.88589145323602,43.36575748712188],[-5.885994153129875,43.36577121834452],[-5.88589412745924,43.365813851198006]]],[[[-5.885836058163308,43.365865249413986],[-5.88577475251411,43.36589895123283],[-5.885712602276331,43.36586836707065],[-5.8857720550122865,43.365842094331256],[-5.885836058163308,43.365865249413986]]],[[[-5.917208310037592,43.365135328325195],[-5.917017937797182,43.36345283891882],[-5.91711580941568,43.36320653554978],[-5.917202725136981,43.36362819841501],[-5.917208310037592,43.365135328325195]]],[[[-5.8861473414359065,43.36594850234902],[-5.886023383210772,43.36593700447983],[-5.886146946206965,43.36594017296822],[-5.8861473414359065,43.36594850234902]]],[[[-5.8855326372023935,43.36599823157147],[-5.885652769688134,43.36592908818576],[-5.88568258884012,43.36595916345615],[-5.8855326372023935,43.36599823157147]]],[[[-5.885289295299125,43.3660716707135],[-5.885410954595236,43.36603470389576],[-5.8854590834304465,43.36605484575626],[-5.885412989885338,43.36607760805778],[-5.885289295299125,43.3660716707135]]],[[[-5.8859061274031665,43.36606676963665],[-5.885903620662139,43.36601393624336],[-5.885965217741926,43.3660420645149],[-5.8859061274031665,43.36606676963665]]],[[[-5.8857850490281365,43.36611597564655],[-5.885663938026778,43.366164498059725],[-5.88561703942932,43.36614089565541],[-5.885661576378316,43.36611471870361],[-5.8857850490281365,43.36611597564655]]],[[[-5.8850459979579135,43.36614606171985],[-5.885170766387716,43.366174634898],[-5.8850237418827405,43.3661558759663],[-5.8850459979579135,43.36614606171985]]],[[[-5.878023237038761,43.366395150945245],[-5.878004901197869,43.36600763593226],[-5.878137327316424,43.366149449959146],[-5.878023237038761,43.366395150945245]]],[[[-5.8854212724718655,43.36625220500684],[-5.88554252250814,43.36620660559013],[-5.8855695503739005,43.366232133299015],[-5.8854212724718655,43.36625220500684]]],[[[-5.884956768539129,43.366247605268576],[-5.884682113498877,43.3662800548965],[-5.884643006764584,43.366255526084224],[-5.884803486215072,43.36623702916742],[-5.884956768539129,43.366247605268576]]],[[[-5.884561203307175,43.36633283709503],[-5.884562194262898,43.36635373251929],[-5.884298747207259,43.36635425428581],[-5.884561203307175,43.36633283709503]]],[[[-5.885301723279327,43.36633366328864],[-5.88517914535543,43.366351277806245],[-5.8851177690456655,43.36633357899573],[-5.885177001389361,43.366306079503616],[-5.885301723279327,43.36633366328864]]],[[[-5.87716447192364,43.366503608188594],[-5.877656517295726,43.36646957687255],[-5.877714278218471,43.36661029670987],[-5.876921472723651,43.36654022034599],[-5.877038360792637,43.36644658447221],[-5.87716447192364,43.366503608188594]]],[[[-5.884936275661451,43.36643471115035],[-5.884847813457208,43.36643043284062],[-5.884988270198735,43.366426886908464],[-5.884936275661451,43.36643471115035]]],[[[-5.884134040957955,43.36644844987231],[-5.883581826693349,43.366500130818814],[-5.883486942535494,43.3664647800591],[-5.884134040957955,43.36644844987231]]],[[[-5.883214637648426,43.366564523738255],[-5.88298973926025,43.36656736347143],[-5.8832377342565785,43.36656110657889],[-5.883214637648426,43.366564523738255]]],[[[-5.882845182369382,43.36658111900039],[-5.882640513958385,43.36657617348194],[-5.882943723856717,43.366568524376845],[-5.882845182369382,43.36658111900039]]],[[[-5.881120452435611,43.366645843266554],[-5.8809954564182,43.366612446232295],[-5.88118048129696,43.366612994583726],[-5.881120452435611,43.366645843266554]]],[[[-5.883835253362515,43.36663931336652],[-5.88408026491088,43.36660100150554],[-5.884249010273385,43.36662562505968],[-5.883959379678077,43.36665433437341],[-5.883835253362515,43.36663931336652]]],[[[-5.8823469388284835,43.36667361723906],[-5.881864153117924,43.36671371815089],[-5.881702663505047,43.36668986610408],[-5.88210862272479,43.36666393617858],[-5.8823469388284835,43.36667361723906]]],[[[-5.883222172520623,43.36672347752834],[-5.883593612707796,43.3667322037966],[-5.883000487077628,43.36674716926353],[-5.883222172520623,43.36672347752834]]],[[[-5.882116936784888,43.36683939425751],[-5.882626197668213,43.36684665004478],[-5.8819954886984975,43.36686255834787],[-5.882116936784888,43.36683939425751]]],[[[-5.860470416083631,43.365242467056355],[-5.861222630657547,43.36603398287922],[-5.861424716732092,43.36647911575149],[-5.860785227098925,43.36721543522502],[-5.860854601766984,43.367303737030234],[-5.860803851820177,43.36763959264307],[-5.860677713035679,43.36758170783809],[-5.860559379203834,43.36768977027757],[-5.8604394231103525,43.36713405306473],[-5.860731096566663,43.36667655889957],[-5.861182028104297,43.36630511521447],[-5.860907069915799,43.36586180628797],[-5.86017357845096,43.36524989692272],[-5.860312883465363,43.36507252316915],[-5.860436039513818,43.36506710040608],[-5.860470416083631,43.365242467056355]]],[[[-5.8530147048587295,43.368310085557624],[-5.85309130689194,43.36830817307322],[-5.853062112326904,43.36835347646945],[-5.8530147048587295,43.368310085557624]]],[[[-5.852949723870977,43.36858860623777],[-5.852660231420274,43.36858905061769],[-5.852939420821899,43.36836895951366],[-5.853081324828517,43.36848849947063],[-5.852949723870977,43.36858860623777]]],[[[-5.915802522554292,43.36717543021352],[-5.9158232599714085,43.36713539945478],[-5.915856846316462,43.36717404404857],[-5.915802522554292,43.36717543021352]]],[[[-5.858261188932683,43.36868395896112],[-5.858684778243529,43.36852853896443],[-5.859102786094886,43.368208906953996],[-5.8591594121992046,43.368246548910705],[-5.859148976029088,43.36842688714745],[-5.858754367387594,43.36867342410542],[-5.8581702275004455,43.36881152542688],[-5.858261188932683,43.36868395896112]]],[[[-5.8735611015830385,43.36860005667318],[-5.873318083409296,43.368680875055944],[-5.873203550561479,43.36861460796658],[-5.873313537478395,43.36858465087157],[-5.8735611015830385,43.36860005667318]]],[[[-5.858041306476346,43.36925755497596],[-5.85680099644851,43.369115879257215],[-5.856750988036549,43.3690270908618],[-5.857168722748187,43.36907349751857],[-5.857412137226395,43.369000619756676],[-5.857538827184482,43.369070237208994],[-5.858530080889763,43.369153218309044],[-5.859830247638118,43.368769993965316],[-5.85939090796436,43.369087101976355],[-5.859021924705583,43.36911421216631],[-5.8586587941209975,43.36926584753926],[-5.858041306476346,43.36925755497596]]],[[[-5.8142090054987605,43.37152927395556],[-5.81414628328312,43.37143479044453],[-5.814203049228616,43.371400557210976],[-5.814276353834164,43.37143158730233],[-5.8142090054987605,43.37152927395556]]],[[[-5.8574720150622435,43.370275067865975],[-5.8577288149578175,43.370486959069154],[-5.857740285044871,43.370731056639215],[-5.857476974360396,43.370380618496824],[-5.857193432831857,43.370276569125124],[-5.8572231164552,43.37023131999052],[-5.8574720150622435,43.370275067865975]]],[[[-5.853443435430799,43.37121999903397],[-5.853333969525425,43.37118334858716],[-5.853459870760032,43.37118020487796],[-5.853443435430799,43.37121999903397]]],[[[-5.85394621432257,43.371413581367854],[-5.853496981367615,43.37126931676593],[-5.853810806786361,43.37115821203197],[-5.854047243787715,43.37134561364642],[-5.85394621432257,43.371413581367854]]],[[[-5.855962887533278,43.36967737130388],[-5.856598598022468,43.37007354776425],[-5.857161708440129,43.37018732377344],[-5.856976446182437,43.37023499948998],[-5.856603036364955,43.37016804032291],[-5.856410250154918,43.37038618681129],[-5.856324600678388,43.37065844332165],[-5.856137599695987,43.370769558180484],[-5.8560673903157445,43.37066487207767],[-5.8561550047676825,43.370392566644995],[-5.856048111186107,43.37030519971797],[-5.855242809141642,43.37011284347343],[-5.854876904575521,43.37020571215266],[-5.854757420893328,43.37015737331995],[-5.854914654115263,43.36979329103955],[-5.854001844662676,43.36963601486369],[-5.85373054412098,43.36944772887508],[-5.85368595479604,43.369103672290514],[-5.853587202601424,43.36902313803288],[-5.853464555908537,43.36903960194576],[-5.853046003139643,43.36956984430893],[-5.853159598318168,43.37001720103769],[-5.8528214847933215,43.37029575809648],[-5.852190464636448,43.37058162519722],[-5.852437719120831,43.3708292480961],[-5.853065222528244,43.37100998152645],[-5.853192697135824,43.371137061212146],[-5.852067420932011,43.37082861335974],[-5.851399421090921,43.37168182890773],[-5.851263770816467,43.37168521359444],[-5.852191111944362,43.3703114933361],[-5.852687448202994,43.370028988473955],[-5.852988931607172,43.369661307745346],[-5.852988297098871,43.36941091190168],[-5.853529858404581,43.368477300161864],[-5.853425354371993,43.36820403051783],[-5.853137754660528,43.36821697482006],[-5.8532172357401535,43.368124951778796],[-5.853139784229244,43.36803684696404],[-5.853408513833087,43.36784506738451],[-5.853533924668572,43.36788757101874],[-5.8537962294825885,43.36821730231118],[-5.854415372447865,43.3682611012657],[-5.854715576661095,43.368357647223306],[-5.854725623703564,43.36844743481819],[-5.854230592839616,43.36854983877392],[-5.854199815845783,43.36864064606279],[-5.8543152891197305,43.368758317234004],[-5.854685576826426,43.36875899809623],[-5.854803460450858,43.36864107844346],[-5.855049834104509,43.36863121461742],[-5.855426368459838,43.368249850088866],[-5.855501043682197,43.36833802271145],[-5.855388634652348,43.3684308701064],[-5.85540983162529,43.36861041760964],[-5.855531505704727,43.36878745440208],[-5.855348130665235,43.36897211362037],[-5.855365065059234,43.369331844763096],[-5.855285143269477,43.36942388029281],[-5.855379044736689,43.369601611151516],[-5.855962887533278,43.36967737130388]],[[-5.854044755246519,43.369364827455435],[-5.854943792586824,43.36943240880943],[-5.855028832508859,43.369250207077535],[-5.855187121504566,43.369156213728054],[-5.855113588750087,43.36897797379499],[-5.854693084165876,43.36891894416414],[-5.854452957897638,43.369061946979166],[-5.854180978353247,43.369091309447846],[-5.854044755246519,43.369364827455435]]],[[[-5.8087275300604935,43.37310178672136],[-5.808556463083878,43.373102964910245],[-5.808731825108573,43.37309865495497],[-5.8087275300604935,43.37310178672136]]],[[[-5.858334876191122,43.370428101126656],[-5.858820799509218,43.37008672071974],[-5.860430381776961,43.36920516621887],[-5.860437507793097,43.368934872203376],[-5.860294733462786,43.36875836883307],[-5.860111798631931,43.36866978915521],[-5.859868924194717,43.3687540544315],[-5.85984262135091,43.36867964574677],[-5.859982658768288,43.36854811615954],[-5.860228204845053,43.368520681836564],[-5.860620814211061,43.36899597939267],[-5.860992979558119,43.369036545576286],[-5.861046557336383,43.36909970239474],[-5.860877728975074,43.36921019985138],[-5.859551071807121,43.36986861122036],[-5.858438497475521,43.37060558629014],[-5.858419374992638,43.370966218759555],[-5.8586264094265825,43.371202633072095],[-5.85987703013874,43.37155106619861],[-5.860106691483324,43.37182438553938],[-5.8596576579451645,43.371925661804774],[-5.859751530721075,43.371743235605834],[-5.8596340530424555,43.37163339591907],[-5.858633791768163,43.371359685383986],[-5.858422378671098,43.37123625922391],[-5.858196041746007,43.370791727850595],[-5.858334876191122,43.370428101126656]]],[[[-5.860137552397967,43.37184180631567],[-5.860186034277453,43.37191243819686],[-5.860142674653078,43.37195071745496],[-5.86011864458388,43.37191412488637],[-5.860137552397967,43.37184180631567]]],[[[-5.850895008499583,43.37214726199644],[-5.8512487459210405,43.371794506320995],[-5.851140103060483,43.37210979844983],[-5.851020041561861,43.37218155185112],[-5.850895008499583,43.37214726199644]]],[[[-5.859660165924374,43.372015637560224],[-5.85962547736802,43.37201650562167],[-5.859648658954972,43.37194400725172],[-5.859660165924374,43.372015637560224]]],[[[-5.860267179278528,43.37197367093562],[-5.860269375766708,43.37202037115699],[-5.860226463969834,43.37200146478144],[-5.860267179278528,43.37197367093562]]],[[[-5.850892455016925,43.37241478612012],[-5.850797194535251,43.37259723971517],[-5.8506716472569735,43.372648364011994],[-5.850657508624832,43.37234674902087],[-5.850892455016925,43.37241478612012]]],[[[-5.859540653547322,43.37210866676123],[-5.859557932288252,43.37237834992593],[-5.859549933271749,43.37246927829735],[-5.859513438995631,43.372379463304306],[-5.859540653547322,43.37210866676123]]],[[[-5.86078130555733,43.37240787395653],[-5.860857602105028,43.3724358584751],[-5.8607829281134585,43.37244236490462],[-5.86078130555733,43.37240787395653]]],[[[-5.861019958058386,43.372521832266365],[-5.861156699792958,43.37251661868077],[-5.8613600759852025,43.37260335488943],[-5.861162156825445,43.37263260380537],[-5.861019958058386,43.372521832266365]]],[[[-5.857995178413028,43.37286763769701],[-5.857966782624406,43.37292438694321],[-5.857841994232915,43.37289541897983],[-5.857449946836752,43.37270119561891],[-5.857585653862241,43.37269354152839],[-5.857995178413028,43.37286763769701]]],[[[-5.832695141057729,43.3735880834521],[-5.832690500094223,43.37348845371168],[-5.833616355944021,43.3737448642124],[-5.833395974079182,43.37375032867255],[-5.83294236634573,43.373595987408024],[-5.832695141057729,43.3735880834521]]],[[[-5.812945398173835,43.374345595522385],[-5.812859962701544,43.37438421639888],[-5.8127956232293,43.37434928216865],[-5.812856686659671,43.37431339336357],[-5.812945398173835,43.374345595522385]]],[[[-5.811657211814654,43.375066607414915],[-5.811659746208738,43.37512141914057],[-5.811622175156147,43.37509846887242],[-5.811657211814654,43.375066607414915]]],[[[-5.8350857608282904,43.374563538829314],[-5.834947038571559,43.37443216915689],[-5.834951773819998,43.374337105982136],[-5.835150619845598,43.374517157111875],[-5.8350857608282904,43.374563538829314]]],[[[-5.834940241318186,43.37461241497753],[-5.834788117455422,43.37461618876894],[-5.834837042242543,43.374523693066315],[-5.834879262120417,43.374523889138054],[-5.834940241318186,43.37461241497753]]],[[[-5.854379253117794,43.37286797627191],[-5.855340600870103,43.371853535509395],[-5.855572953386573,43.371886949432906],[-5.8560343010157405,43.37210631571205],[-5.855958841548689,43.37221941182203],[-5.855456708158087,43.37203985749675],[-5.855024076204722,43.37240167519477],[-5.8546540426580025,43.372951150683875],[-5.854660702228149,43.373131061375304],[-5.855027217857278,43.37340755213896],[-5.856634814087236,43.37425223000636],[-5.856549420345787,43.37428176067711],[-5.856171450240658,43.37411823715723],[-5.854399031283708,43.373172218542166],[-5.854379253117794,43.37286797627191]]],[[[-5.804286666563979,43.37583327367381],[-5.804408888068443,43.37580699935702],[-5.804412561361911,43.37581585635989],[-5.804286666563979,43.37583327367381]]],[[[-5.8459830471381835,43.37532000150316],[-5.846105749820911,43.37530442028396],[-5.846278018901104,43.37532100776865],[-5.846232210782045,43.375369131731205],[-5.8459830471381835,43.37532000150316]]],[[[-5.846380123296396,43.3754085030999],[-5.846479918563307,43.375387153348605],[-5.846572026604261,43.37540372294619],[-5.846481246776102,43.375415526521266],[-5.846380123296396,43.3754085030999]]],[[[-5.847480585896171,43.3756692545111],[-5.8473571968851275,43.37567018703463],[-5.847319676926572,43.37565521210212],[-5.8473551424299455,43.37562631382974],[-5.847480585896171,43.3756692545111]]],[[[-5.848354063873845,43.376619857721145],[-5.84829953215419,43.37734185275311],[-5.848236493256526,43.37599612731995],[-5.848354063873845,43.376619857721145]]],[[[-5.8480721866134076,43.37775871510659],[-5.8482316827040846,43.37752329316317],[-5.848204121823171,43.3777040571073],[-5.8480721866134076,43.37775871510659]]],[[[-5.846899572010182,43.37827679582471],[-5.8468637758829765,43.37831311595735],[-5.846845559303134,43.378278141431764],[-5.846899572010182,43.37827679582471]]],[[[-5.846742479416714,43.37835885558207],[-5.846743871767967,43.37838859302617],[-5.846712752019377,43.378371488421635],[-5.846742479416714,43.37835885558207]]],[[[-5.846622787779432,43.37843887597568],[-5.846624549140734,43.37847649610314],[-5.846494464194014,43.378466964564936],[-5.846622787779432,43.37843887597568]]],[[[-5.81912589874593,43.3790831762036],[-5.819150852196752,43.379234842012366],[-5.8191344907147515,43.37926847619643],[-5.81912589874593,43.3790831762036]]],[[[-5.818971114074895,43.37941935320312],[-5.819054632125685,43.37932725431657],[-5.819021019283212,43.37948347574051],[-5.818971114074895,43.37941935320312]]],[[[-5.845884011475453,43.37884232298758],[-5.845948520866232,43.37884071641793],[-5.845903318067828,43.3788909401637],[-5.845884011475453,43.37884232298758]]],[[[-5.806656814149191,43.379047182103804],[-5.807603917168239,43.38014938942958],[-5.807578424123228,43.38029304665471],[-5.80648895843721,43.37918635176887],[-5.806656814149191,43.379047182103804]]],[[[-5.845567493204268,43.379627915353325],[-5.845670699473287,43.379477904597984],[-5.845676928652814,43.37932869435683],[-5.845692497188206,43.37956740027186],[-5.845567493204268,43.379627915353325]]],[[[-5.84544686303799,43.37968796753731],[-5.845445041593121,43.3796490496363],[-5.845542579108353,43.37966117199767],[-5.84544686303799,43.37968796753731]]],[[[-5.8449798966507,43.380260617720985],[-5.844948723291868,43.380126150611375],[-5.844969851153149,43.380045948653475],[-5.8449798966507,43.380260617720985]]],[[[-5.820271504759229,43.38118803926],[-5.8201692792504565,43.38119056211481],[-5.820209995129711,43.38116520905249],[-5.820271504759229,43.38118803926]]],[[[-5.820340974104975,43.381327631301815],[-5.820292563235517,43.38127755812178],[-5.820336717644803,43.38123587989279],[-5.820357980448355,43.38127594360984],[-5.820340974104975,43.381327631301815]]],[[[-5.8362893658687485,43.38106171359969],[-5.836195459868984,43.38106404432203],[-5.836249976010488,43.38099939598091],[-5.8362893658687485,43.38106171359969]]],[[[-5.81667215744421,43.38145689069612],[-5.816652901500082,43.38165696557554],[-5.816640129383968,43.381381293182486],[-5.81667215744421,43.38145689069612]]],[[[-5.820723882509811,43.38159866491181],[-5.820726381417475,43.381652522830144],[-5.820695396276037,43.38162776982328],[-5.820723882509811,43.38159866491181]]],[[[-5.822827988888255,43.381718045384986],[-5.822830955332253,43.38178193190186],[-5.822758771152207,43.3817568970019],[-5.822827988888255,43.381718045384986]]],[[[-5.816788169564062,43.381724146923936],[-5.816798935249432,43.38190395873789],[-5.816789664853959,43.38194441018559],[-5.816760586926485,43.38181486540286],[-5.816788169564062,43.381724146923936]]],[[[-5.845273699737614,43.38126314367551],[-5.845291332962968,43.381468197623484],[-5.845284403567977,43.38149184678889],[-5.845272666454889,43.38146866240072],[-5.845273699737614,43.38126314367551]]],[[[-5.8213451842612685,43.382151960352985],[-5.82139362452661,43.38215076439076],[-5.82136826530618,43.382183860205465],[-5.8213451842612685,43.382151960352985]]],[[[-5.845126111155047,43.38165238830906],[-5.845210773446085,43.381650280386864],[-5.845170114485477,43.381687472878575],[-5.845126111155047,43.38165238830906]]],[[[-5.8448023989808,43.38174344677727],[-5.845032002027523,43.38174476983128],[-5.844654598586311,43.38175416535038],[-5.8448023989808,43.38174344677727]]],[[[-5.843343259595264,43.38221812462936],[-5.843449843473047,43.38223434191753],[-5.843260683777887,43.38223904861544],[-5.843343259595264,43.38221812462936]]],[[[-5.842359069929181,43.38229038433806],[-5.8423571648922525,43.382249639793315],[-5.842701291840089,43.382252965648625],[-5.842359069929181,43.38229038433806]]],[[[-5.822446247855019,43.382935117659535],[-5.822737772545921,43.383107994047705],[-5.8226466949829945,43.383130829273625],[-5.822446247855019,43.382935117659535]]],[[[-5.82274977856678,43.38319773602874],[-5.822770300524192,43.383134221927435],[-5.82281189678536,43.383196201594274],[-5.82274977856678,43.38319773602874]]],[[[-5.822858134161821,43.383285097970315],[-5.823102283376157,43.38345914369478],[-5.823033950589709,43.383494998739216],[-5.822858134161821,43.383285097970315]]],[[[-5.823113076685135,43.3835489155912],[-5.823157482025917,43.38349677931104],[-5.823163765618936,43.38363208075619],[-5.823113076685135,43.3835489155912]]],[[[-5.796938302326855,43.3796005827265],[-5.797915064832729,43.379535641481134],[-5.800146364331145,43.379738969789635],[-5.801625919360075,43.3797012133832],[-5.8037278056577914,43.37977465441737],[-5.803975631017427,43.379795096522024],[-5.80422819824147,43.37991834312875],[-5.804474765415806,43.37991149278756],[-5.804602687376779,43.380008618610354],[-5.804972465626125,43.37999676148384],[-5.805350299387411,43.380159487554934],[-5.805720254634818,43.38015144939993],[-5.806351478804525,43.380455050325814],[-5.806878513014149,43.38088751854019],[-5.8077155253321235,43.38185738147141],[-5.807970148043251,43.382481395549824],[-5.808285925415401,43.383734176405355],[-5.80825926751681,43.384342940522586],[-5.807888325579113,43.38293359915555],[-5.807894938074302,43.38257328220486],[-5.807764826123545,43.38248644053403],[-5.807753525088306,43.38221660233106],[-5.807483074537634,43.38186309248874],[-5.80747699979227,43.381683164467375],[-5.806511668275421,43.38080648987331],[-5.805721992965166,43.38046572627007],[-5.805192966401477,43.38029863649105],[-5.803810371646937,43.380062451431506],[-5.800772914246492,43.37994180087456],[-5.800274154645035,43.37983339535221],[-5.797672270588757,43.37962446995736],[-5.797180223580867,43.379661792462244],[-5.795616447323619,43.38017315993596],[-5.795716532908397,43.38004459872707],[-5.796938302326855,43.3796005827265]]],[[[-5.820252489237069,43.38406974264417],[-5.8200307050118445,43.38443537018834],[-5.819997907001677,43.38457660277876],[-5.819973523347233,43.384346742746025],[-5.820213163408624,43.38389450234484],[-5.820252489237069,43.38406974264417]]],[[[-5.808390402791747,43.38450927853254],[-5.808440361081054,43.384990921423494],[-5.808416745398956,43.38507946140297],[-5.808390402791747,43.38450927853254]]],[[[-5.819886297859667,43.384831873652686],[-5.819820706671208,43.38480070646393],[-5.819874979560874,43.38458788828857],[-5.8199356615692075,43.38461779269898],[-5.819886297859667,43.384831873652686]]],[[[-5.819763131078878,43.38483801114319],[-5.819782914318378,43.38507175463955],[-5.819662474085247,43.38532941942714],[-5.819651041680727,43.3850829590095],[-5.819763131078878,43.38483801114319]]],[[[-5.819609826902895,43.3853461411643],[-5.819550392233077,43.38557455607718],[-5.819539417353841,43.38533795168954],[-5.819609826902895,43.3853461411643]]],[[[-5.808710245048032,43.38588467419816],[-5.808709684848463,43.38607576333086],[-5.808698965792118,43.38584378488839],[-5.808710245048032,43.38588467419816]]],[[[-5.819413710696787,43.38562109559982],[-5.819487706510629,43.38561926991854],[-5.819352282704838,43.386162842342195],[-5.819209279728779,43.386205141901684],[-5.819105387682792,43.38616893345091],[-5.819413710696787,43.38562109559982]]],[[[-5.815064602775591,43.386808778354066],[-5.814997603799039,43.386720390273474],[-5.815033009282857,43.386662378739416],[-5.815052848770499,43.386719029367484],[-5.815064602775591,43.386808778354066]]],[[[-5.815150559169042,43.38689669937684],[-5.815220748735065,43.38698500876177],[-5.8151717653875705,43.38699274418699],[-5.815150559169042,43.38689669937684]]],[[[-5.815313109377299,43.387072771884895],[-5.815302640966957,43.3871529353868],[-5.815296507385864,43.38702051105842],[-5.815313109377299,43.387072771884895]]],[[[-5.815680319540332,43.387513917144744],[-5.815559694875408,43.387426850721134],[-5.815513057615227,43.3873379612659],[-5.815685334568359,43.38741899291028],[-5.815680319540332,43.387513917144744]]],[[[-5.818327691449384,43.391410349366595],[-5.8153039172915975,43.389845839825256],[-5.811297769512292,43.388648740997155],[-5.811183006959899,43.38852502680959],[-5.81141452476173,43.388503807593736],[-5.816050399703432,43.38996912036102],[-5.818410387397333,43.39113819438207],[-5.818383142782204,43.39131894327791],[-5.818481541609247,43.39140655482792],[-5.818327691449384,43.391410349366595]]],[[[-5.8250356491503625,43.392034153388074],[-5.825030420990051,43.39192168597766],[-5.825153192544229,43.391906750378595],[-5.8250356491503625,43.392034153388074]]],[[[-5.824244505389745,43.39360749251231],[-5.824120830651001,43.39360307229456],[-5.824244214810518,43.39360124022332],[-5.824244505389745,43.39360749251231]]],[[[-5.822549525453947,43.3963482989586],[-5.82378344168739,43.39406685406538],[-5.824008727509057,43.3938812099509],[-5.824006053507063,43.3937901139399],[-5.824128818799405,43.393774957195],[-5.824014446239252,43.393881068623244],[-5.824080338053616,43.39405951703529],[-5.823785923957008,43.39469706158743],[-5.823812223538131,43.39493300560374],[-5.823945487915947,43.394873195269184],[-5.8241899123484675,43.39432692422121],[-5.8247121698595175,43.39368374672199],[-5.824936262615873,43.392957899764944],[-5.825330359682889,43.39285811811952],[-5.82505537442878,43.39268483985219],[-5.825060473185583,43.3925681554578],[-5.825207691433778,43.392320920436674],[-5.825536608824987,43.39218675757576],[-5.8255189994625525,43.39204310809534],[-5.8260055145477825,43.39165000952127],[-5.826351296065801,43.39103210273893],[-5.826498585240667,43.390578267468825],[-5.826446215717219,43.39050698461658],[-5.826169545836553,43.39094655947395],[-5.825421445127261,43.3915052896092],[-5.825271355627207,43.39179268732692],[-5.825150475931754,43.39184831326897],[-5.825138357281198,43.3915876265704],[-5.824289724610664,43.391923814232065],[-5.823192417777853,43.39222272664147],[-5.8213480506965265,43.39238708684278],[-5.820352306269342,43.392214500937776],[-5.8191010738735764,43.39185735767307],[-5.818742346211299,43.392108956004506],[-5.817539371828548,43.39341063523082],[-5.817222344229425,43.393598528435156],[-5.817157169282323,43.393780212105746],[-5.816869012818541,43.39405743100671],[-5.816734141357415,43.39406627583557],[-5.816666724174877,43.393972378903136],[-5.816785339157453,43.39378937824018],[-5.818498409322207,43.39176629265462],[-5.8186389562968195,43.391222595223084],[-5.818846059445006,43.39121748664859],[-5.819065034597729,43.3910804332735],[-5.819276821435441,43.39066662909984],[-5.81901482077194,43.38999788608853],[-5.818227924000396,43.389522001822606],[-5.81611341358064,43.3879534375826],[-5.816199409288028,43.38785599362341],[-5.816446161007421,43.38785246310758],[-5.816571581443505,43.38803218426564],[-5.817216223971613,43.38848496828981],[-5.817619038218845,43.38863663168191],[-5.817622195056774,43.388726592348426],[-5.81772227512468,43.38874845934866],[-5.8180085474295025,43.38835691143351],[-5.819089368775683,43.38628154184815],[-5.819155125045661,43.38634778348427],[-5.818993343396621,43.386892005693795],[-5.818714655435411,43.38725903432947],[-5.817951389463408,43.388898551969454],[-5.818092155352827,43.389075157624916],[-5.819128084534716,43.38977802713708],[-5.819627589641651,43.38990000368846],[-5.81982456317025,43.38984276790912],[-5.820537002789825,43.38865468505672],[-5.823934194983431,43.38514932060971],[-5.824252600182473,43.38460122059886],[-5.823941711257056,43.38443396878293],[-5.822842782801616,43.3846951232304],[-5.82234933646955,43.38470284288653],[-5.821614711605201,43.38483387829643],[-5.821500179764443,43.385026044652044],[-5.821356127855181,43.384852846660344],[-5.821352849541244,43.38451157800515],[-5.821601635684313,43.3845521770622],[-5.821721744686564,43.384480183275556],[-5.821749233704203,43.38430290921168],[-5.821004770829042,43.3835109427757],[-5.820679377068806,43.383300016619565],[-5.820454484991922,43.38377428930627],[-5.820212306310987,43.383876027778435],[-5.8201488926811304,43.383802183681254],[-5.82037145927447,43.38361661368395],[-5.820535821987158,43.383252402754266],[-5.8209129445232985,43.38301277170088],[-5.820884732787434,43.38324379034605],[-5.821821862293903,43.38412103870294],[-5.8219536951935895,43.38415812228032],[-5.822325072258477,43.384180237245346],[-5.822928100474195,43.38387397201844],[-5.823164272759001,43.38364300070675],[-5.82366500100798,43.38379223827451],[-5.824301934631958,43.38421596987601],[-5.824791608207953,43.38412715360938],[-5.825041623890565,43.38419419510059],[-5.826582999513186,43.38282906173494],[-5.826946149020072,43.38264380925952],[-5.82793295440856,43.38180904625215],[-5.828833135520947,43.38077967226212],[-5.82939712416305,43.37979195510894],[-5.829765604785449,43.37959638820934],[-5.829879861985648,43.37939908542697],[-5.831801666335712,43.378471854292485],[-5.8319185930503314,43.37811619101035],[-5.832157302322339,43.37794087747775],[-5.832644709015692,43.37780473071025],[-5.833384997704534,43.37708202877644],[-5.8334035505070245,43.37690149161858],[-5.833581419504232,43.37671497015509],[-5.83370779290963,43.37677802295998],[-5.833827321509724,43.376694205167496],[-5.834103071936238,43.37643395220012],[-5.834132881475267,43.376253135738885],[-5.834299348062365,43.37622839994568],[-5.834483153841019,43.37606437092816],[-5.834481155601552,43.375884343329204],[-5.834652755253744,43.375866002096444],[-5.834850169809062,43.37569511251677],[-5.83491854300952,43.375603377759],[-5.834830189959744,43.375515530991734],[-5.835005847077654,43.37549692830764],[-5.835326478250031,43.37523310268176],[-5.835369842567917,43.37496191097759],[-5.835557341688802,43.37486722004169],[-5.835558328274543,43.37459707978583],[-5.835353243316978,43.37451212987075],[-5.83535801087285,43.37424189578909],[-5.835063277032711,43.374081288057965],[-5.835057366483522,43.37397923907864],[-5.835272338560816,43.3737938284224],[-5.835178486592902,43.3735260411168],[-5.835425955215016,43.373429862528596],[-5.835483502161886,43.373158318818206],[-5.8352603775741585,43.373014077496705],[-5.834382797741774,43.3727225383595],[-5.834136930008813,43.3727436908226],[-5.833508608537629,43.37250358754288],[-5.832263077577466,43.37226165339947],[-5.832142735008738,43.37232785929014],[-5.831847351390966,43.37288832916296],[-5.831829725358536,43.37306884320815],[-5.831979151448691,43.37333525610667],[-5.831879875704869,43.37342775494056],[-5.831579085479375,43.373476436256844],[-5.831447024485757,43.37370859654116],[-5.831295574993,43.374252580678586],[-5.831630739135509,43.374604430589976],[-5.831511651845616,43.37467899180229],[-5.83036831541908,43.37398161787063],[-5.829743062449224,43.37380741889901],[-5.829249989609462,43.373821242811],[-5.8289128404850254,43.37359128153666],[-5.828476033505226,43.373512055284785],[-5.8268878581059305,43.37345598292972],[-5.827290744117762,43.37354138660074],[-5.825904677708586,43.37354735449718],[-5.825668356911614,43.373774102599405],[-5.825283572298992,43.37377110554123],[-5.825166369305503,43.373954080428106],[-5.825196018656692,43.3742342391851],[-5.825064725061751,43.374064972784645],[-5.824941272106159,43.374064469026685],[-5.824504259673004,43.37460071792247],[-5.82305703436121,43.375716942871826],[-5.823018856634791,43.3758079246402],[-5.823186468973926,43.37589382252415],[-5.822942028649654,43.37598989980926],[-5.822337759021266,43.37647621099199],[-5.821725686628259,43.37746055859996],[-5.821669984818838,43.37804567686006],[-5.8214815000546665,43.37845701264739],[-5.821528843658388,43.37863592092987],[-5.823771619349506,43.38077224611593],[-5.824269480685881,43.380860256439945],[-5.824633954058786,43.38073419963986],[-5.826439032920395,43.37973253403993],[-5.8278259655919475,43.37911053711769],[-5.8298058801134465,43.37780956227108],[-5.830532570371987,43.37742283340791],[-5.8310041032119,43.3770331978335],[-5.831395451623194,43.37641103256118],[-5.831826546051696,43.37604019614092],[-5.831971052316649,43.375586422094216],[-5.831911637473539,43.37522774010036],[-5.831647462803276,43.37487413202005],[-5.831761031039502,43.374733055450264],[-5.8321050091855255,43.375132909291885],[-5.832363270852717,43.37602689440837],[-5.831942175555234,43.37621740787308],[-5.831571148807211,43.37649671775892],[-5.831243477806819,43.37704506803093],[-5.831210746009109,43.377406033305924],[-5.831119997164197,43.37749832019377],[-5.830658416267301,43.37756203387748],[-5.8301751477561945,43.37778713854627],[-5.828016564304044,43.37914772257734],[-5.824323751677853,43.38108795883964],[-5.824115238258929,43.38127318924545],[-5.823672668042979,43.38129957103996],[-5.822951257000125,43.381714233197734],[-5.822873713965768,43.38166401910987],[-5.823512160353497,43.38119805322032],[-5.823580506512675,43.38083621021261],[-5.82145562808713,43.378746438560164],[-5.821327803209036,43.37865192420779],[-5.821082564747262,43.37868725556575],[-5.820698156472249,43.37910662116152],[-5.820061099706959,43.38020280732986],[-5.8200187597358735,43.38092416091032],[-5.820121294139334,43.38110170773897],[-5.81983406417306,43.38104449830921],[-5.81952361436494,43.38120649456142],[-5.819309141611548,43.381481901843614],[-5.819200294707988,43.38184474151582],[-5.819281537416874,43.38220289150418],[-5.819523917956327,43.382342207591336],[-5.820639278780329,43.382435812340624],[-5.821373061603341,43.3822872069034],[-5.8214926617817655,43.38220433754775],[-5.821866058440575,43.38227022325152],[-5.822560931945622,43.381851822336884],[-5.822707780105745,43.38178774772434],[-5.822758684412823,43.38184693770855],[-5.822011827793689,43.38240561518794],[-5.822026639995215,43.38258532651666],[-5.822411021361165,43.38284594915712],[-5.8223895475746605,43.38291002693705],[-5.821884095168946,43.382658791254265],[-5.821516745276795,43.38272324020131],[-5.821474564923238,43.382508920226854],[-5.821257173474649,43.38245007018963],[-5.820887836821006,43.38247169069766],[-5.820523925116405,43.38261024335375],[-5.820026414299947,43.382529986511514],[-5.819494128961102,43.38255780071987],[-5.819438148339558,43.38282929762044],[-5.81956074261281,43.38313617657775],[-5.819700646744209,43.38318297507234],[-5.819583258088792,43.38363606435274],[-5.819796124807067,43.38372085047047],[-5.819468078841055,43.38379991405396],[-5.818976999385129,43.383858527930535],[-5.819174914467778,43.38373617758266],[-5.819091675004453,43.38366933268701],[-5.818724510544639,43.38373797648831],[-5.818530348198752,43.383662038820255],[-5.819118375746504,43.383377418157245],[-5.818993770752663,43.38284026067301],[-5.8188313121672,43.38248411390411],[-5.818691307426279,43.38239752876767],[-5.818820673455342,43.38230429918201],[-5.8187124155441685,43.38167669948063],[-5.818994099029574,43.3810394809938],[-5.818923873205769,43.38086113615917],[-5.819039532491791,43.380318051455134],[-5.8195456201612155,43.380148448345665],[-5.820435000074727,43.378572884793876],[-5.820379196092256,43.378484223468355],[-5.820207770204119,43.37845610875707],[-5.819349977777671,43.37859147913693],[-5.819242247102253,43.378930243020164],[-5.819121253338677,43.37898298958943],[-5.818736692009161,43.378675779474484],[-5.817878722634492,43.37880747049547],[-5.817523867511425,43.379141140771566],[-5.8170318382837,43.37917848899318],[-5.816830774631806,43.37902193851066],[-5.816709635192542,43.37875480859557],[-5.816930077925535,43.37856929756151],[-5.81749415906518,43.37850005183004],[-5.817748911790237,43.37866998693697],[-5.818117638285798,43.37863567463849],[-5.818669524004031,43.37852640635168],[-5.818783259112545,43.37843356232967],[-5.81879810368863,43.378253118917605],[-5.818431187577756,43.37790201442862],[-5.8184636894472375,43.377811174184586],[-5.817819074281725,43.377520423712824],[-5.817075964499931,43.37746667983522],[-5.816344733966808,43.377669372734516],[-5.815603341943448,43.37842191708194],[-5.815945168372203,43.37859357167427],[-5.815589018875132,43.37878242451958],[-5.8155171877406895,43.37914434883629],[-5.815664177579965,43.37950088170809],[-5.8159491970508865,43.37978991826143],[-5.816455310741459,43.38005648515394],[-5.817326768424016,43.38021542392128],[-5.817533467934399,43.38008507868021],[-5.817813713365403,43.380068200512845],[-5.818542000043515,43.37980149932704],[-5.818897833823474,43.37948897885801],[-5.818971088128115,43.37950939245202],[-5.818547398805254,43.379970036389345],[-5.818065634691484,43.38017688478094],[-5.817453970639277,43.380296562154136],[-5.816339984047124,43.38023166857381],[-5.8160843390612325,43.38004253180853],[-5.815838343124791,43.380061696041246],[-5.815665209601174,43.37995104938143],[-5.815545964584535,43.37968387157663],[-5.815320398427666,43.37953957583166],[-5.814880866243097,43.37979029513272],[-5.8145550353974285,43.38042859102125],[-5.814433813633561,43.38106184689696],[-5.814297887116886,43.3811552331032],[-5.8143781551236176,43.38178352651868],[-5.814512778905535,43.38187024950777],[-5.814327288413175,43.38208560272276],[-5.814337332297108,43.38223472489507],[-5.814460703242062,43.382300933357314],[-5.814602338291118,43.38222819807518],[-5.814492956658211,43.38214085350877],[-5.815651552926511,43.381359257477754],[-5.816135893656259,43.381155530525824],[-5.816275599289403,43.38119654866453],[-5.816145879761102,43.381371110557915],[-5.8148295854944285,43.38226946941417],[-5.814488676137297,43.38268119049403],[-5.814534532188725,43.38286013826738],[-5.814158600420792,43.38313951244039],[-5.813872750496233,43.383506705838506],[-5.813533297220824,43.38486564259736],[-5.813562749491308,43.38558522596195],[-5.8137143216896865,43.385941648204714],[-5.81389310094325,43.38604001967853],[-5.814319225877092,43.38592675234847],[-5.8144780742559306,43.38574276304718],[-5.8144393979166,43.38450716382777],[-5.814764201906772,43.3835234824509],[-5.815224667754921,43.38280378168756],[-5.815363778036957,43.38283971130399],[-5.815295229965453,43.38302147725654],[-5.814818199437018,43.38366349855378],[-5.814492167443044,43.38466195322535],[-5.814514339434777,43.385291677080154],[-5.814746788144595,43.385813473236674],[-5.814993922955216,43.38581839196971],[-5.815236352904951,43.38572172483252],[-5.81573032372084,43.38572512564886],[-5.81609415035665,43.38558410348618],[-5.816956113811708,43.3855364628703],[-5.817441405280232,43.385352639699185],[-5.818053990817788,43.38525175045052],[-5.818107860590095,43.385383191015954],[-5.817574773782337,43.385566564885444],[-5.816960872207452,43.38563914167708],[-5.816773991120399,43.3857762319323],[-5.8163554966949516,43.385895768019274],[-5.815986431410806,43.38592373715492],[-5.814967763511543,43.3861808940926],[-5.814867803600864,43.386273394956724],[-5.8149860237898645,43.38663063699241],[-5.814909445447814,43.386660033748555],[-5.814646673051753,43.38631748811294],[-5.8145218317465694,43.38628753863387],[-5.813929115929606,43.386476590532716],[-5.813920844180022,43.386639310193345],[-5.813667668240506,43.38650395588698],[-5.813273874750122,43.386582762125435],[-5.812452382100924,43.386920276372045],[-5.812345904458373,43.38728722166596],[-5.811983748612445,43.387464764440786],[-5.811567379488318,43.38734506941445],[-5.811084405917681,43.386704858837234],[-5.810331935111634,43.386450966785986],[-5.80993377131926,43.38584961409796],[-5.809195111340408,43.385894225514186],[-5.808914957671427,43.38578960388081],[-5.8086845368496185,43.38553151387676],[-5.808557795453181,43.385618305361625],[-5.80854532985925,43.38519054489543],[-5.808682209169399,43.38548113777664],[-5.808767947780816,43.385252985865236],[-5.809275747048443,43.384967750498014],[-5.809385949526591,43.38468107127888],[-5.8095215195245915,43.38469422974501],[-5.809768095734426,43.38493619472175],[-5.809892860482122,43.38496459904112],[-5.810007775954802,43.38486235092726],[-5.809924839351608,43.38468431313502],[-5.809981889286922,43.384502833133084],[-5.810282277019778,43.38431536911208],[-5.810407409984297,43.38404217596049],[-5.810456504545365,43.38359077557546],[-5.810342753788643,43.38341349588947],[-5.810329503765368,43.3831437059407],[-5.81068692222738,43.38295483828975],[-5.8105886631739985,43.382777177800186],[-5.810120235758707,43.382518581962586],[-5.810265782798924,43.3823349255222],[-5.810276350933309,43.38215458840128],[-5.8101579845302584,43.381797344758915],[-5.809953691794681,43.38162229112369],[-5.8101591781173365,43.38143716091958],[-5.81015282117987,43.38134727861905],[-5.810000134330421,43.381260994624],[-5.810020184434269,43.38117046296824],[-5.810328561294315,43.38103736664848],[-5.81058612102864,43.381066506613074],[-5.810344538205267,43.38053221626725],[-5.810131417248531,43.38035738001924],[-5.810254213863775,43.37999420572591],[-5.810249580202392,43.37963416510364],[-5.810168415728246,43.379546122412535],[-5.810299553262724,43.379362820222774],[-5.810335651573261,43.37900177787614],[-5.809982747298973,43.379010456152876],[-5.810334752523382,43.37850079969565],[-5.8105856637509925,43.37791516526444],[-5.810826763938221,43.377639119225144],[-5.810783395550935,43.37755014727343],[-5.811070798887512,43.37736300048068],[-5.811214735444079,43.37690926634808],[-5.811370509590318,43.37687463824265],[-5.8116226571999645,43.37698875702285],[-5.811976491301512,43.37663256368012],[-5.812044640736701,43.37643865414705],[-5.811933891005267,43.37626130200491],[-5.8119695787955035,43.37608034649075],[-5.812176708594645,43.37562383607481],[-5.812535616043354,43.37537756320272],[-5.812835975480611,43.3754287532255],[-5.812891260946643,43.374977198963485],[-5.812744045743465,43.37471070646339],[-5.812736737729228,43.37438865495527],[-5.812864656088682,43.37448567982943],[-5.812984127513655,43.374400095216636],[-5.81310875915473,43.374426063848446],[-5.8133663554259245,43.374658107038876],[-5.813615212808452,43.37470123943118],[-5.813858202036702,43.37461755041653],[-5.8139867445316336,43.374728013135574],[-5.814402929180914,43.37439974744445],[-5.8154369693136845,43.37405960920713],[-5.8160382479214405,43.37371692070517],[-5.816537879085283,43.373626838429026],[-5.816722662287857,43.37335216791478],[-5.816619821175886,43.373264664032966],[-5.817856582278938,43.37300262010374],[-5.818706332856145,43.37269536578712],[-5.818945255176324,43.37252426397047],[-5.819094194724807,43.37257337955689],[-5.81991607429176,43.37216643406434],[-5.8204072594562,43.372112146391984],[-5.820792139268559,43.37242697506037],[-5.821590175794921,43.37233170143548],[-5.8216472207963,43.37223511033537],[-5.821894391053009,43.37224197535882],[-5.822012422660027,43.372125729886655],[-5.822258970085164,43.37211918293377],[-5.822389897849496,43.372280831800964],[-5.822752404869331,43.37211341628517],[-5.8230023244223785,43.37217951587468],[-5.823247025243347,43.3721331900969],[-5.8234110520323545,43.371836534431864],[-5.823188752902071,43.37094163965655],[-5.823223820942069,43.37067065721915],[-5.823000421075173,43.37049609873275],[-5.822929388694526,43.3703177760369],[-5.823023173790752,43.370135381863975],[-5.823413167317461,43.37003570834323],[-5.8233350418403695,43.36967748372702],[-5.82314241792583,43.36941212641837],[-5.823228030763789,43.36931997266342],[-5.823158537788557,43.369141612049035],[-5.82322525054817,43.36900539116067],[-5.8235872566448315,43.369491174796075],[-5.823895973441851,43.37016038004966],[-5.8247623181642325,43.3702119106489],[-5.826380509107295,43.37050689226944],[-5.826996476353279,43.370482274876004],[-5.827870324949955,43.37069503375874],[-5.828115095103162,43.37065040747797],[-5.828345006882437,43.370286292328096],[-5.828707337332386,43.37011568573493],[-5.828942641978001,43.36986762719598],[-5.829309818617025,43.36980128326565],[-5.829434685679357,43.36970669977919],[-5.829482839589996,43.369615468820705],[-5.829364506021011,43.369528360012744],[-5.829535810560526,43.36935313060997],[-5.829903948136206,43.369307519399],[-5.830145100001628,43.36918528760048],[-5.830261560571249,43.36905595298253],[-5.830251167428343,43.36887613301776],[-5.830741409419679,43.36873863124839],[-5.831184987106237,43.36849284686671],[-5.831205411565805,43.368312263478686],[-5.831078546359396,43.368225367804435],[-5.831081988065282,43.36810105795976],[-5.8312091577864535,43.368181668590594],[-5.831331202400212,43.368152175293105],[-5.83155757274193,43.36771258990973],[-5.832179217286316,43.36781055278714],[-5.832421003009186,43.367702155629175],[-5.83254709822149,43.36775967396902],[-5.832661421376355,43.36756441673077],[-5.833281990993317,43.367639299018954],[-5.833654463679792,43.36744121379121],[-5.833756986740472,43.3672585941638],[-5.833715213507749,43.36698951394743],[-5.83322727420523,43.36646463411551],[-5.833099904484867,43.36637970701312],[-5.832977393109116,43.36639908441364],[-5.832739289110714,43.36658640675098],[-5.832608897242236,43.36643657488281],[-5.83260139555645,43.36627548710145],[-5.8329903527304,43.365746944127835],[-5.833056901062006,43.36545641143545],[-5.83207864881268,43.365650655884586],[-5.83184293861729,43.365889395779135],[-5.831106317626618,43.3659722508983],[-5.8294608937571075,43.366554696448944],[-5.828550446039188,43.36674217529147],[-5.828237334306581,43.36694513964226],[-5.827214390589058,43.3672048523111],[-5.8270983650704204,43.36736384805673],[-5.826728751543386,43.367377495047684],[-5.826491240303139,43.36757806863688],[-5.826241124534438,43.3675074137935],[-5.825876992996471,43.36763907756175],[-5.825759544617989,43.36776753898943],[-5.825025066401172,43.36789719949606],[-5.824425549403215,43.36827552098915],[-5.823272796532742,43.36868859570506],[-5.8232194787512155,43.3688810489256],[-5.8230954338582315,43.368867565174874],[-5.822965780938,43.36873325460503],[-5.822722404702783,43.3688078336061],[-5.82259658511785,43.368756103281676],[-5.822420252998896,43.368799693745004],[-5.822372802694803,43.36889090438467],[-5.821494487010055,43.36894301648498],[-5.821256487638572,43.369133567244745],[-5.821006714255603,43.369070304475265],[-5.820639039999289,43.369126022919154],[-5.82039862849764,43.369264630467036],[-5.820025928924231,43.369212004012375],[-5.819637815982325,43.36931857415521],[-5.819533296409471,43.36941119171471],[-5.819546974925254,43.369529633314876],[-5.8190533100855415,43.36952999209083],[-5.818585796586345,43.369794720115905],[-5.818342027206928,43.370160893499005],[-5.817862214310426,43.37046041212448],[-5.817720413427345,43.37071644828693],[-5.817356907176764,43.37099552680799],[-5.816746075504724,43.371280700614406],[-5.8163526946142365,43.37183062843756],[-5.816071106848569,43.37176109433331],[-5.8158291800853,43.37186742101335],[-5.815593804169957,43.372115258993034],[-5.815222611030803,43.372095467330006],[-5.814987578438462,43.372350794027525],[-5.814739647268649,43.37232748360744],[-5.814504258991657,43.37257518729007],[-5.814015866369616,43.37269002187692],[-5.813766172197346,43.372628630366926],[-5.8136040301241145,43.37279872328732],[-5.813445687579152,43.37334285397834],[-5.813237987283426,43.37361808339886],[-5.813072000658628,43.37363145788986],[-5.81296026637924,43.37388427101197],[-5.812722166751026,43.37407363684441],[-5.812706979809235,43.373991309195596],[-5.812342934321023,43.373880254521275],[-5.812101279187976,43.37399277569443],[-5.811738122958457,43.373835074260576],[-5.811651453800532,43.37365712926997],[-5.811464228465123,43.37356227611882],[-5.811097156185537,43.373940881917314],[-5.8107258330063845,43.37413009291696],[-5.810494349191894,43.37431586362214],[-5.810480694671982,43.374496276851346],[-5.811016627002818,43.37455984135923],[-5.81112939592909,43.37466039849122],[-5.811060992616414,43.37502223594343],[-5.810766869444674,43.375209548019434],[-5.810753308579279,43.375750113722184],[-5.810597483553765,43.376173391528205],[-5.810467261713146,43.376117303750476],[-5.810423893897517,43.375848254247195],[-5.810613192757306,43.37566352124524],[-5.81061001181452,43.375393483400764],[-5.810059351789852,43.375212712034696],[-5.809452954059225,43.37544564863975],[-5.8093245594765195,43.37533824388443],[-5.809201263811266,43.37534120012945],[-5.808711767837477,43.375432843414615],[-5.808592247500862,43.375517542388074],[-5.808345486550135,43.375519799960394],[-5.808166862404627,43.3758137008462],[-5.808239814790174,43.37590437787824],[-5.808660768205508,43.37589160152379],[-5.8085994966534455,43.375983146121015],[-5.808669197430502,43.37607147174457],[-5.808373753021054,43.37613182676222],[-5.808137442365866,43.376360423855864],[-5.807748769588766,43.37596259943316],[-5.807499620446718,43.375913172217956],[-5.807256937509414,43.37600379748197],[-5.807103147474708,43.376380067204316],[-5.8071508275813075,43.37664901206425],[-5.8073709888779455,43.37691371976661],[-5.807229404934096,43.377187313968136],[-5.807069417005123,43.37728934295247],[-5.8067033664731005,43.377110196336126],[-5.80655853168712,43.376917996755814],[-5.806187951794149,43.376912070803726],[-5.806009195708197,43.37712724350663],[-5.806019135236925,43.37730707683154],[-5.80608609637914,43.37737968211036],[-5.8062066567046084,43.3773173645516],[-5.8063180906131855,43.377389774383325],[-5.806342014628275,43.37757566419892],[-5.806712900303914,43.3775601556216],[-5.8066664163297785,43.37783141334671],[-5.807026511120092,43.37827276211596],[-5.806997983494024,43.378415785184714],[-5.806583850028593,43.37837367325392],[-5.806776682283951,43.37854901454677],[-5.806392447910805,43.37866833621549],[-5.806280427103862,43.378915722240926],[-5.806028670401859,43.378810034907914],[-5.805908255135084,43.378875562194025],[-5.80577744340706,43.378753630184576],[-5.805896430635416,43.37857063132365],[-5.805584431254519,43.37839821425805],[-5.80546462018501,43.378221078299674],[-5.805258393193508,43.378167593298016],[-5.804921516192569,43.378234410122644],[-5.8048659543544066,43.37805569650487],[-5.804949289106405,43.37796361236936],[-5.804874911334054,43.37788215128235],[-5.8045041974215055,43.37787344457379],[-5.804265138551388,43.37804291146701],[-5.804019360107086,43.37806670076877],[-5.803891998965781,43.37798162387555],[-5.803956232292633,43.37825809900953],[-5.803836092132436,43.3783510854693],[-5.803655168974902,43.37819947382201],[-5.8034114935359815,43.378268893152345],[-5.803284930654637,43.378201121245006],[-5.802917054534202,43.3782540108746],[-5.802672148761275,43.378296762332376],[-5.8024379359936455,43.378571515753016],[-5.80194487371722,43.378586556782956],[-5.801766889904246,43.37840183576627],[-5.801440660372045,43.37835958571516],[-5.800713115658711,43.37864367048753],[-5.800344229500067,43.37867473769926],[-5.800092291820086,43.378564875572295],[-5.799726898382487,43.378671790247424],[-5.799477530337482,43.378617713012574],[-5.799233336643784,43.37867601634926],[-5.799106804928345,43.378608839593646],[-5.79886476149214,43.37871386098029],[-5.798495844017019,43.37874427830866],[-5.798255107920733,43.3788777402303],[-5.797638815999081,43.378897421482755],[-5.797265691335742,43.378836430591655],[-5.797028018674653,43.37903655073671],[-5.796823348947051,43.37906316392378],[-5.7969527798938145,43.379150034849694],[-5.796681054110236,43.379426801217555],[-5.796180068087897,43.379387243425064],[-5.7960620539549295,43.379505239182734],[-5.79545111997022,43.37964160726999],[-5.795163666742976,43.379644003435516],[-5.794869764256546,43.37947111437192],[-5.794824085916533,43.37929215408701],[-5.794569512447393,43.37926043839556],[-5.794403428155499,43.3794825186172],[-5.794670439914645,43.379566027795434],[-5.794724157590944,43.379654752815284],[-5.794594000576135,43.37979320549132],[-5.794473690055186,43.379861322999815],[-5.794337044637418,43.37957403472451],[-5.794075962429453,43.37985068051393],[-5.794108278624905,43.37996823095704],[-5.793440039020178,43.38004630456021],[-5.794001979357756,43.38034125552316],[-5.794319585915782,43.38038495589442],[-5.794252183701321,43.38041347786331],[-5.793882266329992,43.38042241251199],[-5.793007652277773,43.38019351688629],[-5.792154500526077,43.38043181156462],[-5.790678374606936,43.38054480490106],[-5.789686370223939,43.380447586850536],[-5.788681054313612,43.38006008679215],[-5.788331761808013,43.37972086596517],[-5.788227687557432,43.379363250329725],[-5.788216341336735,43.379003372172974],[-5.788392967910486,43.37863890757269],[-5.789087061669983,43.378146991579605],[-5.789909385543439,43.3777915477883],[-5.790291041420445,43.37748452995595],[-5.790536280313691,43.37744891448669],[-5.792143626525581,43.3775070564618],[-5.792440963638941,43.37781975381482],[-5.792372788571682,43.37827161341366],[-5.79268232591278,43.37848577341287],[-5.79305401222807,43.378515598943906],[-5.793754946603137,43.3784179093474],[-5.793865376966159,43.37832517084638],[-5.793805399852453,43.37814655969277],[-5.793896367675967,43.378043005213655],[-5.794146013268998,43.37810328075237],[-5.79423556857449,43.378226081002786],[-5.79418896759778,43.37831725918574],[-5.794408492592346,43.378442787870775],[-5.795140198785871,43.37824863153982],[-5.79533159756131,43.37810923754567],[-5.795406646016465,43.377927324298874],[-5.795273312405838,43.377570430847946],[-5.795355265582482,43.37755673197304],[-5.795680929848229,43.37765049833343],[-5.795761104484318,43.37782861437196],[-5.7959934779909466,43.37801402376683],[-5.796116853035645,43.37801266001726],[-5.7962288030765965,43.37776286531477],[-5.796377265633003,43.377903577194054],[-5.796607897769901,43.37795382128959],[-5.79668182340384,43.37789612420535],[-5.796596432705844,43.377704551428444],[-5.797032581143915,43.37752738471946],[-5.797075438366645,43.377384069147126],[-5.797581262322365,43.377646578275275],[-5.797827936706503,43.37764224007439],[-5.797946845682659,43.37754384001029],[-5.798440676934487,43.377545667104684],[-5.798649889168748,43.37739774946168],[-5.7986755715411045,43.377285413952805],[-5.799543541013439,43.37737045894168],[-5.800158818397499,43.37732909837394],[-5.800320473187467,43.37726678579312],[-5.800275484935499,43.37718210201863],[-5.799968918672654,43.37718536127274],[-5.800124111077037,43.377091519981406],[-5.800759865867477,43.37697882726346],[-5.801055852831176,43.37706868572879],[-5.801104175647937,43.37715753998701],[-5.801010091870272,43.3772498848048],[-5.801149725477467,43.37740325651032],[-5.8016399841076,43.37732757187393],[-5.802123511441172,43.37710584983199],[-5.80225649120829,43.3773129356566],[-5.802306275276659,43.37703802959252],[-5.802484266807628,43.376898598556124],[-5.80261223291925,43.37699689429808],[-5.802857278029729,43.37695727740849],[-5.802986033123228,43.37707267243654],[-5.803035935223604,43.37684005704423],[-5.80309709787836,43.37680432138137],[-5.803225354813927,43.37690890840892],[-5.8033020903705195,43.376833528350275],[-5.80309147422379,43.376682332616255],[-5.802971764736773,43.37676315058915],[-5.802810717820929,43.37657546492459],[-5.803938345936445,43.37630991760132],[-5.804301127949462,43.37614684508308],[-5.8044177364597065,43.375998854602564],[-5.804550983742272,43.37621162795137],[-5.80477034565334,43.37616723044427],[-5.804838016053482,43.37607553083346],[-5.804700151967687,43.375898837093274],[-5.8047801631334215,43.375828145897195],[-5.805030907436534,43.375912207511085],[-5.8051738181830626,43.37579717219165],[-5.804585228152241,43.3756315414638],[-5.8049605247136045,43.37535221415802],[-5.804711639041751,43.37508820668898],[-5.804995017228,43.37513417431971],[-5.805590642872554,43.374616436210516],[-5.805820330287417,43.37429524004813],[-5.80618737371241,43.37422487783443],[-5.806687937259375,43.37437315186185],[-5.806783615709718,43.374136947942475],[-5.807153512920396,43.37376344757716],[-5.807881692356381,43.3734950080672],[-5.808256439654022,43.373591626626364],[-5.808612912977059,43.37329255509249],[-5.808739996669027,43.373371702746205],[-5.808861311701466,43.37332595166573],[-5.808871538453633,43.373095220961225],[-5.809481983211154,43.3728100987355],[-5.80957319350603,43.37244770138191],[-5.810091064515219,43.37207481310616],[-5.810529167230176,43.37202470765177],[-5.810841459396412,43.37187628087869],[-5.811137824053889,43.371841457963946],[-5.811388314061502,43.371920192438864],[-5.811627948722159,43.371764114016656],[-5.811749874512464,43.37173168858416],[-5.811877048310041,43.37181276997446],[-5.81224108688353,43.371677902690564],[-5.812489388712028,43.37170930571411],[-5.812506551024747,43.372080408333154],[-5.812816281089011,43.37191772846993],[-5.8128584665563485,43.371683433079994],[-5.813108530104975,43.371752914688905],[-5.81323795360605,43.37188258890048],[-5.814104662612935,43.371941644818044],[-5.814460347234577,43.37162635580789],[-5.81548592877616,43.37122171553464],[-5.815942218118816,43.37085031796711],[-5.816393548773182,43.370728217554586],[-5.816519136026833,43.37077495428374],[-5.816560490235181,43.37047492634104],[-5.816735205617253,43.370290542587846],[-5.817465956598353,43.369899369302665],[-5.817952801993008,43.369751762435214],[-5.8183090451365445,43.369449223254485],[-5.818858002230132,43.3692477736152],[-5.819030467128195,43.36903715955399],[-5.820869498891758,43.368772849746314],[-5.821053479076162,43.36856332598219],[-5.821348741727008,43.3684617211686],[-5.821718216453242,43.36844491214596],[-5.821837669885582,43.36835945646856],[-5.822011600496937,43.3683595922919],[-5.8222129795805975,43.36846841462011],[-5.82282831761875,43.36843064555022],[-5.824280428023334,43.367808121402064],[-5.824772583001785,43.367775557012386],[-5.825499815397208,43.367489937534955],[-5.825868000791009,43.36744553029268],[-5.826481053417674,43.367168669628725],[-5.829394163706215,43.366308246951625],[-5.830485254536421,43.36588633917761],[-5.830971894442933,43.365796964914324],[-5.831105405904533,43.36561357993966],[-5.831582365015858,43.36559406895094],[-5.831819212623891,43.36537976221963],[-5.832061765603672,43.36528803367866],[-5.832795024680163,43.365133194161245],[-5.833042996962891,43.365157877117824],[-5.8332834818401045,43.36502180636632],[-5.833777024282401,43.36501961629196],[-5.834625686907762,43.36469311038337],[-5.835241065062814,43.364657194007464],[-5.835602142871142,43.364460836549064],[-5.835973584137728,43.36448681987443],[-5.8365390906174435,43.36430833331373],[-5.837195309686777,43.364221506719296],[-5.837435569415301,43.364080886772406],[-5.837682674457879,43.3640870323126],[-5.837778639186965,43.36400744292428],[-5.837570521802132,43.36383253336759],[-5.837658204005309,43.36374031742083],[-5.837541633999224,43.36370905486461],[-5.837014270666383,43.36384634405035],[-5.837058571410753,43.36393571784604],[-5.836686711553269,43.363900695040556],[-5.834611459538158,43.364387796249076],[-5.834492044653278,43.36444916455013],[-5.834495201229114,43.36454127239784],[-5.83436801802801,43.36446029655705],[-5.833633177096003,43.36458091844991],[-5.833396135829417,43.36479086596467],[-5.833020315741971,43.36467087973364],[-5.833245217983575,43.36457012228487],[-5.833630780241918,43.36452946492889],[-5.8337460491712605,43.364354703822926],[-5.83401080200287,43.364371061376204],[-5.833949062300874,43.36419251501969],[-5.834112111477656,43.364265265497785],[-5.834232682135449,43.36420433442838],[-5.834359754695147,43.364282951453475],[-5.835272288751971,43.36406965412642],[-5.835201364515384,43.36380540696679],[-5.834894898694046,43.3637188618219],[-5.835063361085616,43.36349224825809],[-5.834818465156055,43.363540680437104],[-5.83499939238732,43.36326607594336],[-5.8346314899429625,43.36309512481299],[-5.834851565504399,43.36299962693914],[-5.83481055675762,43.36282056675117],[-5.834980506505399,43.36245619583761],[-5.834381740922511,43.362106196928465],[-5.834140909488252,43.36223453526799],[-5.834031716957829,43.362029535549915],[-5.833841626574133,43.36194421078229],[-5.833863203980115,43.36185363695519],[-5.834623943386183,43.36200730456042],[-5.836128565624278,43.362517009642154],[-5.836360334010155,43.36219435346981],[-5.83648503857888,43.36222221806693],[-5.836671084811583,43.36205408881621],[-5.836753092667131,43.361691898177355],[-5.83643593463546,43.36106949941974],[-5.836200132473384,43.360895274399084],[-5.83621654207326,43.36071478962703],[-5.835907470107371,43.36036230489304],[-5.835588664890031,43.360190138338986],[-5.835012141607797,43.360024364639784],[-5.834765431196456,43.359746998584356],[-5.833888608636147,43.35946747844716],[-5.833832224929532,43.35933331965341],[-5.834142935729943,43.35896545920956],[-5.834129288926053,43.35887575886664],[-5.833601784230289,43.35860809350798],[-5.833245967527336,43.35808731281764],[-5.832608878448386,43.35756287316966],[-5.8323882939174725,43.356938068836904],[-5.831760057325029,43.35615535451739],[-5.831506634837361,43.35601274385153],[-5.8312584722563185,43.35598315140669],[-5.830868876169275,43.35556577303701],[-5.830245907778221,43.35543658637795],[-5.829347927925648,43.35566280071336],[-5.828545180683289,43.357303371551744],[-5.828073100866791,43.35803536573655],[-5.8274676378081915,43.358680619330244],[-5.827316489517047,43.35878043393175],[-5.827154015759624,43.35877841729053],[-5.827108640171618,43.35859946218736],[-5.827640298781645,43.35795603667014],[-5.828114853893567,43.357133944162634],[-5.828128576784998,43.356953526882975],[-5.827968665321338,43.356882496233645],[-5.827879470478678,43.3566895748489],[-5.827929002499649,43.35542780526383],[-5.828239064089308,43.354699821279134],[-5.8282688201822745,43.354248890527316],[-5.828389278509876,43.353975792676856],[-5.829032148346301,43.35321607613072],[-5.829868014966303,43.35261731968211],[-5.830637512406388,43.352209388949],[-5.831076215613454,43.35206577022075],[-5.831329359913088,43.35220278754423],[-5.8330303623398825,43.35163592951363],[-5.8338878383073745,43.35150253846289],[-5.833977012245012,43.35158638987643],[-5.833775612848993,43.35174216950714],[-5.833043065892037,43.3519088177541],[-5.831950708592758,43.35229783972079],[-5.830867311680152,43.35287978248567],[-5.830248403750714,43.35356960937226],[-5.830150011738873,43.35393220156609],[-5.830451368016361,43.35454820943907],[-5.831089376997723,43.355000864242896],[-5.831458138997097,43.35497055553821],[-5.83183186683843,43.355046960881616],[-5.83225450187469,43.355320685852654],[-5.832207846409039,43.35568199747938],[-5.832751309182532,43.35624357302579],[-5.832921817731164,43.356204533723705],[-5.833108640256884,43.35596761477324],[-5.833233938306346,43.35600853471219],[-5.833312028928372,43.356194859924464],[-5.833745297655619,43.356544272391936],[-5.833495377913448,43.3567305469405],[-5.833513360382262,43.35682013988771],[-5.833825849082641,43.35708250783483],[-5.83385077239099,43.35735200622387],[-5.834128022447247,43.35752520834014],[-5.83418060272189,43.35778863461604],[-5.8344240012580775,43.35771577203345],[-5.834334051738839,43.35752009860455],[-5.834597193690021,43.35715341666028],[-5.834625512614528,43.35674381558532],[-5.834882034086568,43.356952717209786],[-5.83561638998729,43.356823705155016],[-5.8361119572962235,43.356866388799965],[-5.836718635623442,43.35664558059947],[-5.836969212039648,43.356726830315665],[-5.838078617481088,43.35670233177027],[-5.8381977946844135,43.35661192629943],[-5.838446417422887,43.35665125690564],[-5.83893402705379,43.35652337367374],[-5.839642952456011,43.355857644759375],[-5.840526058625225,43.35484527078067],[-5.840326727386679,43.35463762015873],[-5.839696631964798,43.35435592852054],[-5.839450397113732,43.35436758607664],[-5.839087783385664,43.35452950634794],[-5.839082466754645,43.3544155529463],[-5.839325281763679,43.354330596813625],[-5.839818287757684,43.35431878074726],[-5.840316759576261,43.35442406984288],[-5.840698545109787,43.35467291777799],[-5.8413017004979615,43.35437748023469],[-5.841999760337494,43.35417835920761],[-5.842772036874538,43.35415621292084],[-5.842898184073522,43.35421525204539],[-5.843089719889806,43.354061209047394],[-5.842875995918514,43.35374031357857],[-5.842237088848664,43.353270008636436],[-5.841737104498675,43.353132194865424],[-5.841187665237907,43.35311808645437],[-5.840729061249949,43.352683446591364],[-5.839978879696813,43.35247204812109],[-5.839846355920986,43.35227622412155],[-5.838335175896576,43.351621039511556],[-5.837961349752471,43.3515422420984],[-5.836839685378058,43.35025481974639],[-5.836279724116413,43.349876363354866],[-5.8354171473798075,43.34989966517219],[-5.83493180850984,43.35007533268344],[-5.834563178276985,43.3501077967001],[-5.832084521257817,43.34987053537987],[-5.829332565125342,43.349061971053196],[-5.827758373246937,43.348859188005115],[-5.825851837808605,43.348499333302776],[-5.825349264661338,43.348304100761254],[-5.824586445511624,43.34781805831847],[-5.824336365403582,43.347746345422884],[-5.823719257952758,43.34774145132688],[-5.82249272068343,43.34789722344741],[-5.821873045051072,43.34783696650911],[-5.8183771516952145,43.346943801033106],[-5.8176134181693975,43.34649863172302],[-5.817356221728991,43.34621066205095],[-5.81723449541907,43.34624624077051],[-5.8171905654950615,43.346058861235555],[-5.815646395921538,43.344386174653756],[-5.815659782629425,43.34420899014464],[-5.8158369089838144,43.344471519769954],[-5.817860087394247,43.346434746620055],[-5.818620099319552,43.34686171104332],[-5.822362262086606,43.347744491593815],[-5.822855338462597,43.347735263829755],[-5.823712258433586,43.347590573999426],[-5.8244553172229425,43.34765100401805],[-5.825969632441382,43.34837908986112],[-5.827958606427413,43.348700557528886],[-5.828576331271076,43.34871852214817],[-5.828828204779598,43.348828627043346],[-5.8301985911879965,43.34911304611571],[-5.831952781907055,43.349690892312594],[-5.832699961414282,43.34983913350197],[-5.833688209624886,43.34986503615602],[-5.834435810761423,43.35002219455961],[-5.834804681771626,43.34999490942221],[-5.835289874102494,43.34981610192832],[-5.835901832019076,43.349710017090935],[-5.836522651687708,43.34979411965642],[-5.838078757929754,43.351414107549374],[-5.839337282788159,43.35194331516488],[-5.840336868776327,43.3522113503039],[-5.841342672020003,43.35261235618346],[-5.842468503336866,43.35294117200342],[-5.842746035047427,43.35307933196103],[-5.842835604723824,43.353257181473595],[-5.842980321239967,43.35333228160636],[-5.84345616568958,43.35333178137883],[-5.843598258307225,43.35359836221615],[-5.843734306260486,43.35362461853844],[-5.84425454720289,43.354195634462556],[-5.844627865753333,43.35426304828378],[-5.844871279813675,43.35419108596849],[-5.844999163906686,43.35428723043106],[-5.846740981384427,43.35459436254264],[-5.848121282655607,43.35508603699802],[-5.848741940600583,43.35516514989304],[-5.85024490999989,43.35564074618186],[-5.850615751842874,43.355654962205264],[-5.851115961900191,43.35579671817452],[-5.8517291057886505,43.35571526507535],[-5.852357088953494,43.35595040708585],[-5.8526032290334395,43.35593664773253],[-5.852853689634656,43.356015041784325],[-5.853467246875969,43.35594240722849],[-5.854346291250297,43.35626849110731],[-5.854231081240216,43.356442941075684],[-5.853738094578062,43.356455469069545],[-5.853364279162081,43.356377961900705],[-5.853243832613178,43.35644080536546],[-5.852622951872342,43.35635734221312],[-5.852121067030966,43.3561800306681],[-5.851505496105645,43.35620978226988],[-5.851250795216894,43.356040878762606],[-5.850512408152847,43.35608291998729],[-5.850257774699373,43.355915385658754],[-5.849886697175652,43.355896170000285],[-5.8497582583632495,43.35578842090146],[-5.849008632460513,43.35559038498998],[-5.848402279058336,43.35554961478304],[-5.847886516009836,43.355342756482706],[-5.8453904512168355,43.354738891439574],[-5.844897896206584,43.35476040043732],[-5.844739036799198,43.354830513734136],[-5.844675202361879,43.35527563290379],[-5.844542626275207,43.35519555795711],[-5.844647130091851,43.35510291789021],[-5.844594264563974,43.354744078667146],[-5.844277092215664,43.35467796940795],[-5.843851828139531,43.35503267314353],[-5.843816343427792,43.355380046146855],[-5.843590522863275,43.355759485775806],[-5.843372006568187,43.3565752719042],[-5.843328115946377,43.357476751624006],[-5.84380729661013,43.358095099543306],[-5.8439456388962325,43.35814638236841],[-5.844084834130809,43.35808819269076],[-5.843857857687598,43.35773368630006],[-5.844053723821813,43.357818806561056],[-5.844221571635688,43.35808478956647],[-5.844456132330777,43.358259028934995],[-5.84445079736027,43.35839386869614],[-5.844323654668564,43.3583137573498],[-5.844201289572255,43.35833584068499],[-5.844226439998551,43.358444823396965],[-5.844457283880863,43.35853261451765],[-5.844575398561643,43.35841961293853],[-5.844974264990913,43.35860628606439],[-5.844969991358203,43.35887650867828],[-5.844600545989083,43.35895748348156],[-5.844093937646362,43.35867909662278],[-5.843411933390042,43.35819497621768],[-5.842803883101868,43.35747900347981],[-5.842684354845761,43.35756178268002],[-5.842665029020761,43.35785340285031],[-5.842869880277269,43.35901881079577],[-5.84283350359282,43.3594699094454],[-5.842980604539152,43.36000648241743],[-5.842841658531467,43.36019001647421],[-5.84279641194125,43.360461258240775],[-5.842238599390483,43.36074524934067],[-5.842102681961001,43.36095922219142],[-5.840885022449929,43.361309753351335],[-5.840772134908243,43.36153495798245],[-5.840506792688898,43.361688695879614],[-5.840178908258608,43.36205700027315],[-5.839937770835609,43.36216611804435],[-5.839803424423718,43.361931734601505],[-5.839927907526016,43.3619548333857],[-5.840503625968858,43.361418658411495],[-5.840823280162707,43.36123063512615],[-5.84087531774941,43.361101929507626],[-5.841476998752762,43.360773611389966],[-5.842090471942822,43.360697856203856],[-5.842433159206566,43.3603802552888],[-5.842403605770457,43.36020091290196],[-5.842594158382336,43.35983601822766],[-5.8425056795887675,43.35911790911137],[-5.842382422789761,43.35902285426111],[-5.841890529005119,43.35905928575905],[-5.8413931557613665,43.35897840122732],[-5.841305311704563,43.35905772153591],[-5.84129240684749,43.3594181973938],[-5.840925325971285,43.35953019190517],[-5.840568872184754,43.35982460700347],[-5.840393955695858,43.359800687046516],[-5.840669907658905,43.35952371164194],[-5.840801360836466,43.35951808674842],[-5.841153181530966,43.35924158136644],[-5.841148041383918,43.35901444594469],[-5.84136849913647,43.35878603422015],[-5.842370271216865,43.358762747327816],[-5.842486882009104,43.358617463195294],[-5.842396773911437,43.35840030792389],[-5.842522437589337,43.357676872190595],[-5.842294804454732,43.3574124177411],[-5.842417021575188,43.357122072319704],[-5.842692217753276,43.35686230009051],[-5.842755027107789,43.35643330830848],[-5.842888820052374,43.35631717675784],[-5.843428328950202,43.35504321122991],[-5.8430444930702095,43.35470581991498],[-5.84280153376013,43.35478760646765],[-5.842184405383772,43.35478381604046],[-5.841453155885568,43.35497852498248],[-5.840658981440077,43.355472238382916],[-5.839420515028384,43.35676355969402],[-5.839492622497785,43.35694184563071],[-5.839886079386353,43.35711214625511],[-5.839962850131905,43.35741621001798],[-5.839715858095358,43.3574119078148],[-5.839653452702437,43.357207965704994],[-5.839330120140552,43.35707865712383],[-5.839112304804909,43.35722141115027],[-5.838979716101543,43.3575026016812],[-5.838742461379567,43.357707012073355],[-5.838502007784592,43.35822699820339],[-5.8386741063650796,43.35888675574025],[-5.839076069399683,43.35893304809115],[-5.839051040132806,43.359031151272596],[-5.83930432391591,43.359170134319285],[-5.839536585601111,43.35885866380794],[-5.8396696785043085,43.35900833795259],[-5.839619793732329,43.35945977130901],[-5.839722095569872,43.35972734549407],[-5.840394430810676,43.35989071398527],[-5.840316688994398,43.359982684990186],[-5.840373630961414,43.360071308459254],[-5.840090289726485,43.36014635230942],[-5.839761848243732,43.3604466676453],[-5.839787073396094,43.36125638945361],[-5.83967265434045,43.361773945406085],[-5.83949373734984,43.36058458736701],[-5.839363496842159,43.360438061972104],[-5.839240114684045,43.3604384821371],[-5.83913796489054,43.36064224669986],[-5.839093983341172,43.361003494344445],[-5.839194256035068,43.36145119682912],[-5.839044077080252,43.36253539262031],[-5.839208473614008,43.36271138576718],[-5.839130885071382,43.3631635070021],[-5.839343667738217,43.36378849134768],[-5.839646529431114,43.36385798871647],[-5.839891042141174,43.363808621103885],[-5.840249908070038,43.363565319043],[-5.840615976443366,43.36347631892762],[-5.8408653094569924,43.363530219052755],[-5.84172506555717,43.36344244821757],[-5.84235657075522,43.36362355392626],[-5.841985205724676,43.36372765397495],[-5.8417345540991965,43.363645565564795],[-5.840625313805433,43.36367627797618],[-5.840015149794776,43.363823594108865],[-5.83980351504504,43.3642272585039],[-5.839635454559295,43.364321473410314],[-5.839681081459202,43.364500417025006],[-5.840001195858852,43.364762578095274],[-5.8400882563125,43.365030530508584],[-5.840456137827315,43.36533901382884],[-5.840702580659066,43.36533086392407],[-5.840956192535706,43.36547621237945],[-5.841454640703685,43.3655789710656],[-5.841816998602867,43.365410331902545],[-5.8426782633166185,43.3653543062663],[-5.843773512645678,43.36493888240966],[-5.844871728035505,43.364461354683066],[-5.845192974938203,43.36409320222245],[-5.845336654449361,43.36414286475339],[-5.84582605621087,43.364052334703345],[-5.846064714135053,43.36387792160653],[-5.846309132454527,43.36382664818966],[-5.846533721205583,43.363351619454846],[-5.846781207755225,43.36336596352379],[-5.846837347794956,43.36306182433858],[-5.846627734743702,43.36306704597803],[-5.846532149782703,43.363318037254665],[-5.845786982404556,43.36321710053686],[-5.845781486280833,43.363099613568714],[-5.846021216302112,43.36294819044319],[-5.846392006590194,43.36296036845282],[-5.8466330419932735,43.3628368856495],[-5.847124847437758,43.36279797868033],[-5.8473025808106796,43.36260004020712],[-5.847970525392358,43.362409913830895],[-5.84844953824153,43.36209788870035],[-5.848826974742774,43.36225209303912],[-5.849719675535593,43.362868241865286],[-5.850223483787107,43.36308555139142],[-5.852071917900607,43.36239106989627],[-5.853198379956553,43.36182271854489],[-5.853221361828621,43.361642067408724],[-5.852690667011998,43.361205123015566],[-5.852724725907934,43.361159797294206],[-5.852851267990549,43.361226734327296],[-5.853096204170038,43.361186852176516],[-5.853232186825739,43.361455069538245],[-5.853610345373753,43.36162449706233],[-5.853885987503883,43.3614453939918],[-5.854461735331449,43.36135939916047],[-5.8545772282062964,43.3611908088997],[-5.8548275044725075,43.36126475158214],[-5.855191955750147,43.361142048198325],[-5.85580730238423,43.36110649719601],[-5.855926450157759,43.361015852550324],[-5.85642280655636,43.36107431718906],[-5.856665346921937,43.36098347676505],[-5.856902195028682,43.360771436630074],[-5.857294307679407,43.36063991622276],[-5.858137632303414,43.36080153363963],[-5.858501594266299,43.360668617955994],[-5.8586541793385605,43.36051586816529],[-5.858538413748768,43.360158609369776],[-5.858226632818684,43.359716214563164],[-5.858066091349863,43.35927868557897],[-5.85749050376471,43.35892427574852],[-5.857663720795353,43.35882990565225],[-5.85761416277787,43.35865106754636],[-5.8573735017040764,43.35838696920886],[-5.857166385887548,43.35776187687377],[-5.8565962625875025,43.3568839388836],[-5.856469835071334,43.35681933148887],[-5.854989631538109,43.35683058875213],[-5.854727788975149,43.35674235619129],[-5.854974536710893,43.356508884758654],[-5.855349316275854,43.35660687697192],[-5.85621201422596,43.35658431254243],[-5.856456372533881,43.356532564253996],[-5.856608950811244,43.356335193213596],[-5.856501470546857,43.35570760881557],[-5.856280734338796,43.3554196098082],[-5.855094104857074,43.356427356773914],[-5.8549715069643495,43.35644431354817],[-5.854745151226169,43.356201690131805],[-5.855544888377507,43.355515560468014],[-5.855876706917415,43.35491287519458],[-5.8556707241934465,43.354827983906354],[-5.8556485541717125,43.354738499167624],[-5.855519030165917,43.35330111574064],[-5.855608455951021,43.352308454797246],[-5.85601687614015,43.35085762799711],[-5.856648547786896,43.349671335481624],[-5.85716568617186,43.34893809695329],[-5.858171784643131,43.34783247276846],[-5.859811040500643,43.346520362150144],[-5.8618746054473165,43.3451286781774],[-5.8629684631427,43.34420089149596],[-5.864980751823607,43.34288991773109],[-5.8656236474666485,43.342603682116284],[-5.866020771465397,43.342151981106625],[-5.867067278313495,43.341306929516335],[-5.868063577227799,43.34020146377463],[-5.868819820237034,43.33872063360304],[-5.869138031097629,43.33762010791277],[-5.869326670112072,43.33638783741287],[-5.8695395762249,43.33260114439207],[-5.869864987107293,43.331512505762255],[-5.870343416623701,43.330780178767064],[-5.871124653474657,43.33004621496385],[-5.8729197465217595,43.32888017334396],[-5.873953370686867,43.32834844026694],[-5.874967903498706,43.32742253280211],[-5.875067938320623,43.327357409418],[-5.875192828342875,43.327390364051965],[-5.8747513510464175,43.32796821416354],[-5.874253414639097,43.328391872691626],[-5.873526934928674,43.3288993971909],[-5.873294329472103,43.32897705347934],[-5.87308888887816,43.329180527508385],[-5.872092899731695,43.329654505863225],[-5.871136990706116,43.33030791028373],[-5.870548035769509,43.33089658920201],[-5.87020169230457,43.33139906087113],[-5.869870158413909,43.332215906007264],[-5.8697746267533715,43.33280609627467],[-5.869649764206159,43.33701028428048],[-5.869505370514332,43.33791429879625],[-5.869023813328524,43.33927697237519],[-5.868200804225224,43.34064821400227],[-5.867264273323632,43.34166214249915],[-5.866182394206719,43.34258966991292],[-5.866103529213084,43.342771725518205],[-5.866213984078627,43.343039071787224],[-5.8660746947237925,43.343222642830824],[-5.858566754133093,43.34892260138449],[-5.857708220932247,43.3498249193475],[-5.857168632550791,43.350678202106465],[-5.856758751505691,43.35173947264724],[-5.856471809522521,43.35318726552388],[-5.856484973779988,43.35498771134189],[-5.856627298785445,43.354916695785185],[-5.856789224884301,43.354980105889986],[-5.856571990113846,43.3552556524449],[-5.8566582174617565,43.35557529001834],[-5.856498292555359,43.35561764952835],[-5.856788089054918,43.35633071513581],[-5.857070942493247,43.356481480788545],[-5.857314259641311,43.35640758556294],[-5.857686742897473,43.356456618533514],[-5.857806211571454,43.356373052628314],[-5.85799202336755,43.35639065073362],[-5.8579261490525685,43.35630225947037],[-5.85799796176396,43.356210424798206],[-5.858092390287254,43.35611802445899],[-5.858287080623823,43.356102601631626],[-5.858607514871969,43.35574498513322],[-5.858505769712888,43.35550452561146],[-5.858753289149609,43.355520195368825],[-5.858676156855485,43.356013384197915],[-5.858902201036653,43.35606335984845],[-5.859140885755508,43.3558909617283],[-5.859633365333998,43.35586776790978],[-5.859772012173995,43.35571584976466],[-5.86036461548127,43.35567410227616],[-5.860604114643189,43.355519148226705],[-5.860976364814512,43.355563285401836],[-5.861217325102627,43.355439446881256],[-5.86134342964969,43.35549714213345],[-5.861829861006886,43.355345437579956],[-5.861982531129725,43.35521031704777],[-5.862191371064835,43.35516125039416],[-5.862702515954113,43.354742089844216],[-5.8626852408326,43.35465248388433],[-5.862903752361156,43.35456689075569],[-5.862940135596417,43.354736137120305],[-5.8632849681050025,43.354801652651794],[-5.8646347353599015,43.35464181905228],[-5.866321502559623,43.35377798547874],[-5.8675479426381205,43.35362009063802],[-5.868157818784195,43.35347024875145],[-5.868434941675835,43.35351788179069],[-5.868289068076326,43.35363704215404],[-5.8679236419392,43.35373755598557],[-5.866456002041206,43.35401386810469],[-5.865853608642905,43.35432279621939],[-5.865736608551003,43.35445846083858],[-5.8654587942350185,43.35449293317758],[-5.864767165152893,43.354833834662415],[-5.863789331534535,43.35503118882642],[-5.863663915337875,43.35498814813454],[-5.862880174350793,43.355187832804646],[-5.862325062716598,43.355380229044094],[-5.862140581840729,43.35556651350156],[-5.861599305934817,43.35569049493715],[-5.861360506019023,43.355860278239156],[-5.860617219098598,43.355797892462164],[-5.8598809681344965,43.35607327793782],[-5.859894084525102,43.35616423903068],[-5.859404881997625,43.35625721571616],[-5.85927627107831,43.35614617908001],[-5.8592721605110825,43.35626858960556],[-5.85867191017407,43.3564144490042],[-5.858301648472251,43.356412718644584],[-5.85781419901632,43.35654311517999],[-5.857689155473677,43.35650798741375],[-5.857570991052162,43.35661933353972],[-5.857124954392996,43.356772487008605],[-5.857392704355129,43.3573060247302],[-5.857653469333776,43.35747958165761],[-5.857892040473999,43.35810388647517],[-5.858185867267418,43.35845669269284],[-5.858241969867168,43.35881544422117],[-5.858467031062779,43.358989892227974],[-5.858504105464845,43.35934911955637],[-5.858798171919097,43.35961187944792],[-5.858847659917406,43.35988075741973],[-5.85918630149169,43.36050255576791],[-5.859732007843416,43.360591871853195],[-5.859971937949163,43.36044565203644],[-5.860838321516617,43.360500347546754],[-5.861326486258141,43.3603846333846],[-5.861685127851519,43.36013881076381],[-5.861816176481847,43.360301388288114],[-5.8623094233198705,43.36029376730547],[-5.863037244884031,43.36002631259284],[-5.864014467874809,43.359814244331005],[-5.864669650315981,43.35955488349383],[-5.864928035939837,43.35936832873127],[-5.865349340263952,43.359335842275605],[-5.8663227115261,43.35904242441275],[-5.866527256389631,43.35887803161133],[-5.866416730321398,43.35841882293181],[-5.866670034883266,43.358784411402574],[-5.866930545272274,43.358848034204044],[-5.868167098129554,43.35847673123018],[-5.868516095616704,43.358452928622626],[-5.868798699766538,43.35819076130753],[-5.869484728479681,43.358059664390375],[-5.869610729816045,43.35811488777596],[-5.86985546336094,43.35807121116793],[-5.870218953938811,43.35792919142089],[-5.8704572387027065,43.35774885008308],[-5.870696360858409,43.35769291340451],[-5.870508563108018,43.357427514936305],[-5.870562636458637,43.35736736412479],[-5.870816070198554,43.35750815687507],[-5.871436240184725,43.3575757909789],[-5.871921134387272,43.357391713195774],[-5.87203828632028,43.35725944645685],[-5.872530570001576,43.35723197995318],[-5.872771016080202,43.35709761622006],[-5.873381250063292,43.35695489818344],[-5.8736180194911585,43.35674274890059],[-5.8738086252353785,43.35671430257982],[-5.873731666881108,43.35653638391998],[-5.873983031062422,43.356633282827985],[-5.87415973727228,43.356435356415226],[-5.874467988259733,43.356450859273295],[-5.875320748099161,43.35621820514888],[-5.876440860301943,43.356420758367726],[-5.876929614508136,43.356185580510825],[-5.877130755039503,43.355730323442216],[-5.8770042101553495,43.355286801617915],[-5.876528733161686,43.35439489932779],[-5.876391426013856,43.35385812357544],[-5.876503006676344,43.35349516036483],[-5.876904018673935,43.35316765416345],[-5.877512718922884,43.352993533723605],[-5.879850349435506,43.35285172583903],[-5.880214613599377,43.35272719434493],[-5.880614108443632,43.352221101903964],[-5.880789814048646,43.35212663404586],[-5.880783093938654,43.351946726138635],[-5.881059682527361,43.35148956004369],[-5.8827059413279486,43.35062092458097],[-5.883561909007355,43.35045834835185],[-5.884046161733151,43.350262690572016],[-5.8850248090232915,43.35008551198004],[-5.886514640633656,43.34946109200369],[-5.887412757202471,43.34840645459959],[-5.888135468481353,43.34803659976284],[-5.889467342961441,43.34750443237682],[-5.890203958400961,43.347427870418585],[-5.890825729179876,43.34753094584043],[-5.89095318292414,43.34761681217719],[-5.89206658974816,43.34768054253675],[-5.892468130480823,43.34777990105876],[-5.892430802926092,43.34796092315533],[-5.891961182379145,43.34805869648362],[-5.889972609663247,43.34775222944262],[-5.889118123266858,43.34794484861227],[-5.8878436402554515,43.34852712857686],[-5.887054303404,43.34944745943324],[-5.886613321564085,43.34976012985159],[-5.885640915062915,43.3500687199453],[-5.885272321619673,43.350101367528495],[-5.884306913852199,43.350557887665204],[-5.8830876117026865,43.35086421558566],[-5.882962634110544,43.35083053465356],[-5.88187813097036,43.351378201894775],[-5.881322593983343,43.35184308606375],[-5.881116197301578,43.35229848313623],[-5.880592478292306,43.352890010352134],[-5.879741339570026,43.35315551623312],[-5.877598938485244,43.353377530366885],[-5.877166988244933,43.353510202656786],[-5.876896426615264,43.35375537274409],[-5.876884815766188,43.35402578100226],[-5.877320468472672,43.35482516053534],[-5.877533856853752,43.35572017385358],[-5.8774897361852245,43.35617147795268],[-5.877165932466216,43.35653978539931],[-5.876453839879303,43.356695315073004],[-5.876082061764444,43.35666154401903],[-5.875829454897073,43.35653842575723],[-5.874970568004445,43.35664146065122],[-5.87472839859682,43.35673920863078],[-5.874641969351609,43.35687341995402],[-5.874449759410667,43.356878254870594],[-5.874502942405119,43.35696695574687],[-5.874125575051688,43.357038691117644],[-5.873646082238362,43.357336932056405],[-5.873520241538569,43.35728515216689],[-5.8729052298475475,43.35732674802515],[-5.872423314985702,43.35757385956848],[-5.871931759201883,43.357616806573574],[-5.871694902405508,43.357827298745626],[-5.8714121777685,43.35785500663782],[-5.871345305336567,43.357946725547635],[-5.870963143629952,43.35800995244393],[-5.870601167274316,43.35818403889344],[-5.869985947621951,43.35822146267954],[-5.869343704262652,43.3584471940965],[-5.868889466936788,43.35852033985154],[-5.868531723488361,43.35878439533522],[-5.867245621226463,43.35913012567974],[-5.86717396747699,43.3592219621178],[-5.867354378535764,43.35966762864157],[-5.867662345155816,43.360020055394706],[-5.868745150818827,43.35990283953591],[-5.868712240693019,43.35999578690689],[-5.867676680665107,43.36028981151763],[-5.867627598389274,43.360471120428585],[-5.867701827544023,43.360649334938024],[-5.867446779654288,43.36092585080433],[-5.867185445421226,43.361638392618644],[-5.866947646965269,43.36182957086009],[-5.86671664880718,43.362204709655224],[-5.866446325735466,43.36239156785477],[-5.866205009447133,43.362757775078656],[-5.866381742300708,43.36291444917107],[-5.866724490757207,43.36292482170183],[-5.867010684945817,43.36316714418568],[-5.867428290136103,43.36326731831082],[-5.867689491123283,43.36344084105235],[-5.867643297911503,43.36349758555966],[-5.867339789796437,43.36353965470095],[-5.867365525571802,43.36344897036646],[-5.867268917069242,43.36340938329679],[-5.867026764029643,43.36350830395844],[-5.866892885051315,43.36328612238294],[-5.866575123753859,43.36328872299854],[-5.866517931839546,43.36318572277206],[-5.866396685507371,43.363231581035954],[-5.8660199373656665,43.36309305924765],[-5.865772602750941,43.363082008014246],[-5.865502817629505,43.36286542355405],[-5.8656389964025015,43.362591892942085],[-5.866011468443502,43.36240247481982],[-5.8660838276535,43.36213054423388],[-5.866339634229679,43.36202078370023],[-5.8664822169231465,43.36185043595271],[-5.8670861769879386,43.36093489859098],[-5.8671829021403985,43.36021216285526],[-5.867014852237189,43.35985622459903],[-5.866583815555175,43.35934606531193],[-5.866219205586021,43.35946468252788],[-5.8658493733550365,43.35947246593094],[-5.865611874288066,43.359669917717376],[-5.864875438095945,43.359754099744336],[-5.864271690165318,43.36003560515025],[-5.863295896224991,43.360278092680055],[-5.862693362848199,43.36058567412596],[-5.862445116193131,43.36055500916412],[-5.861585425682862,43.360642654322106],[-5.861343080535737,43.36073745929589],[-5.8610949827434045,43.36070995882993],[-5.86061188818592,43.36093356534856],[-5.8602379914063985,43.360855104179024],[-5.859907698561556,43.36093469745751],[-5.859950645474535,43.36138381586831],[-5.860394079803192,43.361550286138524],[-5.8607639382990495,43.361542775436],[-5.8608842053416215,43.36145048682636],[-5.8609792162550125,43.36162818547486],[-5.860877939550225,43.36172075959234],[-5.861019059520131,43.361719548694545],[-5.861058533143112,43.361806276960756],[-5.8607787857235385,43.36185850958172],[-5.860150601427323,43.36162110274467],[-5.859971640556838,43.36174344498529],[-5.860081037748625,43.36201082297129],[-5.860613026269556,43.362447700366566],[-5.860474666555255,43.36272127964363],[-5.860809478838057,43.362892975610144],[-5.860886493316534,43.36307112482148],[-5.861062367631473,43.36315676030292],[-5.861458768497417,43.36319702716461],[-5.861586678235696,43.36329274156013],[-5.8622050750001256,43.363321638203836],[-5.862220573258181,43.36339787288067],[-5.862535728331896,43.363480017479816],[-5.86296678373514,43.36377344411603],[-5.863583076207247,43.363757522458286],[-5.863974469771879,43.36420713683449],[-5.864474387172217,43.36434050441646],[-5.864591187475956,43.364200157900505],[-5.864718080310471,43.36427412831409],[-5.864638539924222,43.36441774844062],[-5.864771339862535,43.36450445793487],[-5.865628505026091,43.36466304356695],[-5.865736695426057,43.3649393582138],[-5.865987014938774,43.36501360024074],[-5.866105996775069,43.364919601559556],[-5.866179611853345,43.365099415231704],[-5.866616561588541,43.36527867505679],[-5.866863708884315,43.36528555854228],[-5.867371575325301,43.365587228305365],[-5.8679845084101485,43.36549969552112],[-5.868103382074933,43.36540344922111],[-5.868232932625026,43.36553363659033],[-5.868604664653114,43.365565362403906],[-5.869342120929521,43.365501432443516],[-5.869580696825027,43.36532660236928],[-5.869825447311022,43.36528267414488],[-5.870077576810577,43.36539514070536],[-5.870323060388835,43.36536674986194],[-5.870556450635259,43.36508210643623],[-5.870920237851866,43.36494553604739],[-5.871289240654762,43.3649194917294],[-5.871407930452604,43.364819484807086],[-5.87203131710302,43.36495364146659],[-5.87251009061092,43.36463876835546],[-5.87276436876649,43.36479668405001],[-5.873134543361793,43.36479548465932],[-5.873376303658722,43.364688355726],[-5.873785037497372,43.36463829136825],[-5.873855912891062,43.36439136283424],[-5.873916567184815,43.3646349835772],[-5.874116428047152,43.364681228605626],[-5.874403754620792,43.36453269162362],[-5.874725351560286,43.36450925662387],[-5.875209435215009,43.36430709563846],[-5.87557994408907,43.3643130325716],[-5.875943319110833,43.364168080285154],[-5.876314141421306,43.36418066259611],[-5.876553074134044,43.364013909771586],[-5.876918706045073,43.36391676385924],[-5.8775339416640255,43.36387855662376],[-5.877897901153786,43.363746111368535],[-5.878395249001238,43.363824618500765],[-5.88147912107474,43.36379637601186],[-5.882583545076563,43.36366446550707],[-5.882822157903626,43.36349136895637],[-5.883192850571973,43.36350127604863],[-5.883919607256139,43.363212521071965],[-5.885356587466862,43.36228687472906],[-5.886365491469585,43.36153003032913],[-5.887134332854706,43.36074170175212],[-5.887255527974605,43.36069519972086],[-5.887505438695902,43.360760654924185],[-5.887544876901532,43.36068988843634],[-5.8874087168109215,43.36051325186323],[-5.887736036142889,43.360419224632764],[-5.888841283994566,43.360306242724526],[-5.891274002747764,43.35956336782779],[-5.893844933862549,43.35913319248469],[-5.895197778190519,43.359037744370355],[-5.895942718823321,43.35913331644971],[-5.897071049167997,43.35950589132498],[-5.898194696682605,43.35977987445592],[-5.900796756304434,43.36000341202129],[-5.901657804812255,43.35994565035384],[-5.902401914582734,43.36002336374783],[-5.903396815065293,43.36018462922502],[-5.904272059200216,43.36042422810057],[-5.904400109873908,43.360521614084654],[-5.905018654655004,43.36055380439492],[-5.905275289719961,43.360759681606716],[-5.905522038575984,43.36075852670579],[-5.9055272360677105,43.360864353590124],[-5.905159732108247,43.36092394675042],[-5.904038039235541,43.36069201001143],[-5.90366075038774,43.36054360698155],[-5.90279332999171,43.360467963692486],[-5.902166638927051,43.36026496625196],[-5.902046578265383,43.36033499133496],[-5.9016735130289915,43.36027499215595],[-5.900936115262605,43.36033808496069],[-5.898336409982952,43.36016427859518],[-5.897349425313499,43.35999152873057],[-5.895586590900861,43.359428906437905],[-5.894106950713144,43.35945312844222],[-5.8925225016743195,43.359868394167584],[-5.890686480380411,43.3601837268167],[-5.8892304347833075,43.36070520267887],[-5.88836788015598,43.3607317283259],[-5.887524880978139,43.36117027470596],[-5.887445668750211,43.36114258783818],[-5.887929240723841,43.36077021402129],[-5.887750925775478,43.360732906341326],[-5.8872631608851105,43.36085602906256],[-5.886400962754416,43.36179924993499],[-5.886803144330715,43.36156395031453],[-5.886867224999935,43.36160739486638],[-5.885971358633828,43.362239341795785],[-5.8858503106393485,43.362289029715136],[-5.885885004620384,43.3621724351614],[-5.8857648558263245,43.36217546933561],[-5.88464770983397,43.36295229311821],[-5.883269397866252,43.363679075968875],[-5.8830965717656065,43.364073665124174],[-5.882828531415904,43.36396031420517],[-5.882827880964302,43.3638702921074],[-5.882714400445032,43.363821615913444],[-5.879513884921714,43.36399277974536],[-5.879017405015426,43.36393267031324],[-5.877788046766871,43.36403260911225],[-5.877539272165256,43.36399124067603],[-5.877176423712244,43.364147222600664],[-5.87656001022497,43.364160584420624],[-5.876247644498457,43.36430621943467],[-5.876445214852223,43.364342741650084],[-5.877179702207413,43.364216536351705],[-5.877759992531747,43.364268144184216],[-5.876569395736976,43.364359054199696],[-5.874373242397856,43.36489272367104],[-5.873027331401638,43.36513843851064],[-5.872284867563324,43.36509614390635],[-5.871548638747858,43.365185903088665],[-5.869840245697896,43.36559632904998],[-5.869477444219861,43.36575392766426],[-5.869349218652124,43.36565189502002],[-5.869232095577274,43.36578522064903],[-5.867254947902507,43.36573115862879],[-5.866624624063631,43.36544975316665],[-5.866251758147695,43.36539392800326],[-5.86587112419165,43.36517321431802],[-5.865532762867427,43.36511563728059],[-5.865241476252789,43.364905896850345],[-5.8648664486400115,43.364804075612376],[-5.864619207501064,43.36479515347211],[-5.8645176618167785,43.364870971440624],[-5.864440768635074,43.364962937461556],[-5.8646407463587815,43.36549815605757],[-5.865248096309241,43.36620323794348],[-5.865171138580626,43.36629520606078],[-5.865864885165326,43.36699811831961],[-5.866469914707613,43.36740439124629],[-5.866968103881511,43.36751067689185],[-5.867131764958473,43.367686647844145],[-5.867429351603084,43.367769219576346],[-5.867859005995259,43.36807283240018],[-5.8682303475774376,43.368095951587726],[-5.868731638241734,43.3682575496487],[-5.869832775601363,43.36805367357995],[-5.8704500395304375,43.36805745916172],[-5.870523370732002,43.36796165654115],[-5.87093117605734,43.36795141189882],[-5.871065191776814,43.368016509301974],[-5.87143176185201,43.36793854366376],[-5.871550714724108,43.36784399444209],[-5.872291898996716,43.36785849046572],[-5.873267717990278,43.367614758428864],[-5.874006859045332,43.36758606630465],[-5.874276599685929,43.36741712262776],[-5.874245811970536,43.36696770447524],[-5.874466367615693,43.36686334674134],[-5.874533777862663,43.36687042262706],[-5.874415044543757,43.366963447778275],[-5.8744343752459445,43.36705300004684],[-5.874613336431555,43.36736172429509],[-5.875162304496704,43.36739484150798],[-5.875359003471186,43.36747115568957],[-5.876946241534315,43.36725990476009],[-5.876946415533378,43.36716986188483],[-5.877198919090197,43.36723181861169],[-5.877566295842141,43.36717117149989],[-5.877815751593125,43.36722665780875],[-5.878041450929971,43.36696221116504],[-5.877922905500238,43.36651500424663],[-5.877790674753318,43.366428295823816],[-5.87790032776204,43.366405810518515],[-5.878152790671984,43.36652490820261],[-5.878403722645681,43.36677300962176],[-5.878374422065653,43.36695382464435],[-5.878545777241905,43.3670055086942],[-5.8786657151807,43.36693204489436],[-5.87891649919816,43.367015593648325],[-5.880512280270142,43.36683373931018],[-5.88087508470868,43.36667667915877],[-5.88096805015755,43.366708388888874],[-5.880835248989831,43.36680177535919],[-5.880839106027419,43.36698175508498],[-5.881019877080791,43.367128010354364],[-5.881266211754213,43.36711754978435],[-5.881426940731694,43.36696693426056],[-5.881245571231702,43.36668182927546],[-5.88162014080602,43.36677316090241],[-5.881579058523122,43.366873060009496],[-5.881822254656208,43.36695696567685],[-5.881509072962045,43.367033773302275],[-5.88126941647525,43.36718520042469],[-5.88052729692122,43.36715082025976],[-5.879055791993573,43.36735102971656],[-5.878816204192231,43.36750406346001],[-5.878689722835851,43.367439294999826],[-5.878483925646567,43.367581335782575],[-5.878473106021153,43.36807772755215],[-5.878345967212287,43.36799908504283],[-5.8782035790390506,43.367598190680965],[-5.877952348023779,43.36750522639906],[-5.876971130648947,43.367634392914994],[-5.876851582017559,43.367716159290005],[-5.876233563607068,43.367696350057585],[-5.87500993721423,43.367919253292015],[-5.874745866814408,43.36812562641095],[-5.874667288949627,43.36850324372743],[-5.874203133447394,43.36858947093442],[-5.873976758690678,43.36859516446554],[-5.874380607925689,43.36840492999333],[-5.8743820902677735,43.36813477722577],[-5.8741524419398985,43.368055151927884],[-5.873787746800865,43.368172738405654],[-5.8734173332146264,43.3681693144077],[-5.872501691714701,43.36836213724483],[-5.872476059500199,43.36863289705772],[-5.873069474098031,43.368643349138125],[-5.8732064048498245,43.36870457469532],[-5.87062076963479,43.36905989192103],[-5.870244421462425,43.36893082922813],[-5.870211793565153,43.36868979091122],[-5.8699830589441895,43.36862302507849],[-5.869002192538549,43.368760379852496],[-5.8681512645830765,43.36903607934432],[-5.867780439264939,43.369024030704885],[-5.867716011186963,43.36884248849868],[-5.867386306448632,43.36858064641838],[-5.8674544716899115,43.36848889746359],[-5.867301340595006,43.36822262426499],[-5.866752017556175,43.36796629062778],[-5.866773357432433,43.36787571674924],[-5.866610076603136,43.367759703212236],[-5.866566742685308,43.367610784246466],[-5.865970350284864,43.36727914968043],[-5.865771075597167,43.367360625089766],[-5.866016625040478,43.367894698189865],[-5.865712755872964,43.3681724344649],[-5.865650096138521,43.36834021872838],[-5.865502872270719,43.36817769761927],[-5.865663768515039,43.368083624397805],[-5.865561991594812,43.36799613807827],[-5.865666586909661,43.36763336102963],[-5.865557564501682,43.36736597930671],[-5.86522289953831,43.3671314513958],[-5.864828872771384,43.3666265509711],[-5.864706755799187,43.366654093817736],[-5.8645975318877985,43.36657970212291],[-5.864704719834614,43.36639693800934],[-5.863919681672134,43.36566462825783],[-5.8637946561000485,43.365630361310764],[-5.8634808270975745,43.36579734266668],[-5.86363163421192,43.36552344795435],[-5.863590350959562,43.3652543667369],[-5.862407205610314,43.364743777187456],[-5.862238853809611,43.36438783962227],[-5.861759005349953,43.364332602966],[-5.861130155715667,43.36408168645096],[-5.860883459708404,43.364084281901036],[-5.8606303677968805,43.36433807715895],[-5.860564542094891,43.36487995653634],[-5.860435789447329,43.36506178268336],[-5.860210743260411,43.36479877374434],[-5.860421761951456,43.364523376147176],[-5.860344042762921,43.36407512847977],[-5.860263275477828,43.3640175238057],[-5.8597616376433495,43.363999666103815],[-5.8598088278662,43.36381840793076],[-5.859574913476755,43.36373422290213],[-5.859525982006278,43.36364540871027],[-5.859623628959958,43.363536731385004],[-5.859126005795002,43.3634518095902],[-5.858788780894162,43.36348377608359],[-5.858178153859316,43.364290581531584],[-5.8560306967560924,43.36586482058384],[-5.855910944390162,43.36594277957295],[-5.855663224163223,43.3659237260644],[-5.855297586791482,43.36602174229816],[-5.8546962808830125,43.36635752752127],[-5.85399134397406,43.36711507698971],[-5.853384157571708,43.36732589173129],[-5.853012661171979,43.367769905021134],[-5.852214496209193,43.36814998370074],[-5.851682356767179,43.368613457177894],[-5.851113537979267,43.3689104642688],[-5.850319731742478,43.3695478385911],[-5.8496077391058385,43.37055601974451],[-5.84863347462103,43.37129599988517],[-5.84864300120425,43.37149938013787],[-5.849710371095753,43.370572170442244],[-5.851737694425325,43.369061075276925],[-5.851858191178298,43.36899874989521],[-5.851984836129029,43.36906754270212],[-5.852051629384266,43.36914447309391],[-5.851781258949958,43.36942133636544],[-5.851787743618173,43.36969129027992],[-5.851395069665208,43.36965047558004],[-5.850914879474175,43.37007322399951],[-5.850561342047605,43.370295133248455],[-5.850437678759466,43.37028997940125],[-5.850087801564547,43.370725029742594],[-5.849489494927735,43.37112641028013],[-5.84886436439307,43.37174505588626],[-5.84853525546753,43.37183410480856],[-5.848506968456574,43.372114119455205],[-5.848186873859472,43.372301557414765],[-5.847236105771004,43.37313621516051],[-5.84720951161774,43.373226916328385],[-5.847322611805122,43.37331413688053],[-5.847873433775792,43.37351523667814],[-5.848123758150318,43.37358927725626],[-5.84874158435846,43.37360387801329],[-5.849097110751571,43.373288866393196],[-5.849839768413759,43.37333347852098],[-5.850203654305477,43.37319697699977],[-5.850309451402528,43.3728208312845],[-5.8505512018344525,43.37271196090095],[-5.850734876370904,43.37295894853304],[-5.850690158000635,43.37304324079354],[-5.850327064944192,43.373196614418326],[-5.8499967917329,43.37369766704641],[-5.848868044465713,43.37366858927755],[-5.848747881244556,43.37373829264828],[-5.848377965187284,43.37374619552687],[-5.847005762349478,43.373436776357075],[-5.846799383024605,43.37350724982571],[-5.846054702842841,43.374213780710015],[-5.845356282599246,43.374713692324725],[-5.845313002610919,43.37498488559948],[-5.845566243160788,43.375158656977156],[-5.845107871474731,43.375081661210956],[-5.844864550823732,43.37515737636757],[-5.844351263274402,43.375459020591684],[-5.842916132803825,43.37666523381798],[-5.84198949352109,43.37803886099186],[-5.841374336165943,43.378684427937515],[-5.840961139849535,43.378792324519914],[-5.840708542350016,43.378669913808146],[-5.840466682113594,43.37877731017733],[-5.839874212557404,43.37930666322533],[-5.839513429457774,43.37951086997664],[-5.839267408776414,43.379529293883095],[-5.838745196297794,43.379740193948535],[-5.838772983144644,43.38000961922304],[-5.83855726828327,43.38018261958926],[-5.837662566583542,43.38057742973956],[-5.8376046864707085,43.3806689055256],[-5.837670897959395,43.38075729987608],[-5.837227127277937,43.38077660507984],[-5.836850453178061,43.380640634494426],[-5.8363631718874025,43.380779745770354],[-5.836246367421568,43.380922046120325],[-5.836002932991202,43.38099605522044],[-5.835875275028885,43.38090570841476],[-5.835628597104069,43.380910186631105],[-5.835025782679229,43.38121903911572],[-5.834295860063423,43.3814494419108],[-5.8331153850706645,43.38222091036821],[-5.832624348478155,43.38266657639859],[-5.832164713707214,43.38314486093273],[-5.831347024045635,43.384396937747844],[-5.83098688354781,43.38470470083915],[-5.830776039463892,43.38552027046205],[-5.8304297939353225,43.38597903955496],[-5.830503274602171,43.38615729644502],[-5.830330871850819,43.38643514408318],[-5.829897727453938,43.38662248642682],[-5.829634008822606,43.387259286255265],[-5.829279437607701,43.38771680114471],[-5.829164259513098,43.38817130191556],[-5.828152887120935,43.38963695229425],[-5.82767485841735,43.39054916656255],[-5.827454763343198,43.391364958522566],[-5.826939824531355,43.39236812126147],[-5.82643743177707,43.3929727863032],[-5.825839151139164,43.394106075053095],[-5.825656098114755,43.39429067845712],[-5.825050508355076,43.39574626593099],[-5.824768108801164,43.39620343907769],[-5.824000550755385,43.396942717471866],[-5.823886272657584,43.39712561834082],[-5.823946999137985,43.3973041943901],[-5.823530857999103,43.397854707835066],[-5.822154574930152,43.39911926778947],[-5.821793977024911,43.399331214837474],[-5.821302528632446,43.399384525012586],[-5.821192780211503,43.399680265344855],[-5.8209741749807735,43.399898696561245],[-5.8207148409052785,43.400024618901035],[-5.820223941784622,43.40008990309381],[-5.8198738042577505,43.40052748494269],[-5.819625988973462,43.40050920415686],[-5.819371502502276,43.400347164718625],[-5.819318039812244,43.4002096842464],[-5.819985907328289,43.399652974333065],[-5.819938531311057,43.39926160411415],[-5.819560107311667,43.39908961833462],[-5.819535190674903,43.39894378932301],[-5.819788935921682,43.39869892641355],[-5.820749814597847,43.39811824123528],[-5.821936152415048,43.397075118507786],[-5.822549525453947,43.3963482989586]],[[-5.821258041303836,43.3984264779837],[-5.821250164875539,43.39825685197205],[-5.8209985106424025,43.39836744359989],[-5.820979075777424,43.39845796175784],[-5.821258041303836,43.3984264779837]],[[-5.823007700647902,43.39621978605305],[-5.82265628598565,43.39662899287956],[-5.822666224186222,43.39684292620161],[-5.822949794509496,43.39660852660703],[-5.823007700647902,43.39621978605305]],[[-5.823464172476024,43.39541433362321],[-5.823116039909028,43.39589402208031],[-5.823122392233037,43.396030746010325],[-5.823363793193188,43.39591135417769],[-5.823464172476024,43.39541433362321]],[[-5.827613838451216,43.38784952286948],[-5.827437218252327,43.38792403306531],[-5.8273883940337,43.38785510113765],[-5.82770524891105,43.387307030096025],[-5.827627788457866,43.386948792928735],[-5.827782016986705,43.38676489955413],[-5.82774735928774,43.38662937409129],[-5.827498423099234,43.38658582092926],[-5.826308200905123,43.387539137095146],[-5.826225513268361,43.38752371380963],[-5.826175751642371,43.387344867551974],[-5.8262458533762675,43.387253095306285],[-5.825886795535543,43.386991859644084],[-5.826285873655128,43.387058972952794],[-5.826530342407409,43.38700643403636],[-5.8268246816068485,43.38669854712158],[-5.826878485185789,43.38652856415296],[-5.827353626137227,43.3861270046352],[-5.827373696141775,43.385964656666275],[-5.8272863724321935,43.38587677872118],[-5.82696729032196,43.385783546993736],[-5.8268379409373665,43.38565676637272],[-5.826370940734874,43.38553927015853],[-5.826167392446327,43.3852741889045],[-5.825551414743556,43.385109344347256],[-5.8253129327987905,43.38493516382552],[-5.8243382256678204,43.384997056605314],[-5.821109968429517,43.38828038747081],[-5.821044801447201,43.38851407407365],[-5.8206879029765295,43.388804502111434],[-5.820130142653949,43.38992526542793],[-5.820249724162628,43.39046254507064],[-5.819676322519613,43.39095039927617],[-5.819446324101462,43.391382754839114],[-5.81947511354417,43.39156212143916],[-5.81997689140024,43.39181985521934],[-5.820510784077235,43.39198675565469],[-5.821958728938477,43.39224374978435],[-5.823065209711803,43.392142183129046],[-5.824769329665932,43.39161705757254],[-5.825456336381316,43.39123431159209],[-5.825726775400801,43.39086747072709],[-5.826318605794845,43.38968233459089],[-5.826653342309783,43.38940393964931],[-5.826636667965934,43.38929274403663],[-5.8268772976145335,43.38915748015628],[-5.826862562876941,43.38966887952291],[-5.827020765074364,43.38958761018532],[-5.827613684682329,43.38838975747609],[-5.827625594955264,43.388119347366576],[-5.827834530221463,43.38784406176666],[-5.82795294733212,43.3873909389563],[-5.82840503798571,43.38674948067372],[-5.828357936192484,43.386485418338644],[-5.828026692448296,43.386938921552044],[-5.827613838451216,43.38784952286948]],[[-5.8264841107304575,43.384456008909716],[-5.826286820130514,43.384424218609176],[-5.8256539565228405,43.38408839126011],[-5.8253517377650645,43.38421389624533],[-5.825263654152971,43.384486189595194],[-5.82681201335157,43.38509924106421],[-5.827008336685727,43.38525338789089],[-5.82731824038376,43.385366246303704],[-5.827564989806713,43.385362900713474],[-5.827556830553966,43.3851874960138],[-5.827173016444776,43.384898147383055],[-5.826798678868052,43.38481250114569],[-5.826720648133993,43.38463023509068],[-5.8264841107304575,43.384456008909716]],[[-5.824557190373549,43.38450365378128],[-5.824637652278584,43.38468174198265],[-5.824783438640291,43.38467813831512],[-5.824827952211686,43.384406922388564],[-5.824557190373549,43.38450365378128]],[[-5.823297256592639,43.38384829761155],[-5.822931657002096,43.383950558278684],[-5.822485279911887,43.38428473175824],[-5.82270297367771,43.384342851641684],[-5.8234398079775165,43.38425956330919],[-5.823535093961997,43.38407872019015],[-5.823297256592639,43.38384829761155]],[[-5.83133064005314,43.38136475923163],[-5.832995579256976,43.380243033016335],[-5.83336748186003,43.38007049518286],[-5.83483034680172,43.379675117727984],[-5.834948869344032,43.37956963975684],[-5.837279268300272,43.379248773996586],[-5.837643696181998,43.37912253007825],[-5.837757687736403,43.378920102876286],[-5.8395777626984975,43.378245317782905],[-5.840059440666152,43.37798683743343],[-5.840528156453815,43.3774509876091],[-5.840893498593722,43.377344683853835],[-5.841009679747632,43.377189415172374],[-5.841312467087038,43.376525041508934],[-5.841161519545181,43.376168640374395],[-5.841216892491128,43.37589714799101],[-5.841581966803825,43.37552791631412],[-5.8420374527619074,43.37541048862943],[-5.842413371782489,43.37553076730559],[-5.842587485767609,43.375773024010705],[-5.842508383286733,43.376135145850675],[-5.842567755021079,43.37619284052686],[-5.843527727088672,43.37560483064179],[-5.844074729777226,43.3751057491407],[-5.844100110164914,43.37492504036745],[-5.843987165707936,43.374871651947394],[-5.843869607127943,43.374997217318004],[-5.843625041115537,43.37504632832432],[-5.843375335099923,43.37498552608302],[-5.843134408025912,43.37511247206208],[-5.8428836373887,43.37502889386817],[-5.8425995336811445,43.37478230022522],[-5.842554293344622,43.374513309892826],[-5.842724410166441,43.37426319903978],[-5.843200430122142,43.37388465189214],[-5.843463903818437,43.37386040998255],[-5.843450172230061,43.37359063595532],[-5.843076815465838,43.37305969397133],[-5.843000761730095,43.37243131603243],[-5.843061442829654,43.37224972918333],[-5.841994755388703,43.37185591544154],[-5.841488324533706,43.37158344330517],[-5.84111957662424,43.37161609289747],[-5.840862695231604,43.37140132728169],[-5.84012455313022,43.37145276414061],[-5.839759954317946,43.37157426796865],[-5.839402502171548,43.37184887028837],[-5.837837665566595,43.37269936621468],[-5.837592551526335,43.37273664232368],[-5.837466623082982,43.372658901932056],[-5.837440746160509,43.37256950584655],[-5.837723367441084,43.37229237222389],[-5.837692318613184,43.37220310462202],[-5.837933607979117,43.372110418982814],[-5.838058424457677,43.372140224714684],[-5.8386549551813465,43.371698964596185],[-5.838900924185348,43.37168010668305],[-5.839262042689759,43.37148400683708],[-5.840234715382899,43.37116880049008],[-5.8409789050987175,43.37124689788976],[-5.841220513597153,43.371134759843954],[-5.841344654495554,43.37115011497989],[-5.841981486498552,43.3715719809719],[-5.842481776138044,43.371713018564186],[-5.843034271114501,43.37198028941929],[-5.842958295474868,43.37180210239546],[-5.842340918961076,43.371340033856995],[-5.842414562401751,43.37109531938557],[-5.842324561641735,43.370990047376026],[-5.842074924844814,43.37093033714966],[-5.841754376868192,43.370481468242495],[-5.841310460077494,43.37041821114251],[-5.841118336300459,43.370587321865074],[-5.841068017370612,43.370678611498846],[-5.841335200441686,43.370947761372086],[-5.841341179582989,43.37107573854997],[-5.840960510992182,43.37085314092829],[-5.840841070312269,43.370938392022616],[-5.839965079347389,43.37068079269919],[-5.8382420875685535,43.37078631119276],[-5.837763861662169,43.37111774928053],[-5.837632247313575,43.37094220352154],[-5.837507156694901,43.370906464269204],[-5.837194304220866,43.371044968167766],[-5.837330561307865,43.370861507889465],[-5.837255933585403,43.37081264382228],[-5.836759916948511,43.37076279524605],[-5.835407500226932,43.37087505402149],[-5.834538547744738,43.370767960302885],[-5.833921650638153,43.37077261418362],[-5.833182503366834,43.370802442480745],[-5.832876219317042,43.370881978281865],[-5.8323891713660485,43.37179443750933],[-5.832361767582778,43.37188515536407],[-5.832500145762836,43.37205160233508],[-5.8339999328934065,43.37245249641978],[-5.834245476395406,43.37242441121847],[-5.834748876681007,43.37263240873277],[-5.835116942617159,43.372584923149745],[-5.835618043811436,43.372743521941736],[-5.835877149686303,43.37260831899812],[-5.835916648888289,43.37242726154009],[-5.83616678444908,43.372240976545385],[-5.836200630945705,43.3720027812071],[-5.8366807711572095,43.37171205542752],[-5.836619292758586,43.37213970637735],[-5.836731741097148,43.3723169922914],[-5.836323549301167,43.372597240206915],[-5.836282982360998,43.37277832429938],[-5.8363631378252325,43.372840715143894],[-5.837101034744815,43.37278359120906],[-5.837662373042844,43.37283411848913],[-5.837477242590818,43.37291062209309],[-5.83712504543804,43.37329824461434],[-5.836954556451943,43.373301885683176],[-5.837007664369592,43.373427858406394],[-5.836899135458148,43.373663415933095],[-5.836386890003519,43.37403628574898],[-5.836325311901889,43.37439796852062],[-5.836078521814587,43.37467753992512],[-5.835876562608206,43.37476926003431],[-5.834426727623889,43.37642592482991],[-5.833479538585202,43.37717749714532],[-5.833242142628115,43.377535763564815],[-5.832069241093827,43.37870035899318],[-5.831585297452437,43.37891104416041],[-5.831471586634994,43.37911994197671],[-5.831229540913319,43.37922374617275],[-5.830981203891107,43.379192455194676],[-5.830378609707076,43.37950619295991],[-5.829782526487822,43.37995995004498],[-5.828735586882342,43.381429026573414],[-5.827074929841439,43.38278908430199],[-5.8263686487394235,43.38346844098561],[-5.826263236072803,43.38374116372117],[-5.827132105764069,43.38425990229875],[-5.827123934186369,43.38435014297832],[-5.827268608418267,43.38429915837381],[-5.827394430992996,43.384350160246555],[-5.827554557425169,43.384519565585244],[-5.827941395916311,43.384690070111446],[-5.828289683035704,43.38501855732497],[-5.8285350021240525,43.38498450499741],[-5.828638697699578,43.384852888758026],[-5.828506799138702,43.38467607659541],[-5.828624202020901,43.38449309355759],[-5.829324749944744,43.384025558131576],[-5.830401234537671,43.38228816834499],[-5.83133064005314,43.38136475923163]],[[-5.835563415983407,43.37421898502357],[-5.836171386115441,43.374022184360726],[-5.836359377333143,43.37385689143374],[-5.836429329804349,43.373675077963],[-5.8369371050631,43.37312224171592],[-5.836863073476891,43.37297421390192],[-5.836496733310183,43.37305871857266],[-5.836247067466642,43.37299844890345],[-5.836002894428587,43.373055949730784],[-5.83546905315544,43.37360887037779],[-5.835439879234309,43.37414982587014],[-5.835563415983407,43.37421898502357]],[[-5.82587005494749,43.3728022890466],[-5.826715127873847,43.373105433189316],[-5.827243136298546,43.37313320285028],[-5.8276074255308705,43.37300429951363],[-5.827863086289931,43.373193668634165],[-5.828109646149295,43.37325100734258],[-5.828981575370483,43.37335788085014],[-5.829349287648878,43.37330260095347],[-5.829721212619761,43.37333786735566],[-5.829756012368902,43.37348036694421],[-5.829981715544161,43.37363111271341],[-5.830733995846555,43.37388263676625],[-5.830981182693432,43.373889694156276],[-5.831197303477151,43.373624745072846],[-5.83121827269009,43.37317403241976],[-5.83024143746598,43.37283807511586],[-5.830433835174029,43.3727374565529],[-5.83068817811179,43.37289835113621],[-5.8314331268428585,43.372992548554166],[-5.8315422844970985,43.372686083247],[-5.831811322946504,43.37234899016989],[-5.8318268395577455,43.37216852838354],[-5.830385868833764,43.37184407284972],[-5.830139951537305,43.371726891541826],[-5.829768186240533,43.37169484859943],[-5.829265126889116,43.37149364459382],[-5.828646704626906,43.371465678620574],[-5.828333429814996,43.37171481183874],[-5.828184021940496,43.372132584767],[-5.827811642657894,43.37208736989053],[-5.827204962055426,43.37231208718813],[-5.826873865474064,43.37247123599112],[-5.82685076280418,43.37265798401633],[-5.826604459545407,43.37266981922734],[-5.826476543047121,43.37257321942107],[-5.826229522117511,43.37256960653247],[-5.825919952952286,43.37267490647316],[-5.82587005494749,43.3728022890466]],[[-5.831493450804006,43.373167214457595],[-5.831567360004728,43.37322461864305],[-5.831605151116368,43.373164446720736],[-5.8315635962851315,43.37314378788417],[-5.831493450804006,43.373167214457595]],[[-5.819984867673361,43.37471233221592],[-5.818343725535633,43.375524110690506],[-5.817979265005001,43.375650066074364],[-5.817878254274224,43.37557464554194],[-5.818091669286738,43.37541209971019],[-5.819906007512135,43.374611078603095],[-5.820889052108385,43.37451620909781],[-5.82207209454339,43.37385045882319],[-5.822013114552646,43.373761876667515],[-5.822249958674574,43.37357595030432],[-5.82230418882661,43.373394533651606],[-5.822070234514864,43.373371530571326],[-5.821873598222894,43.37349520589562],[-5.821806134253644,43.37358691046073],[-5.821943407701953,43.37376359803458],[-5.821844470255786,43.37382606813635],[-5.821595759514295,43.373786141948],[-5.821476705232708,43.3738804292853],[-5.821144025045321,43.37387337391174],[-5.8210981969497215,43.3737032274079],[-5.821084495438831,43.37387484350763],[-5.82091683971029,43.37396902089192],[-5.820827509632473,43.37415130330789],[-5.820504135618043,43.37420089828281],[-5.820376066061573,43.37410086223937],[-5.820258736097141,43.374232382660495],[-5.820134168692381,43.374207855478666],[-5.81977198138973,43.37438258574585],[-5.818916206964041,43.374560277872234],[-5.817959885904885,43.37523189658753],[-5.817109719973805,43.37553101970308],[-5.816871908138065,43.37572645114528],[-5.816550653176483,43.37623764513317],[-5.816810095508682,43.37677148230867],[-5.816563155518138,43.37705515537514],[-5.816128061791234,43.37723848511957],[-5.816106190136327,43.37741910140056],[-5.816211971550309,43.377468033593274],[-5.817194677679097,43.37736473691226],[-5.817815091187976,43.377434476504035],[-5.818570239491764,43.377747912395805],[-5.8192168915281615,43.3783834175544],[-5.819954769127978,43.37831462054652],[-5.820142664915104,43.378219945097996],[-5.820103762932376,43.37804082789396],[-5.819371890359669,43.37751865503866],[-5.819385508780524,43.377338241785374],[-5.819530355071207,43.377157445931886],[-5.82002366259184,43.37714804574165],[-5.820658169476449,43.37752156715895],[-5.821026180095631,43.377472011507095],[-5.8211904047211505,43.37720365882888],[-5.8208468792985615,43.37676194598822],[-5.821373925038802,43.37698572565037],[-5.821717613218677,43.376560371690104],[-5.821846919747528,43.37619702421934],[-5.8209550820821505,43.3762190431806],[-5.821801220802437,43.37592803675835],[-5.821905794040135,43.37574537721293],[-5.82174265427817,43.37547928971384],[-5.821795347982809,43.37542737784623],[-5.822048686871364,43.375566878262056],[-5.822417538673085,43.37553572378229],[-5.823126907518306,43.375084946235674],[-5.823317100185464,43.374900170175415],[-5.823296671224794,43.3748106362499],[-5.822892452735593,43.3746405448509],[-5.82299073316286,43.37458864440725],[-5.823612632129184,43.37469084952696],[-5.823852740736491,43.374545429523664],[-5.824288328453183,43.37388574561138],[-5.824368490927111,43.373523609781806],[-5.82416568473203,43.37331062762412],[-5.824048728469045,43.373449986860464],[-5.823678284240177,43.37344655616148],[-5.823189568966085,43.37355421144909],[-5.822583767171407,43.373798543352336],[-5.82234838899474,43.3740458891837],[-5.822105440560252,43.37413015438026],[-5.821855872955204,43.3740717938009],[-5.821494214458298,43.37425779650744],[-5.8210369702522895,43.3745963260293],[-5.820975808977939,43.374777913164486],[-5.821499388159858,43.375215180335154],[-5.82141615707281,43.3752356968252],[-5.8209085735959745,43.37493702348958],[-5.820546160144346,43.37510692130863],[-5.8203102479060735,43.37470430236152],[-5.819984867673361,43.37471233221592]],[[-5.812903562895036,43.37929875200592],[-5.813726314612951,43.37891834238693],[-5.813242990952219,43.37875016461212],[-5.813148967658976,43.37830228601335],[-5.813282425141224,43.37817974979859],[-5.813406398466976,43.378191319087605],[-5.813583527467207,43.37793143294683],[-5.813761020408625,43.37785223343556],[-5.813924428943552,43.37747284584509],[-5.813859534015274,43.377313676173976],[-5.813741162135491,43.37742311376252],[-5.812880175233812,43.37748943740701],[-5.812639110561267,43.37761500437828],[-5.8127381202980155,43.37867255377546],[-5.812915414498883,43.37902834435934],[-5.812830953258092,43.37909365929502],[-5.812702137496569,43.3789774531179],[-5.812666046549934,43.379034482324016],[-5.81256784081666,43.37966716988852],[-5.812767286521638,43.38011245407981],[-5.8130115097237995,43.38032814643505],[-5.812903562895036,43.37929875200592]],[[-5.813969536436063,43.37702340202219],[-5.8139610106304795,43.37711179042517],[-5.813974094378077,43.377121889321266],[-5.813983682171661,43.37711123215304],[-5.813969536436063,43.37702340202219]],[[-5.821079710142372,43.37360484563562],[-5.820969381748236,43.373587115118504],[-5.8209303387532945,43.373608532993366],[-5.820973368803394,43.37367306305118],[-5.821079710142372,43.37360484563562]],[[-5.822487390662795,43.37339000892955],[-5.822319657632934,43.373394151614136],[-5.822444442581262,43.37345606680049],[-5.822487390662795,43.37339000892955]],[[-5.8229088706093295,43.37319952076311],[-5.822734422751902,43.373203829928876],[-5.822806010294432,43.37326827155761],[-5.8229088706093295,43.37319952076311]],[[-5.823341096932209,43.37309880420625],[-5.823250983356697,43.37310103054272],[-5.823294044763668,43.373145986343424],[-5.823341096932209,43.37309880420625]],[[-5.824030842595678,43.37299172240239],[-5.823902124357656,43.37295090586382],[-5.823717539790592,43.3729994644145],[-5.823784649033615,43.3730790858565],[-5.824030842595678,43.37299172240239]],[[-5.823719428984628,43.37167447884887],[-5.823969634971982,43.37174676390871],[-5.824331190209846,43.37155901546403],[-5.824377676461174,43.37163257074339],[-5.824834869933,43.37177391271763],[-5.825004137722103,43.371707124516824],[-5.825072555982962,43.37157664632258],[-5.826060411417853,43.371410891678934],[-5.826281374830268,43.37102953266815],[-5.826899582617669,43.37105300224911],[-5.827051840162058,43.37093617593136],[-5.826013367017583,43.37057414072592],[-5.825142185108396,43.370418612190996],[-5.82427683735262,43.37038862051425],[-5.823662470721656,43.37044771801563],[-5.823410737527882,43.370666039263945],[-5.823361623597154,43.37093736878029],[-5.823719428984628,43.37167447884887]],[[-5.829976747870994,43.37087205724292],[-5.829852737698939,43.370859438969454],[-5.8295079067031725,43.37105546689858],[-5.829577822485949,43.371233813067825],[-5.8299961951159265,43.37128997629316],[-5.83035529462821,43.371049921146714],[-5.830615851788448,43.37102802852573],[-5.830642131090997,43.37093733892698],[-5.830088995511735,43.37063190581764],[-5.82994938113182,43.37077441904122],[-5.829976747870994,43.37087205724292]],[[-5.8345588268846065,43.36855492657223],[-5.8343116037067215,43.36854663073097],[-5.833584581922767,43.368836140283996],[-5.833338984199568,43.36886275864766],[-5.833346048642825,43.36901440399925],[-5.832977622880474,43.369053733445654],[-5.832739465893904,43.369240132365235],[-5.832250854556183,43.36934895109101],[-5.830563205706951,43.37021336077106],[-5.830363462204651,43.37040400928524],[-5.830731978180077,43.37075503604323],[-5.830743773826744,43.37093482117255],[-5.831346771732876,43.37113777261677],[-5.831839793745708,43.37112333590346],[-5.832515382001421,43.37080088413084],[-5.8329155095353045,43.3699806177303],[-5.833252238675997,43.369650011424696],[-5.833736093764785,43.369439098966296],[-5.833863316801961,43.36952071641694],[-5.8342340572288665,43.369531009130505],[-5.834972674497861,43.36949015387423],[-5.8352152976007075,43.36939968734863],[-5.835195645116481,43.369203760998246],[-5.8350379808940485,43.369027595218654],[-5.834744283672097,43.36894484240073],[-5.834739302428921,43.36867484996704],[-5.8345588268846065,43.36855492657223]],[[-5.838566398784597,43.36980166717373],[-5.838140857449246,43.37012107728019],[-5.838138675703914,43.37039124736674],[-5.838224874973475,43.370417484876576],[-5.838471637304314,43.37041573264473],[-5.838713917531412,43.370317955172915],[-5.838840923095653,43.37039473016161],[-5.839084263857654,43.37031968552375],[-5.839335135271634,43.37040595734583],[-5.840195513927834,43.3703293948587],[-5.840360483814839,43.37006592933423],[-5.840299702501514,43.36991756445976],[-5.8404264732685895,43.36998928785062],[-5.840547250341305,43.36993267586529],[-5.840521377909201,43.370061930145766],[-5.8406763653295455,43.37005458135944],[-5.840809606963845,43.37026482095362],[-5.841301249818673,43.37022106828758],[-5.8416614991150295,43.370006712732376],[-5.842148472890539,43.36986310624812],[-5.842500821838217,43.36947982139074],[-5.842747599051198,43.36947847282779],[-5.842867506276008,43.369403319468475],[-5.843334542112975,43.36883339834098],[-5.84370233076243,43.368780618459006],[-5.844018954817188,43.36862435891637],[-5.844054007158611,43.36838328780275],[-5.844532734632539,43.36806375543337],[-5.844956888808824,43.36761058747698],[-5.845229508021456,43.36715360697904],[-5.845487545404462,43.367057143468394],[-5.845556575970443,43.366875347298546],[-5.845499018089015,43.36669670323277],[-5.8443397225096225,43.36657555065224],[-5.844213044551455,43.36650575338635],[-5.843720140089375,43.36652183422262],[-5.843464276755105,43.36632856098499],[-5.843094110567326,43.366330164525706],[-5.842995760207765,43.36639885279383],[-5.842982896949595,43.36659118564648],[-5.842614611212096,43.36663306106493],[-5.842659497655176,43.366227140602454],[-5.842223376307205,43.36618382115727],[-5.84187048405674,43.36651688081205],[-5.8418736205187765,43.36662225969444],[-5.841631336697241,43.36671954153873],[-5.841377531453078,43.366570202620636],[-5.841163186033086,43.3666245066507],[-5.840841431342023,43.366902621716335],[-5.840861690970008,43.36726227270984],[-5.84077337779893,43.36735450676172],[-5.840428481752018,43.36738958822977],[-5.840314612707613,43.367594027636954],[-5.840072884474533,43.36770334314257],[-5.839829295803507,43.367772830751356],[-5.839831278350851,43.36746796101112],[-5.839563329045799,43.36736299575892],[-5.839453261073343,43.36764891849269],[-5.839332792648094,43.36771206926873],[-5.839204189813863,43.367600965812564],[-5.8389637716135105,43.36773839161083],[-5.838714779057071,43.367692125032676],[-5.838596905224293,43.367810888689306],[-5.838466016463471,43.36768195770157],[-5.837851283518511,43.36770112833298],[-5.83760975638983,43.367814859038525],[-5.83748129936086,43.367706818529896],[-5.837357982760373,43.36770896111706],[-5.836999644020959,43.36796432145569],[-5.8365075364601,43.36799778826964],[-5.83602006433369,43.36813068017446],[-5.835538142869787,43.36838267858399],[-5.835679557302316,43.36876867864775],[-5.835811457644744,43.36895058717859],[-5.835936463938121,43.3689846268761],[-5.836539421449468,43.36868147705768],[-5.836784710471173,43.36864828665042],[-5.838402484658055,43.36893400878345],[-5.838517508021433,43.368754115970326],[-5.839215460546501,43.36847368798652],[-5.839118454671019,43.368746214023865],[-5.8392825787291995,43.369102290923706],[-5.839025383716274,43.369058344754244],[-5.838848850357249,43.369113066441756],[-5.838912018777815,43.36920153583574],[-5.838811492001114,43.36938411042114],[-5.838554602219087,43.36948053035663],[-5.838505366283204,43.36957179198125],[-5.838566398784597,43.36980166717373]],[[-5.8406018859323545,43.36581731765335],[-5.839979565745874,43.36570472850973],[-5.839808261855101,43.36530760484515],[-5.839453756241832,43.36501579538015],[-5.839202660662572,43.364962497827335],[-5.8389212040317116,43.36424918067243],[-5.838674588358854,43.36418647235197],[-5.83745517203129,43.36450113562512],[-5.836597738207331,43.36463916273064],[-5.836234702252006,43.36479347613156],[-5.835984062569176,43.3647115746768],[-5.835747167839266,43.364924500993745],[-5.835375787792179,43.364899886711044],[-5.835207009007914,43.36506169958993],[-5.8348950619272095,43.36517706181558],[-5.834400835046582,43.36516458929351],[-5.834165063176982,43.36540177062527],[-5.833923226924622,43.36550882394905],[-5.833658501326128,43.36591045583113],[-5.833903658604845,43.366534647458806],[-5.834237048348693,43.366946685406354],[-5.83462069224241,43.367234193938145],[-5.834993265709443,43.367284111605535],[-5.835532821834192,43.36694442835433],[-5.835709464011872,43.36666992916178],[-5.835912800268687,43.36657484462624],[-5.836202471290237,43.36656765573086],[-5.836214295339577,43.36665740095833],[-5.8364521173813415,43.366809416193256],[-5.8367024010297275,43.366883481236755],[-5.837074855223469,43.3669308523776],[-5.837438186335382,43.36678264441283],[-5.837811524983657,43.36684897404258],[-5.838076098537168,43.366521139323936],[-5.838786779025866,43.36659047812919],[-5.839319278449392,43.3663101806591],[-5.839754355679025,43.366167714440195],[-5.840003127946817,43.36620938147269],[-5.840242456427039,43.366048794706494],[-5.8406091145047325,43.365972105334436],[-5.840680038452046,43.36591620838177],[-5.8406018859323545,43.36581731765335]],[[-5.84842300676041,43.36680223877175],[-5.84862200124132,43.36661889756304],[-5.849387506044391,43.36631515478989],[-5.849514408696244,43.36638963080368],[-5.8497614422089095,43.36639402588757],[-5.8503945119574015,43.36673546875643],[-5.850586180230558,43.36665995705213],[-5.850852213283578,43.36683339783831],[-5.850713718332159,43.3670169300405],[-5.850773149449872,43.36719552468936],[-5.851158413474531,43.36723497600477],[-5.851449652903915,43.366998569093624],[-5.851295664187669,43.36682233414611],[-5.851232210146159,43.36628368565796],[-5.851682521950165,43.36609237204805],[-5.851713214025068,43.36590666861055],[-5.8519940573363955,43.36599455882861],[-5.851758357704341,43.36636059545009],[-5.852245548762215,43.36673161836298],[-5.852496966839008,43.36682947340895],[-5.8531315081607325,43.36668647458264],[-5.853215661051321,43.36641425766703],[-5.8539440917142365,43.36610802008554],[-5.8540362551772285,43.36594357320401],[-5.8534238732953865,43.36554172318353],[-5.853133431007235,43.365515924569685],[-5.852921764572948,43.36536133648246],[-5.852748602891946,43.365525531951604],[-5.852560169500161,43.365545573870136],[-5.852231149831529,43.36589860281794],[-5.852006140383887,43.3659042186474],[-5.852294787779684,43.365536859952655],[-5.852541205676275,43.36544067053886],[-5.852668076171717,43.36521495326735],[-5.852912759439276,43.36516933603219],[-5.853152343688931,43.36501501769259],[-5.853198353884144,43.36515414911872],[-5.8534121406115185,43.365291613331635],[-5.8536599723531975,43.3653131135043],[-5.85393031276527,43.36549602598357],[-5.8539914575494265,43.36567457617007],[-5.854177208425801,43.36581584994364],[-5.854423919130384,43.36581340996887],[-5.854595716421696,43.36565948344685],[-5.854602306575101,43.36547924159439],[-5.8544051005117606,43.36541238973475],[-5.853924940324745,43.36495592841941],[-5.854010310271584,43.36488905048446],[-5.8542581938059355,43.36491168525723],[-5.854375322358268,43.3647778075124],[-5.854712211758049,43.36493626440037],[-5.854748551936441,43.36502539520668],[-5.854510787214747,43.365034681343815],[-5.854412433320233,43.36512382998184],[-5.854649889932287,43.36536904590242],[-5.854901480978528,43.36547062705294],[-5.855264335339228,43.365313378592006],[-5.855375749591992,43.36505780144991],[-5.8549084790782775,43.365021399921886],[-5.855037180638609,43.364838107306575],[-5.8556064403192085,43.36471418150377],[-5.8559770709201615,43.36472269114387],[-5.856096792965351,43.36464413768292],[-5.8561664635618,43.364449733544575],[-5.855999624788129,43.36418378745321],[-5.856193516661087,43.36407578696525],[-5.8565668445733,43.36414181688951],[-5.856681415618038,43.364076707386786],[-5.856675614453549,43.3638300871459],[-5.856794183753389,43.363727043349634],[-5.857046073372406,43.36383505370107],[-5.857288796726591,43.363747898962416],[-5.857517590882361,43.36336423286149],[-5.857956509337714,43.36305440047088],[-5.8580719618298325,43.36287143577284],[-5.85784585419523,43.36247108383799],[-5.857968653060701,43.362458165263384],[-5.858223113067117,43.362620953092815],[-5.858456673546044,43.3625016588645],[-5.859015837252327,43.36149724578483],[-5.858904118182125,43.36135632918535],[-5.858892983547854,43.3611193892231],[-5.858642556820422,43.361042335795446],[-5.85790498481721,43.361102903067874],[-5.857671201483893,43.36138013944873],[-5.85750450667063,43.36135496961167],[-5.857626008396927,43.361532008675],[-5.857512883829817,43.3616248760913],[-5.8576511922218675,43.36171145621609],[-5.857570018452564,43.36185319812667],[-5.856947334718775,43.36173265299664],[-5.856590212982248,43.36201144624041],[-5.8563399916576895,43.361938785524664],[-5.855854823350046,43.362118796449515],[-5.855604984333609,43.362054271264306],[-5.855486462669774,43.36215830667983],[-5.855241038400256,43.362187838209394],[-5.855114294490191,43.362116700485814],[-5.854992665246206,43.36215454007976],[-5.8548611625545055,43.36205130693272],[-5.854866099174842,43.361871106291346],[-5.854728034318036,43.36187455535612],[-5.854702838038873,43.361695107458445],[-5.854348689531748,43.36158015780909],[-5.8539980087861005,43.361892789699006],[-5.854010269423126,43.36198252215665],[-5.854378254888283,43.362243447249725],[-5.854340551543215,43.36242446630145],[-5.854519989443575,43.362600905215594],[-5.854150698130717,43.36262066099933],[-5.85402034585897,43.36252250244665],[-5.854136904203999,43.3624295527225],[-5.8541020729146105,43.36234038399818],[-5.853502634784319,43.361959074582856],[-5.853323946785863,43.36208969938285],[-5.853269796756632,43.362256961159666],[-5.852875026573984,43.362280984726986],[-5.852173521583106,43.362563527808504],[-5.851815676828566,43.362847658091454],[-5.85108554119325,43.36304731348756],[-5.850957785051987,43.363139179882204],[-5.850977024430312,43.36322873855893],[-5.8507884540407105,43.36332348152889],[-5.850828462501997,43.363592599427164],[-5.851117382349998,43.363726683699674],[-5.851339371692753,43.36366989139896],[-5.851489422014885,43.363765393359934],[-5.851686723678659,43.363661224000886],[-5.851581533659594,43.3635738102437],[-5.85159743077261,43.363436882543176],[-5.851852390295789,43.36361059742783],[-5.851734352937829,43.36372516309322],[-5.851711526783145,43.36393072100288],[-5.851943249910676,43.364285092804685],[-5.852291246252181,43.36436644611587],[-5.852541766751754,43.36454027021678],[-5.852575847016708,43.3647194967772],[-5.852773893252706,43.36480459157957],[-5.852657046931251,43.36497977397085],[-5.851485457616474,43.36456663274604],[-5.851259766605028,43.364131528530216],[-5.8508866379120095,43.364069627030865],[-5.850756620788544,43.363928622311796],[-5.850337297611065,43.36378492866517],[-5.85023761494085,43.363387150798346],[-5.849600740067957,43.36296369181983],[-5.8493524278780935,43.36293169895933],[-5.84934068458588,43.36281935698749],[-5.8490924109531335,43.36264978440285],[-5.848845744309953,43.36265289690504],[-5.848718421544633,43.36256926011766],[-5.8481055731135445,43.362658579909855],[-5.8478789840975,43.36276575454805],[-5.84774818192025,43.36293259915193],[-5.847623134826387,43.36289755773377],[-5.847257701110189,43.36299982178318],[-5.847098131981009,43.36314536612383],[-5.84679022593373,43.3638733462995],[-5.846330893226434,43.364064865336665],[-5.846357348327188,43.364154245076485],[-5.846199151099333,43.36411362424377],[-5.8457153927710825,43.36432478693172],[-5.84547949556224,43.36455827515507],[-5.845111194258103,43.364599517914755],[-5.844875939580151,43.36484681613312],[-5.844506199499472,43.364857337353634],[-5.8439347848136265,43.36511494637759],[-5.843839864748418,43.3652973858957],[-5.843479181973286,43.36548643846839],[-5.843433198121517,43.3656637333952],[-5.843177994179638,43.365764048359196],[-5.843318693852618,43.365854304049726],[-5.843437822817228,43.36576266535562],[-5.844183163095677,43.36586670852799],[-5.844441545396112,43.36611384251552],[-5.845313880680323,43.366294321254074],[-5.8456780713106316,43.36616499813032],[-5.8460191570352595,43.3661435186143],[-5.846092587188594,43.366231728478155],[-5.846297567629555,43.36621691701036],[-5.846678067575919,43.3664361355437],[-5.847076519966927,43.36647733492732],[-5.847302489800664,43.36659320662358],[-5.847669485318173,43.36652384863167],[-5.847919620767354,43.36659448475922],[-5.848175916406994,43.366796663605314],[-5.84842300676041,43.36680223877175]],[[-5.845128406294582,43.36436492581829],[-5.845052436117251,43.36436681721119],[-5.845100942839247,43.3643803380946],[-5.845128406294582,43.36436492581829]],[[-5.854971417152602,43.361598359201565],[-5.85507402903581,43.36186591157994],[-5.855352841379257,43.36194064829386],[-5.85547589832095,43.36193323902199],[-5.85571443844996,43.36175707999826],[-5.855962285824111,43.36177920510034],[-5.856062604510418,43.36157109285269],[-5.855945520105074,43.36142207429479],[-5.855572966759371,43.361372172239406],[-5.8550823090601085,43.36143517045373],[-5.854971417152602,43.361598359201565]],[[-5.856885501923897,43.36155052357157],[-5.8565589139527,43.36134488463893],[-5.856453529152407,43.36138124466343],[-5.856618734358637,43.36146715373369],[-5.856690685975422,43.36164543241294],[-5.856821263625116,43.361675864214135],[-5.856885501923897,43.36155052357157]],[[-5.857660297179973,43.36114800075615],[-5.857663268134097,43.36121124884726],[-5.857716626654557,43.36116958800887],[-5.857660297179973,43.36114800075615]],[[-5.857166144243106,43.36113649109764],[-5.8571619713763035,43.361047639936395],[-5.857093426508052,43.36109513204114],[-5.857166144243106,43.36113649109764]],[[-5.859027170945901,43.36302761902374],[-5.860102326945599,43.36321910641789],[-5.8602429398276366,43.3631772729321],[-5.859954945599919,43.36282432636946],[-5.860054289068235,43.362731801459304],[-5.859865596845491,43.36219629204632],[-5.859740200911553,43.362019352859974],[-5.859549493022435,43.36195961604983],[-5.859356351622195,43.362118996608174],[-5.859335388454166,43.36229959840323],[-5.859218667242106,43.36239255749081],[-5.859302530599926,43.36275061369606],[-5.859093428839551,43.3627586834604],[-5.858951685364459,43.36293946891695],[-5.859027170945901,43.36302761902374]],[[-5.855800743056214,43.36562937564472],[-5.855678395277629,43.365722471715245],[-5.855780972862481,43.36580308418323],[-5.85585493814979,43.36571805988031],[-5.855800743056214,43.36562937564472]],[[-5.844086404830651,43.36907611385495],[-5.843836925859553,43.369169120730895],[-5.8439015179008775,43.36925755191116],[-5.843760964648275,43.36935108829839],[-5.84376833811432,43.36953098204501],[-5.843590679871757,43.369895557425146],[-5.843647544611356,43.370884567091046],[-5.843279977047051,43.37188413768289],[-5.843386018501914,43.37206157639559],[-5.843937192767439,43.372317976534845],[-5.844491059365443,43.372450369768934],[-5.8452348550828965,43.372519594739586],[-5.845964597126349,43.37228848554487],[-5.8460832500717075,43.372186502459265],[-5.847985203999354,43.36996619827257],[-5.847949555948584,43.369869541581956],[-5.847232384477607,43.36944472607654],[-5.847245102519107,43.36935437059605],[-5.847307241200958,43.36933105011958],[-5.847564860937485,43.369561295590906],[-5.848197685967617,43.369897049897986],[-5.848327624081343,43.369867625321014],[-5.848431095860025,43.36961025771329],[-5.849056618501032,43.369790017323446],[-5.849302248663444,43.36976416296568],[-5.849391347439316,43.36957099112928],[-5.849657336218415,43.36944030516284],[-5.849934756844056,43.36910724725657],[-5.850315665121929,43.36882763128923],[-5.850274741759214,43.36873861341724],[-5.8498619568733226,43.36853929495612],[-5.849286583051324,43.368403101541],[-5.849351833025265,43.36818813533745],[-5.84972191132334,43.3681844202507],[-5.849851360400358,43.368313147244955],[-5.850479467930746,43.36854826150926],[-5.850722253659301,43.36846184036478],[-5.850828016233618,43.368274619224856],[-5.85100056735599,43.36818027586274],[-5.850946265907322,43.36797492536915],[-5.851197240785308,43.36806325832311],[-5.851361384031191,43.36799119625689],[-5.850938089337295,43.367800485979],[-5.850820342322105,43.36792144786766],[-5.850567113897725,43.36778500684169],[-5.849951710157027,43.367820848120274],[-5.849702539377293,43.36777096073278],[-5.849575450206795,43.36769257202233],[-5.849597634693336,43.36749495941725],[-5.849312681397459,43.36735239621337],[-5.8490641733384034,43.36731660445053],[-5.8486991243541295,43.367427590082436],[-5.848571645410552,43.36734083546814],[-5.847861292312603,43.36726812806462],[-5.847697121121229,43.367114130325724],[-5.847211903365492,43.3672945028735],[-5.846830698320283,43.36706037892954],[-5.846460791975087,43.367067626955304],[-5.8462090583727875,43.36696284426997],[-5.845964272500882,43.36700653098394],[-5.845937192652434,43.36713598494626],[-5.84549332580846,43.3673271154471],[-5.8447682973117745,43.36833559144967],[-5.844547568586335,43.36838093352557],[-5.844273231476997,43.36861803036708],[-5.844041616007469,43.36898394943579],[-5.844086404830651,43.36907611385495]],[[-5.848085507710971,43.37013712537665],[-5.847034445268036,43.37143050667983],[-5.846778586138787,43.371887073729376],[-5.846813547168554,43.37196740407525],[-5.848020728684026,43.37138937757114],[-5.848425201170598,43.3707655790238],[-5.848782626129094,43.37048655352796],[-5.8487564488050054,43.370307128935146],[-5.848580653249971,43.37016829311701],[-5.848085507710971,43.37013712537665]],[[-5.846690283285413,43.37197084931609],[-5.846691496931034,43.37199677630378],[-5.8467816668144215,43.37197703555951],[-5.846690283285413,43.37197084931609]],[[-5.843176480840342,43.37278709858779],[-5.843548971133118,43.37341960462864],[-5.8437983773095095,43.373474131091626],[-5.844129641839697,43.37339364984484],[-5.844276804449368,43.37314732053858],[-5.844655413702994,43.37302040867389],[-5.84482042625605,43.37283622373539],[-5.843255196604131,43.372416122372655],[-5.843176480840342,43.37278709858779]],[[-5.845613225372345,43.37269251320028],[-5.845619193084167,43.37282004559063],[-5.845995876599083,43.37295685788681],[-5.846072325986796,43.372895089958696],[-5.846024059210342,43.372716214921944],[-5.845886258564012,43.37262960820629],[-5.845613225372345,43.37269251320028]],[[-5.842728827906329,43.37126757931248],[-5.842961858196743,43.37142174295476],[-5.843084998033318,43.37141566309906],[-5.843237319967354,43.371254928859685],[-5.8432163662556205,43.37080525719022],[-5.842876606707057,43.3707236714288],[-5.843246177336682,43.3704443610494],[-5.843313288686164,43.37026261403793],[-5.843202469541333,43.36999525546181],[-5.843260829939031,43.36989666616785],[-5.843012774827959,43.369870713715294],[-5.842529177737037,43.370086523792104],[-5.842283824531463,43.37011839557834],[-5.84197916973535,43.370385839356075],[-5.842215729584044,43.37074011042614],[-5.842443546965667,43.37089509629799],[-5.84280830046047,43.370777103272815],[-5.842596578264448,43.37100075328686],[-5.842728827906329,43.37126757931248]],[[-5.83610056534294,43.36954146093998],[-5.836638635634265,43.37051853093822],[-5.837247934149942,43.37064117567771],[-5.837467595179841,43.370497950893416],[-5.837453642684157,43.37022818142648],[-5.837657902833731,43.36995299358051],[-5.8381175502066425,43.36958142430191],[-5.838235630436236,43.369218337068475],[-5.838040062110248,43.369101906705026],[-5.837502176471479,43.3690564739591],[-5.837092391581635,43.368886570966865],[-5.836672025396534,43.36887842068665],[-5.836156613600679,43.369269953964526],[-5.83610056534294,43.36954146093998]],[[-5.833283687527988,43.370241605951534],[-5.833158179864583,43.370280311713614],[-5.832965239456229,43.37060965550608],[-5.8331795263562904,43.37073853842514],[-5.834905351586851,43.37069363649765],[-5.835391558724678,43.37053312354887],[-5.835642465216305,43.37062023999178],[-5.836134928403536,43.37059393420493],[-5.836257361544126,43.37057272125625],[-5.83632298047367,43.37043632728328],[-5.836234321292454,43.37007867032436],[-5.836103701413496,43.369924303977605],[-5.835965056183604,43.36990497851968],[-5.835974489935176,43.36980012669775],[-5.835474841580038,43.36967218026424],[-5.834616579857036,43.3697940962411],[-5.833998234911363,43.36976746647319],[-5.833508021080416,43.36984193015314],[-5.833504829054937,43.369966006939286],[-5.833307355683271,43.37006094182419],[-5.833283687527988,43.370241605951534]],[[-5.842942131615305,43.365718997667365],[-5.8429452535325535,43.36578579351894],[-5.84300073056661,43.365768458508406],[-5.842942131615305,43.365718997667365]],[[-5.842886747399434,43.36568125548877],[-5.842777612348054,43.365683970418054],[-5.842818535957044,43.36571507817883],[-5.842886747399434,43.36568125548877]],[[-5.83188080317912,43.371716997910966],[-5.831833754800003,43.37180820245461],[-5.831995809346841,43.37182323239367],[-5.831992965818806,43.37176217022528],[-5.83188080317912,43.371716997910966]],[[-5.841219955645253,43.37130510425364],[-5.841254444912242,43.37139428535135],[-5.841228380413839,43.37130314623926],[-5.841219955645253,43.37130510425364]],[[-5.837229818699314,43.38049813647048],[-5.837336593520276,43.38047712382167],[-5.837404841154818,43.38040375229919],[-5.837208234425764,43.38037177118547],[-5.837229818699314,43.38049813647048]],[[-5.832626822092184,43.38088244411382],[-5.831858764883182,43.38135167281936],[-5.831176818916548,43.38190880148023],[-5.830644520184602,43.382552257807205],[-5.830642986723299,43.382732372830326],[-5.830898974705923,43.38272851479509],[-5.831025694733674,43.382632853712984],[-5.831482180179953,43.38199789018588],[-5.832261403880417,43.38152177123275],[-5.832936257118413,43.38078473487636],[-5.832626822092184,43.38088244411382]],[[-5.828416390200306,43.38638904576324],[-5.82849989130599,43.38638697896461],[-5.828473265570081,43.38631080456462],[-5.828416390200306,43.38638904576324]],[[-5.862233426849334,43.36392420113956],[-5.862486938207749,43.364066452723264],[-5.862672947060573,43.3639267731575],[-5.862223651604642,43.36371644960421],[-5.8621474679867625,43.36375985831732],[-5.862233426849334,43.36392420113956]],[[-5.863235580030507,43.36436287043606],[-5.863491335081963,43.36443024058221],[-5.863637932832297,43.364352788549425],[-5.8634795675899705,43.3641802623828],[-5.8629789201623,43.36403130953026],[-5.862877409550995,43.36410172825646],[-5.863235580030507,43.36436287043606]],[[-5.864235244081136,43.364503523219796],[-5.863984228209058,43.36441440059991],[-5.863863851165579,43.364478814753994],[-5.864000278626384,43.36475529769963],[-5.864274998464916,43.364696976821115],[-5.864235244081136,43.364503523219796]],[[-5.8724431039979335,43.36863372544769],[-5.872378784037035,43.3683652267061],[-5.872064688176469,43.368274032181695],[-5.871971714852827,43.36837545803014],[-5.871204593954122,43.368355125248414],[-5.87094839388669,43.36840117188339],[-5.870938492351351,43.3684914591502],[-5.870593638585272,43.36848506624761],[-5.87048494977198,43.368592891234485],[-5.870487175270925,43.36877291234472],[-5.8706165176943435,43.368969807164376],[-5.8713545069545185,43.36891634109901],[-5.871715542105482,43.368721046690034],[-5.872212791504572,43.36879676489639],[-5.8724431039979335,43.36863372544769]],[[-5.874484618484419,43.36777204425286],[-5.874564483821507,43.367770035265785],[-5.874506772068233,43.36771828324278],[-5.874484618484419,43.36777204425286]],[[-5.8780676918640165,43.367334640063135],[-5.878318175632106,43.36741182566393],[-5.878392209273203,43.36722349208067],[-5.878182800506114,43.367159096611076],[-5.877997487811676,43.367233433862246],[-5.8780676918640165,43.367334640063135]],[[-5.88294904231414,43.36356472769161],[-5.882826419849165,43.363690251950345],[-5.88295644306539,43.36372088295037],[-5.883022802532498,43.36368529758437],[-5.88294904231414,43.36356472769161]],[[-5.889611658761518,43.36018745269845],[-5.889829180398672,43.36018195211471],[-5.889820971154648,43.36014788114906],[-5.889611658761518,43.36018745269845]],[[-5.889836155427341,43.360091737207185],[-5.889943081078033,43.36012070511362],[-5.890083951229313,43.36008547054539],[-5.8900636927811245,43.36006199303101],[-5.889836155427341,43.360091737207185]],[[-5.855987088138092,43.35436988421134],[-5.855833517160193,43.3537780518502],[-5.855868855444714,43.35453102533404],[-5.855987088138092,43.35436988421134]],[[-5.859371007190505,43.34765835731925],[-5.859296000398295,43.34771431133951],[-5.859421829047312,43.34771116300618],[-5.859371007190505,43.34765835731925]],[[-5.860567821018404,43.346872307507944],[-5.860442979729631,43.34684108708172],[-5.8601680910656215,43.34715225524731],[-5.859605664106396,43.34740093352986],[-5.859432984448073,43.34762084507612],[-5.859616826773474,43.34763852503014],[-5.859977219086408,43.347431356144035],[-5.860567821018404,43.346872307507944]],[[-5.860634521761322,43.346780425292735],[-5.86070898406341,43.346778561332904],[-5.860684687007393,43.34673383500697],[-5.860634521761322,43.346780425292735]],[[-5.860736090638868,43.34668784397049],[-5.860806746729017,43.34670587656277],[-5.860833419139813,43.34668540752201],[-5.860803598809145,43.34663890076165],[-5.860736090638868,43.34668784397049]],[[-5.837618280439158,43.36270658379973],[-5.8378841022663215,43.363374552980304],[-5.837809626307231,43.36346644115716],[-5.83804437840042,43.36355065011165],[-5.837853448229388,43.36373546907715],[-5.837859271719793,43.36391540188534],[-5.838171515498094,43.36398424520281],[-5.838659034606764,43.36371546106192],[-5.838648362636772,43.36362446832025],[-5.838311003383492,43.36345398952958],[-5.83845324911126,43.363000262895206],[-5.83844190570418,43.36255035103725],[-5.838222018861274,43.36242165380741],[-5.83785303883825,43.36244817944969],[-5.837646418765308,43.3625701066949],[-5.837618280439158,43.36270658379973]],[[-5.836117780559538,43.362608054356336],[-5.83573686766276,43.362617507136825],[-5.8354923042503595,43.362533536844495],[-5.8353820544366,43.36238666577497],[-5.835258804674085,43.362390012723445],[-5.835043004991279,43.36254468410983],[-5.8349840060139275,43.36308638018297],[-5.8350909162881885,43.36317376664867],[-5.835074819848468,43.363354243443],[-5.8354503262703465,43.363705081909735],[-5.83554353840243,43.363882846538104],[-5.835456555958015,43.363985064815225],[-5.835657992351205,43.36397004527632],[-5.83561747594278,43.363881011915545],[-5.835824846730478,43.363943531137856],[-5.83616634117809,43.363777352628254],[-5.836456110997192,43.36377016067465],[-5.836429572239542,43.363679331942684],[-5.836675609346315,43.36366261293209],[-5.83679520908725,43.36358094213366],[-5.837167702324255,43.36362958613185],[-5.83738975063264,43.36347686701416],[-5.837124416063838,43.362701462973966],[-5.836137074815004,43.362699528470834],[-5.836128822811602,43.362522526235324],[-5.836117780559538,43.362608054356336]],[[-5.836870033934259,43.36253914550027],[-5.8371537640461,43.36240226137114],[-5.836967478671739,43.36198244530321],[-5.836498196574635,43.36250857390439],[-5.836870033934259,43.36253914550027]],[[-5.837682464526028,43.36143697274607],[-5.83735668465453,43.3622171458448],[-5.83747808520757,43.36234664067202],[-5.837725402389121,43.36235748539873],[-5.838210832090202,43.36218187578891],[-5.838299767766516,43.36210368775534],[-5.838298680291699,43.36183359856912],[-5.838176728170879,43.361450871753654],[-5.837803334500128,43.361382652824645],[-5.837682464526028,43.36143697274607]],[[-5.836638081679028,43.360974443097895],[-5.8372043103416384,43.3617684933415],[-5.837223898095793,43.36159017151352],[-5.8371339571378,43.361502365739426],[-5.837253627310626,43.36122927843629],[-5.837673963326817,43.36125471673035],[-5.838007330560422,43.36112052450013],[-5.837961030463172,43.360851558084995],[-5.837771492395976,43.360700013446824],[-5.836912975727281,43.36081366201098],[-5.836638081679028,43.360974443097895]],[[-5.841979671125981,43.36360918814518],[-5.841982202058389,43.36366336181182],[-5.84200165385716,43.363632381052234],[-5.841979671125981,43.36360918814518]],[[-5.8367511293303185,43.35998917814864],[-5.836377918526275,43.35992465326353],[-5.835995753866039,43.359668026549286],[-5.835879635927768,43.35982425857102],[-5.8357382696805455,43.35973623225433],[-5.835005468796059,43.3596018584678],[-5.835262972587238,43.35983154090572],[-5.835514958031997,43.35994277771518],[-5.835761235379441,43.359931530910515],[-5.836013413156383,43.36017959825294],[-5.83639590956602,43.36031055315145],[-5.836536789240698,43.36068542808505],[-5.8371501109330515,43.36060630784965],[-5.837870984944808,43.3604036004785],[-5.837863340538619,43.36022371280497],[-5.837668586537102,43.360048471447534],[-5.837644915608045,43.359868981706455],[-5.837481911441858,43.359782845430665],[-5.83723176288963,43.35971106017002],[-5.836994336652181,43.359912095615755],[-5.8367511293303185,43.35998917814864]],[[-5.834617313806762,43.3592164887952],[-5.8343686488909485,43.359176427916026],[-5.834108812786639,43.35932646060195],[-5.834257158227528,43.359432061602945],[-5.834626991606982,43.35942420861116],[-5.835003322977294,43.359555808246526],[-5.835076298342845,43.3594825403856],[-5.834617313806762,43.3592164887952]],[[-5.838406082171909,43.357148915419714],[-5.838547317929528,43.35687529100631],[-5.838079317600873,43.35671734185801],[-5.837959817697069,43.356800836637824],[-5.837832593584255,43.356718722965056],[-5.83746309356793,43.35673336154684],[-5.837343822950402,43.35682179222045],[-5.83599453041842,43.356994424499035],[-5.835509273803098,43.35717301418745],[-5.835139418867872,43.35718010790607],[-5.835019353004788,43.357251561962606],[-5.834769056664785,43.357176315612364],[-5.834759966803856,43.35804976708638],[-5.835061397835892,43.35815391057906],[-5.835924841971636,43.35814670383606],[-5.836555621077685,43.35844256943322],[-5.836918489938104,43.3582854859523],[-5.836948081607275,43.35817554600866],[-5.837403870799239,43.358109463205906],[-5.837701959801006,43.35797675103496],[-5.838238896238238,43.35724310658232],[-5.838406082171909,43.357148915419714]],[[-5.834435351151829,43.357959410132146],[-5.834428111804891,43.35780400984809],[-5.834313775439725,43.35788075669716],[-5.834435351151829,43.357959410132146]],[[-5.828434883976941,43.356293918167545],[-5.828891433532137,43.35549754726624],[-5.829158485626559,43.355487413094],[-5.828501631894024,43.35507532712602],[-5.828381901501484,43.35515408068138],[-5.82828725418134,43.35541893951963],[-5.828434883976941,43.356293918167545]],[[-5.829239335313862,43.35501849973458],[-5.829405575956177,43.35494106262832],[-5.82923325227476,43.35488766720688],[-5.829128900898037,43.35494791238001],[-5.829239335313862,43.35501849973458]],[[-5.82978500042259,43.35348551328278],[-5.830034026014661,43.35312472407267],[-5.830008869909899,43.352992965578416],[-5.829564612712437,43.35322638654536],[-5.828901295913474,43.353783041535976],[-5.828594080232785,43.35440966860938],[-5.828727787345111,43.35463161921492],[-5.829585113624288,43.35449389992331],[-5.829704524089809,43.35440832718264],[-5.8296424475750035,43.35403480916944],[-5.82978500042259,43.35348551328278]],[[-5.813214707890276,43.37217803707294],[-5.813001498368033,43.37210732348785],[-5.812894023041638,43.37227596980089],[-5.8130117995717585,43.37233002470118],[-5.813214707890276,43.37217803707294]],[[-5.81363564862208,43.37247523975094],[-5.813545238390699,43.37253005463598],[-5.813641807974216,43.37260836700845],[-5.813723020584269,43.37252567742822],[-5.81363564862208,43.37247523975094]],[[-5.807452093734105,43.374883781976145],[-5.807526376510863,43.374748973458196],[-5.807439477801316,43.374610521877784],[-5.807312328905976,43.374529983294586],[-5.807065040115138,43.3745207206939],[-5.806979287022437,43.37458233546605],[-5.80723985703465,43.37484605095428],[-5.807452093734105,43.374883781976145]],[[-5.803999061712934,43.37645627410645],[-5.803722610652,43.37664313444951],[-5.804082931073755,43.3767685674244],[-5.804194460872601,43.37651041608539],[-5.804166168388243,43.37645217370216],[-5.803999061712934,43.37645627410645]],[[-5.803024501524863,43.37790713677344],[-5.803026443786848,43.3779492677607],[-5.803053224257739,43.37792009741922],[-5.803024501524863,43.37790713677344]],[[-5.802840843843149,43.37801534533287],[-5.802747257949573,43.37801764066003],[-5.802785084271453,43.378068921863594],[-5.802840843843149,43.37801534533287]],[[-5.802729981822777,43.37810810307061],[-5.802662472388986,43.3780868403279],[-5.802604973146529,43.37811116894805],[-5.802665064698007,43.37814307884843],[-5.802729981822777,43.37810810307061]],[[-5.801807540064291,43.37828503044743],[-5.801850879320688,43.37821969913354],[-5.801803157664964,43.37818992827221],[-5.80175742742926,43.378221990364175],[-5.801807540064291,43.37828503044743]],[[-5.79554982085877,43.37910354258349],[-5.795676182830998,43.379167089877036],[-5.795798114047668,43.37913427614919],[-5.795948711970598,43.37899452784293],[-5.7956677265120895,43.378983181984324],[-5.79554982085877,43.37910354258349]],[[-5.806040449658832,43.37820694032599],[-5.806126260542373,43.37824995700244],[-5.806345333536438,43.37810941484973],[-5.806113830965553,43.37798063778364],[-5.806040449658832,43.37820694032599]],[[-5.812717257437576,43.37396749850451],[-5.812776102877264,43.373899569137556],[-5.8127055048540965,43.37371340772483],[-5.812704709955005,43.373901326360965],[-5.812717257437576,43.37396749850451]],[[-5.810693206725359,43.38091437717081],[-5.810690549324591,43.38085689704348],[-5.810598781875537,43.38088611796528],[-5.810693206725359,43.38091437717081]],[[-5.814221590244402,43.38246899070391],[-5.814224131642099,43.382523889475635],[-5.814254192728387,43.38250688819306],[-5.814221590244402,43.38246899070391]],[[-5.813915658707185,43.383145494928876],[-5.813831739289358,43.38314756134119],[-5.8138846739232415,43.383191088110614],[-5.813915658707185,43.383145494928876]],[[-5.813543867611474,43.3838293021686],[-5.813540074954461,43.383747357794554],[-5.813498423373472,43.38378603832029],[-5.813543867611474,43.3838293021686]],[[-5.8135204283976245,43.38423568943508],[-5.813568026891342,43.38396440178463],[-5.8134233619523235,43.38389290914741],[-5.813185441619966,43.38433397513612],[-5.81332554936535,43.384446862048215],[-5.8135204283976245,43.38423568943508]],[[-5.812868898138986,43.384881998742095],[-5.812941982497629,43.38524035401743],[-5.812872760128404,43.385333190487785],[-5.8127429408636875,43.38519559892343],[-5.811785801551308,43.385854502038],[-5.811439265624674,43.38636961039518],[-5.81142968666324,43.386538110119496],[-5.811695282777239,43.386566505939385],[-5.8120742452725045,43.386752338665254],[-5.812429762180585,43.38643140692555],[-5.812911057974436,43.38616079071064],[-5.813519898711777,43.38597865641594],[-5.8133697132839,43.38477963148861],[-5.813449542871507,43.384458589213644],[-5.812868898138986,43.384881998742095]],[[-5.817006681156225,43.3786355216607],[-5.816902511302175,43.37884009296634],[-5.816998934552415,43.37901779332902],[-5.817274254786309,43.37908216270746],[-5.817482840466396,43.37900586355164],[-5.8175669999272674,43.37882371130783],[-5.817462363728382,43.37864621391547],[-5.817251205256587,43.378584725523964],[-5.817006681156225,43.3786355216607]],[[-5.82403517394033,43.38113107646529],[-5.8240274615863585,43.380965046859046],[-5.823901708372308,43.380915323456115],[-5.82378097224155,43.3809736122618],[-5.823788292094406,43.38113120596783],[-5.823914135368891,43.38118286039577],[-5.82403517394033,43.38113107646529]]],[[[-5.848307694025003,43.36961065311725],[-5.84815741771135,43.36960175182864],[-5.848363908204503,43.369596605145915],[-5.848307694025003,43.36961065311725]]],[[[-5.851890490183751,43.36329598435729],[-5.8520909762761955,43.36343505618645],[-5.852097133188579,43.36356637516108],[-5.851889796832479,43.36356611762009],[-5.851682947144085,43.36339120228271],[-5.851890490183751,43.36329598435729]]],[[[-5.839685142385251,43.36783174711027],[-5.839725455373561,43.36783074535354],[-5.8397117202501665,43.36789793946687],[-5.839685142385251,43.36783174711027]]],[[[-5.839509645805459,43.368106223907176],[-5.839478232453985,43.36818381552915],[-5.839465154859289,43.36810732939958],[-5.839509645805459,43.368106223907176]]],[[[-5.842005866119693,43.36795413243536],[-5.843137803635962,43.36801601457061],[-5.843239848923704,43.368103514318754],[-5.843180952399677,43.36818798809638],[-5.84280455423979,43.368056501203405],[-5.842434161120172,43.36805347489105],[-5.842314301174667,43.368129596342044],[-5.8422550507154165,43.36803797367207],[-5.842005866119693,43.36795413243536]]],[[[-5.839332768585113,43.3682906960814],[-5.839410217401909,43.36819873309166],[-5.839360143241335,43.36829795282812],[-5.839332768585113,43.3682906960814]]],[[[-5.839244154284952,43.368457090462165],[-5.839231347494328,43.36838325462019],[-5.839238352185692,43.368332799401486],[-5.839278116771927,43.36838209261155],[-5.839244154284952,43.368457090462165]]],[[[-5.839661592866412,43.369467700623055],[-5.839659352212655,43.36941971078458],[-5.8396865378892615,43.36945240806102],[-5.839661592866412,43.369467700623055]]],[[[-5.822001954517326,43.37455990828476],[-5.822741060787584,43.374528086018984],[-5.822883553274421,43.37455072603902],[-5.822744049941858,43.37459247985761],[-5.822001954517326,43.37455990828476]]],[[[-5.820470292015162,43.37515054567609],[-5.820415849330101,43.37515188937506],[-5.8204233093817175,43.37511944620612],[-5.820470292015162,43.37515054567609]]],[[[-5.821613886799578,43.3753023919259],[-5.821509749191885,43.37530496316625],[-5.821539624720719,43.375236466040676],[-5.821613886799578,43.3753023919259]]],[[[-5.821667823229902,43.375339186119675],[-5.821671798327558,43.375424849777716],[-5.8216323839956265,43.37539197385187],[-5.821667823229902,43.375339186119675]]],[[[-5.820143418010156,43.375428728818434],[-5.820246519073015,43.3754261844058],[-5.820192572973909,43.375467169666074],[-5.820143418010156,43.375428728818434]]],[[[-5.819969975347174,43.37561308627196],[-5.819790208724542,43.375617522205616],[-5.819949633417547,43.37555181182617],[-5.819969975347174,43.37561308627196]]],[[[-5.819226458956648,43.37592756232065],[-5.8192243105117685,43.37588122380929],[-5.81929019716029,43.375899974991604],[-5.819226458956648,43.37592756232065]]],[[[-5.820727567437243,43.37635671534141],[-5.820847128742363,43.376273231724646],[-5.820940703832262,43.376309436752756],[-5.820850389524495,43.376343520030986],[-5.820727567437243,43.37635671534141]]],[[[-5.820681668790153,43.37640586948018],[-5.8206127464468835,43.376542394534276],[-5.820605345960401,43.37638285945838],[-5.820681668790153,43.37640586948018]]],[[[-5.8207853014491695,43.376673427362206],[-5.820713692466554,43.37667519493961],[-5.82073789835987,43.376579413109674],[-5.820741563123993,43.37658446835795],[-5.8207853014491695,43.376673427362206]]],[[[-5.8209026403711555,43.37746978670399],[-5.820896296519689,43.37739099653601],[-5.820938441263095,43.37738995618279],[-5.8209026403711555,43.37746978670399]]],[[[-5.828816362427489,43.3724596214207],[-5.82930626794294,43.37259111647076],[-5.829071300873932,43.372633434439585],[-5.828322587179917,43.37245811249415],[-5.828008852461851,43.37235311526464],[-5.827987784005773,43.37226359799279],[-5.828063438150221,43.37219369434916],[-5.828190798634577,43.37227830218297],[-5.828451777988042,43.37225211460015],[-5.828816362427489,43.3724596214207]]],[[[-5.8386954146120065,43.37256573546304],[-5.83880928822033,43.3723610959624],[-5.839024389566247,43.37244013462648],[-5.8386954146120065,43.37256573546304]]],[[[-5.838452189614348,43.372643460453006],[-5.838451165032723,43.37262150927986],[-5.838584490630168,43.3726311397152],[-5.838452189614348,43.372643460453006]]],[[[-5.825027063722757,43.38653721395566],[-5.824909419616558,43.38647579425042],[-5.825029278730984,43.38647283119223],[-5.825027063722757,43.38653721395566]]],[[[-5.825152189902828,43.386573171153486],[-5.825042015362991,43.38656255481779],[-5.8251510567593865,43.38654879153232],[-5.825152189902828,43.386573171153486]]],[[[-5.825278454814002,43.38663362384453],[-5.825780655189488,43.386813877058984],[-5.825813161439262,43.38690364204669],[-5.825530360327846,43.38682059647816],[-5.825278454814002,43.38663362384453]]],[[[-5.826036627689462,43.38770846217543],[-5.826110554096881,43.38770663390807],[-5.826072140110524,43.38777255749362],[-5.826036627689462,43.38770846217543]]],[[[-5.8259640636192085,43.38789033366051],[-5.825942097536501,43.38780083840112],[-5.825997540273424,43.38779946730194],[-5.8259640636192085,43.38789033366051]]],[[[-5.825832534271185,43.38792976646143],[-5.825854562512334,43.387983080042744],[-5.8258362288037535,43.388009231297126],[-5.8257920992163115,43.387984624680705],[-5.825832534271185,43.38792976646143]]],[[[-5.827321527378881,43.3880910005463],[-5.827441065200886,43.388006729153815],[-5.827450919206113,43.38803363103461],[-5.827321527378881,43.3880910005463]]],[[[-5.825594565464332,43.38812221512437],[-5.825713362551751,43.38802195771144],[-5.825781989364997,43.38807491315739],[-5.825601720462272,43.38827612194687],[-5.825594565464332,43.38812221512437]]],[[[-5.82698240114707,43.38876282558938],[-5.826909197167259,43.38867730284623],[-5.826973802920708,43.3885779678404],[-5.827095743036662,43.38867268786989],[-5.82698240114707,43.38876282558938]]],[[[-5.8268679171179265,43.38895579916569],[-5.8268179631912105,43.388859636706705],[-5.8268597102879,43.388779350325805],[-5.82697917894031,43.38885564852014],[-5.8268679171179265,43.38895579916569]]]]}},{"type":"Feature","properties":{"db":60},"geometry":{"type":"MultiPolygon","coordinates":[[[[-5.806184850478572,43.320648766802215],[-5.806186565485347,43.32068600099297],[-5.806144136884584,43.32066945626501],[-5.806184850478572,43.320648766802215]]],[[[-5.80606537233254,43.32073220634669],[-5.806067413731447,43.3207765285282],[-5.806012203753649,43.32076273493063],[-5.80606537233254,43.32073220634669]]],[[[-5.8054661769785945,43.3211103198837],[-5.805468551031629,43.32116187487539],[-5.805423873485685,43.32113733556665],[-5.8054661769785945,43.3211103198837]]],[[[-5.805347148924953,43.321203574525036],[-5.805349137239848,43.32124675452119],[-5.805303778597587,43.32123032282182],[-5.805347148924953,43.321203574525036]]],[[[-5.804513504580566,43.32184684376638],[-5.804516879538703,43.32192015743769],[-5.804481549790861,43.32188077768994],[-5.804513504580566,43.32184684376638]]],[[[-5.804311456905391,43.32215506949869],[-5.804284167515004,43.32222290126003],[-5.8042571507358796,43.322156402003],[-5.804311456905391,43.32215506949869]]],[[[-5.804192866913267,43.3223380580193],[-5.804133740325546,43.32233950873947],[-5.804164149073133,43.32229472438746],[-5.804192866913267,43.3223380580193]]],[[[-5.803963824523872,43.322613795677036],[-5.803934727632715,43.322669029271545],[-5.8039047087438895,43.32261524601415],[-5.803963824523872,43.322613795677036]]],[[[-5.796699846381123,43.32356896181318],[-5.801064280131857,43.32160442401661],[-5.801650116875262,43.32126094799275],[-5.80250188711365,43.3210112305311],[-5.8049101033387345,43.31974658844525],[-5.806003896798338,43.319397422350704],[-5.806117811898322,43.319193248774695],[-5.80768412890775,43.31839423132813],[-5.807807639679592,43.31839844430417],[-5.807772688092499,43.31828843476911],[-5.8080498281627255,43.31830200087051],[-5.808564396189574,43.318088903129926],[-5.808889747743335,43.317796680960036],[-5.8095028132565965,43.31772052565185],[-5.809618243644833,43.31754953046572],[-5.809865211880917,43.31755686934339],[-5.810246974698345,43.317417266976015],[-5.810585109130394,43.317123453406985],[-5.810711463901566,43.31718937203747],[-5.811325658955235,43.31713788058174],[-5.8121350180354545,43.316825252023065],[-5.813831280777876,43.316783502132566],[-5.811455023744772,43.31726901640775],[-5.8109764778899695,43.31758790544609],[-5.810352058900204,43.31777484058177],[-5.806860311433856,43.31924946947484],[-5.806374726626665,43.31941639328042],[-5.806005389272632,43.31942982870011],[-5.805168362479187,43.31999897536712],[-5.802390654239649,43.3212740467065],[-5.802032727456914,43.32153584226739],[-5.799776870688936,43.32271644201096],[-5.797090740929317,43.324024430234374],[-5.796602597011087,43.324137014801245],[-5.79636673728299,43.324372220695416],[-5.7949144913361055,43.32497595591734],[-5.7925979986158875,43.32556007861309],[-5.791860961984694,43.32562446293372],[-5.7916112558742014,43.3255580556136],[-5.790637259094388,43.325834253287944],[-5.788920970832119,43.32606047101299],[-5.788674474279205,43.32606414123594],[-5.7884235163788995,43.32597035309331],[-5.788064052708619,43.32620047107832],[-5.78708245881736,43.32631120804004],[-5.78683422124139,43.32627684899284],[-5.785983224148417,43.32654647995601],[-5.784383746744798,43.32663082419057],[-5.783899831785012,43.32683691316047],[-5.780483423592111,43.32764617987929],[-5.779872250091543,43.327766785891825],[-5.77963779932143,43.32770999189361],[-5.779741377860087,43.327601645779346],[-5.7805937155919995,43.32736045230527],[-5.783644816792232,43.32665425800042],[-5.78438166765956,43.32658534101784],[-5.785592539744658,43.326094168305985],[-5.786445963346541,43.32587768087375],[-5.790857654907953,43.32526092114727],[-5.791355173291284,43.325352484645215],[-5.791718293184043,43.325202524513394],[-5.793656127384027,43.32475704745469],[-5.794766054482286,43.32442871592531],[-5.7951212083259875,43.324105444704],[-5.795491520374876,43.32411257478151],[-5.796437998172749,43.323788620134685],[-5.796699846381123,43.32356896181318]]],[[[-5.783886544962022,43.327696617802324],[-5.784020457368992,43.32751327705494],[-5.7840499093474245,43.32742203401061],[-5.784092381452146,43.32760156438346],[-5.783949278975541,43.327918795244386],[-5.783886544962022,43.327696617802324]]],[[[-5.783831881373534,43.32804872835117],[-5.783802811302344,43.32796877555103],[-5.783826274718694,43.327926055697574],[-5.783877907274363,43.327966946363766],[-5.783831881373534,43.32804872835117]]],[[[-5.803111932112544,43.323548816584065],[-5.80060309645431,43.325311430487936],[-5.799880725353349,43.32569462374504],[-5.7990320083065505,43.32601242833062],[-5.789142725969102,43.32820993930654],[-5.788810251620226,43.328206853588185],[-5.798173222532805,43.32611124084279],[-5.799269509349533,43.32581303225613],[-5.800357154428219,43.325327078580834],[-5.80122898123929,43.324751765064065],[-5.803106515611395,43.323431102326666],[-5.803814347578916,43.3227330229763],[-5.803869205967446,43.32279619573566],[-5.803738472176527,43.32297948170288],[-5.803111932112544,43.323548816584065]]],[[[-5.788406547887174,43.328293858604056],[-5.788568185583432,43.32830279948131],[-5.788346454066515,43.32830820939145],[-5.788406547887174,43.328293858604056]]],[[[-5.788113703197266,43.328403927055234],[-5.788042506156698,43.32842425434488],[-5.787883671276119,43.328409538559086],[-5.7880407018531335,43.3283848368096],[-5.788113703197266,43.328403927055234]]],[[[-5.787673129697099,43.328504713562715],[-5.787553728687699,43.32852412919767],[-5.78747806632677,43.328509471305395],[-5.787552255427891,43.328491938242664],[-5.787673129697099,43.328504713562715]]],[[[-5.787063947441196,43.32860210275385],[-5.787205698297708,43.32860615337258],[-5.787006874461033,43.32861100201908],[-5.787063947441196,43.32860210275385]]],[[[-5.786797879374324,43.32870613769885],[-5.7865765325092315,43.32873182606569],[-5.786512779236059,43.32871308920958],[-5.7866980458729484,43.32869195162386],[-5.786797879374324,43.32870613769885]]],[[[-5.78632563259251,43.328807691327484],[-5.7862110968721145,43.3288318931897],[-5.786071478601748,43.32881388727144],[-5.786209152444561,43.328789387088264],[-5.78632563259251,43.328807691327484]]],[[[-5.783552662353632,43.328875262136364],[-5.783503420771405,43.32895789844369],[-5.783496488228018,43.328806202372235],[-5.783552662353632,43.328875262136364]]],[[[-5.785623721939054,43.328914840986755],[-5.785844211174758,43.32890028352756],[-5.785868265559095,43.32890888029986],[-5.785623721939054,43.328914840986755]]],[[[-5.773911787298735,43.32958913498125],[-5.77390907844617,43.32952965676493],[-5.773970243593951,43.32955844165641],[-5.773911787298735,43.32958913498125]]],[[[-5.773962221359593,43.32973871518808],[-5.774159301058052,43.329607460441956],[-5.7742576117010325,43.32964150582834],[-5.774048366648046,43.329879825654345],[-5.773962221359593,43.32973871518808]]],[[[-5.875044482260015,43.32751064528592],[-5.875105000901112,43.32741908380972],[-5.875075623506994,43.32752021813418],[-5.875044482260015,43.32751064528592]]],[[[-5.874926988716279,43.327603640020904],[-5.874954706314281,43.32757143450745],[-5.874957622199351,43.32763320892415],[-5.874926988716279,43.327603640020904]]],[[[-5.778963900915576,43.32997736481546],[-5.779065604254931,43.329974891817564],[-5.778995379591813,43.33017369110139],[-5.778957222866022,43.330157605959094],[-5.778963900915576,43.32997736481546]]],[[[-5.781832885773906,43.33018836965416],[-5.7817408025581525,43.330179927797964],[-5.781918387157418,43.33017560530427],[-5.781832885773906,43.33018836965416]]],[[[-5.781330751735539,43.33027994694413],[-5.7814660311509,43.330257727513654],[-5.781569732907144,43.330274130822026],[-5.781467072880545,43.330280537945434],[-5.781330751735539,43.33027994694413]]],[[[-5.874629768068586,43.32797127249044],[-5.874571164416018,43.327972746574254],[-5.874602202080069,43.32794222960352],[-5.874629768068586,43.32797127249044]]],[[[-5.874483527718245,43.328040994467585],[-5.874485897347376,43.32809120362223],[-5.874455340951681,43.32806569881503],[-5.874483527718245,43.328040994467585]]],[[[-5.874364850936092,43.32813971605027],[-5.874366869055093,43.328182478821404],[-5.874341903321115,43.32815859093164],[-5.874364850936092,43.32813971605027]]],[[[-5.874126896096249,43.32832444155627],[-5.874128860291313,43.328366064893515],[-5.874097020316229,43.32834482770543],[-5.874126896096249,43.32832444155627]]],[[[-5.7811029869854496,43.330285489624664],[-5.780248512061984,43.33060580519021],[-5.77978799557043,43.3306776386924],[-5.779784590358392,43.33058768214419],[-5.779993123977651,43.33041509612888],[-5.780796778033594,43.33011286179235],[-5.780714812844356,43.330013004452496],[-5.781028555780818,43.33001718270175],[-5.78110412705794,43.32992530439309],[-5.781568990007431,43.32981144377899],[-5.782792713249279,43.32959966555323],[-5.7831571774040045,43.32947811450597],[-5.7832752967659475,43.32936388720352],[-5.783527806044659,43.329416103759335],[-5.783288274950205,43.32964788846118],[-5.781551330117782,43.33000446060197],[-5.781092365954619,43.33017795474366],[-5.7811029869854496,43.330285489624664]]],[[[-5.873969925967681,43.32843806290484],[-5.8740385824336725,43.328436336315356],[-5.8740097334925245,43.32845527490283],[-5.873969925967681,43.32843806290484]]],[[[-5.873495840802191,43.328720101089644],[-5.873570055992395,43.32871823501359],[-5.873529965281389,43.32874307007699],[-5.873495840802191,43.328720101089644]]],[[[-5.777955045600099,43.331532560461774],[-5.777983864303929,43.33135178123371],[-5.778060337800215,43.33130677641368],[-5.778132632334208,43.331438204427776],[-5.777955045600099,43.331532560461774]]],[[[-5.872327399128435,43.329396275396746],[-5.873285866212663,43.328797659236095],[-5.873407248102954,43.328756212076215],[-5.873486243284411,43.32881038137301],[-5.872692166101704,43.329285000024804],[-5.872327399128435,43.329396275396746]]],[[[-5.872208782410611,43.32949639873664],[-5.872206653660302,43.329451259881104],[-5.872255686067654,43.32947158829196],[-5.872208782410611,43.32949639873664]]],[[[-5.8717286790009435,43.329777435547605],[-5.871726718934849,43.32973586699174],[-5.87176864579614,43.32975394491015],[-5.8717286790009435,43.329777435547605]]],[[[-5.8716094724560595,43.329865085582526],[-5.871607648284665,43.32982639755815],[-5.871636497679076,43.32984730450754],[-5.8716094724560595,43.329865085582526]]],[[[-5.774657783613772,43.332427298281864],[-5.774413015885601,43.332469506483186],[-5.774348699841859,43.33243051584144],[-5.774653354661678,43.33233008765],[-5.774657783613772,43.332427298281864]]],[[[-5.774317092296858,43.33252132248493],[-5.774048049058922,43.33258079627685],[-5.774000398912315,43.332529009697815],[-5.774317092296858,43.33252132248493]]],[[[-5.771096783536176,43.33277923177792],[-5.770974794132631,43.33280904738177],[-5.7709066160385385,43.33278413875276],[-5.770973296097667,43.332776123885],[-5.771096783536176,43.33277923177792]]],[[[-5.773560723063364,43.33271377988773],[-5.773439028155376,43.33275003239259],[-5.773422173456812,43.33272312165827],[-5.773437392315439,43.332714112164076],[-5.773560723063364,43.33271377988773]]],[[[-5.770851854611891,43.33281798324718],[-5.770901699130631,43.332874297347516],[-5.770632727293064,43.33288081820812],[-5.770730529902495,43.33286241297496],[-5.770851854611891,43.33281798324718]]],[[[-5.771734949047001,43.33285409229966],[-5.771594989090271,43.332885172751034],[-5.771258957187979,43.332865635126005],[-5.771592990276493,43.33284125319329],[-5.771734949047001,43.33285409229966]]],[[[-5.769285866308077,43.33300350089797],[-5.7692112622046645,43.33300530858172],[-5.7692544824331,43.33295273090264],[-5.769285866308077,43.33300350089797]]],[[[-5.870774623290896,43.33047027965478],[-5.870776955727778,43.33051976049843],[-5.870746916077837,43.33049992678409],[-5.870774623290896,43.33047027965478]]],[[[-5.773330850695285,43.332815377118344],[-5.772831386509194,43.332949635396446],[-5.772746534213669,43.33291959409219],[-5.773330850695285,43.332815377118344]]],[[[-5.772657643526381,43.33301179001036],[-5.772218541761971,43.33303502577819],[-5.771816711851193,43.332942148727895],[-5.772212752183967,43.33290784152858],[-5.772657643526381,43.33301179001036]]],[[[-5.87068806585924,43.33059144403177],[-5.870631879036716,43.33059285539048],[-5.870655929573124,43.330568866349616],[-5.87068806585924,43.33059144403177]]],[[[-5.770364571499975,43.33306739742512],[-5.770392278809267,43.33315676517671],[-5.770377990931443,43.33324715090234],[-5.770364571499975,43.33306739742512]]],[[[-5.87040172341675,43.330868753258734],[-5.870445762178746,43.33086764713816],[-5.870424559251693,43.33089372644639],[-5.87040172341675,43.330868753258734]]],[[[-5.768535846224288,43.333424392914125],[-5.768590537204509,43.333470544028266],[-5.768539655166165,43.33350817683758],[-5.7684545126514815,43.333473839088654],[-5.768535846224288,43.333424392914125]]],[[[-5.768416889845341,43.33352098386032],[-5.768419673362545,43.33358221434946],[-5.768306141339142,43.333567472440485],[-5.768416889845341,43.33352098386032]]],[[[-5.769712156274394,43.33362344649816],[-5.770139447598576,43.33342628042621],[-5.770286161987799,43.33342945558628],[-5.7699019365718085,43.333628190506765],[-5.769712156274394,43.33362344649816]]],[[[-5.768178205473476,43.33369721524674],[-5.7681753344934235,43.333634055525515],[-5.768266073068377,43.33365848235925],[-5.768178205473476,43.33369721524674]]],[[[-5.767990019725303,43.3337552079142],[-5.768055807079158,43.33371810483439],[-5.768113378728142,43.33375222017164],[-5.76805876534862,43.33378318748621],[-5.767990019725303,43.3337552079142]]],[[[-5.769537841156355,43.33375897522389],[-5.769656569038007,43.33365738966703],[-5.769670828406281,43.33371448742896],[-5.769537841156355,43.33375897522389]]],[[[-5.767816041491485,43.33387058675106],[-5.767937200398053,43.33382241849311],[-5.767954237432559,43.333846113919236],[-5.767816041491485,43.33387058675106]]],[[[-5.767560265595949,43.33394569424946],[-5.7676946491068195,43.33391362198695],[-5.7677378041599905,43.33394139490832],[-5.767696778893151,43.33396048363163],[-5.767560265595949,43.33394569424946]]],[[[-5.767454098457213,43.33404886520707],[-5.76726825737197,43.334042804417685],[-5.767481377717555,43.33403764392583],[-5.767454098457213,43.33404886520707]]],[[[-5.766854910209986,43.33414285145099],[-5.76708679132776,43.33410913891468],[-5.76715398208042,43.33413561069995],[-5.766966004780952,43.33416552955757],[-5.766854910209986,43.33414285145099]]],[[[-5.869966657718684,43.33164628142601],[-5.869938751530348,43.331600692307205],[-5.869961919051538,43.33154572968051],[-5.869990166656138,43.33159940111984],[-5.869966657718684,43.33164628142601]]],[[[-5.769442595933749,43.33381005758642],[-5.768694620617103,43.33420362004718],[-5.769223567471571,43.333815364893795],[-5.769442595933749,43.33381005758642]]],[[[-5.768574088694836,43.33426558235811],[-5.768618681098485,43.33428021669329],[-5.7685755926673155,43.33429866330869],[-5.768574088694836,43.33426558235811]]],[[[-5.773279691482698,43.32925096121244],[-5.774597497292865,43.32873286078119],[-5.774690747481219,43.328460478647486],[-5.774598590305624,43.32842055142614],[-5.774231734792194,43.32848984193588],[-5.774188869611614,43.32838262262792],[-5.774705434173712,43.32805849673566],[-5.775921155426639,43.32767136907382],[-5.776295047875007,43.32775661604572],[-5.776661308920401,43.327674433410095],[-5.777158113951163,43.32775037504922],[-5.7775246989639255,43.32767532369995],[-5.777825983354424,43.327844082379116],[-5.777666248088201,43.327938004092324],[-5.777784511782953,43.32796348767694],[-5.7780249071726795,43.327825859346056],[-5.779609804822592,43.327710672748665],[-5.779384160618815,43.32788192204684],[-5.778164887646051,43.3281960023548],[-5.777893759690367,43.328562750313644],[-5.778238827550482,43.32882448081087],[-5.778257305006258,43.32909414983864],[-5.778581374778986,43.32926635031739],[-5.778696715982655,43.329533664262364],[-5.7785741929320364,43.32971672187717],[-5.77860717095134,43.329986038272864],[-5.778800515172511,43.330341495008156],[-5.778956311814884,43.330427746250436],[-5.778285585837901,43.33083683286864],[-5.778227885673539,43.33089565272288],[-5.778308734509185,43.33098372671901],[-5.778056739283363,43.33122788674991],[-5.777693037464582,43.331366604131915],[-5.7774409502221165,43.331248172883534],[-5.777325023058096,43.331410789274685],[-5.777194564254007,43.33125474736226],[-5.776722413033044,43.33156251489223],[-5.776968936596036,43.3317165809319],[-5.77722157845005,43.331730464928015],[-5.777222956961714,43.33182047079941],[-5.776847557243879,43.331759666087144],[-5.775142641204622,43.332240248165306],[-5.7750658333540805,43.33223302641184],[-5.775260496971484,43.33211979311177],[-5.7757490588083975,43.33201410999502],[-5.776111586342797,43.33184945006113],[-5.776026131023574,43.331489390107194],[-5.775476891152908,43.331455034884634],[-5.775101576989653,43.331339066909344],[-5.7744845574956924,43.331332392069505],[-5.773263333546093,43.33160046187373],[-5.773137562082503,43.33154714274721],[-5.772773283016681,43.331673470867194],[-5.772253098267364,43.331671012881145],[-5.772608426945686,43.331392275075295],[-5.772602649325398,43.33094221825078],[-5.772733970132418,43.330809969001216],[-5.773457339733163,43.33044362615931],[-5.773583574703954,43.33050716847753],[-5.7743186924942504,43.330398926548554],[-5.774922666683209,43.330119486622316],[-5.774916788048354,43.329990458830906],[-5.774791608552178,43.32995009011037],[-5.774548435845127,43.330027092504],[-5.7743744014635014,43.32999882842679],[-5.774725894781446,43.32981021653155],[-5.774683149643488,43.32972121489356],[-5.7743007181125385,43.32964045945115],[-5.77426914083955,43.329311083863985],[-5.774143550598577,43.32926165652433],[-5.77390423299965,43.32942326494734],[-5.773293936072125,43.3295638014601],[-5.772574838948608,43.330023796772636],[-5.771982807228634,43.3305658506247],[-5.771351218199712,43.3313327282847],[-5.770490960772206,43.33216393976703],[-5.77019894685643,43.33235109695179],[-5.770247936753269,43.332439948885494],[-5.770073290971003,43.33244418200576],[-5.7700532106422875,43.33253470809501],[-5.769376842628438,43.332931044109806],[-5.7692520875276685,43.332900063665406],[-5.768865277729973,43.33301369127008],[-5.766700560121733,43.33375289444179],[-5.76401669812817,43.33421152765209],[-5.76664793687603,43.334237901357056],[-5.762412624848684,43.33439763175852],[-5.761922540089341,43.334470672487654],[-5.7618088899815625,43.33444497997815],[-5.761887057697049,43.33435305160488],[-5.761669817449199,43.33433784785297],[-5.7616609262173615,43.334141788493355],[-5.763261088694619,43.33406746449072],[-5.766631636771467,43.333517980811166],[-5.769435740029408,43.332549672296054],[-5.770193118650585,43.33208112003253],[-5.771243591918436,43.33106521982176],[-5.771729345875838,43.33041690766393],[-5.772561129210361,43.32972262968428],[-5.773279691482698,43.32925096121244]],[[-5.776900390268388,43.33110799377576],[-5.776942806634674,43.331143513749105],[-5.776957640448754,43.33110660273533],[-5.776900390268388,43.33110799377576]],[[-5.777536868085965,43.32794218841097],[-5.777421451463616,43.32803399275331],[-5.777665743158476,43.328028055777445],[-5.777662675370288,43.327996376136774],[-5.777536868085965,43.32794218841097]]],[[[-5.869870383550249,43.33187252603734],[-5.869855949334584,43.3319143919629],[-5.869850550512527,43.33179982872579],[-5.869870383550249,43.33187252603734]]],[[[-5.768267221321666,43.33437876960586],[-5.768446827333175,43.33437441908067],[-5.768335026727981,43.33443355939539],[-5.768267221321666,43.33437876960586]]],[[[-5.768213522020331,43.334474139828096],[-5.768064881148611,43.3344737098514],[-5.768225763900333,43.334469813150065],[-5.768213522020331,43.334474139828096]]],[[[-5.767355349065266,43.33459018347318],[-5.767477286740567,43.33455911243152],[-5.767763245823097,43.334571054453285],[-5.767479328896039,43.33460404845552],[-5.767355349065266,43.33459018347318]]],[[[-5.7669901099307985,43.334696043261026],[-5.766988917428681,43.33466979864116],[-5.7670809647335295,43.33467761487422],[-5.7669901099307985,43.334696043261026]]],[[[-5.869750044814235,43.33228446250564],[-5.869732872356913,43.332236134936224],[-5.869742185723629,43.33211768803978],[-5.8697568800790885,43.33214549313365],[-5.869750044814235,43.33228446250564]]],[[[-5.869659220413419,43.33297457042721],[-5.869632787225494,43.33277888176425],[-5.8696422366429,43.33261416045723],[-5.869659220413419,43.33297457042721]]],[[[-5.869621990656695,43.33403969786769],[-5.8696238179110685,43.33484077504451],[-5.869581906118466,43.33395140648599],[-5.869621990656695,43.33403969786769]]],[[[-5.869556448968237,43.33602867251698],[-5.869492711001386,43.33557360553464],[-5.869513977969386,43.33512745368648],[-5.869556448968237,43.33602867251698]]],[[[-5.889563036533193,43.34758327895517],[-5.890333018680221,43.347547590076715],[-5.891329733515575,43.34775204893716],[-5.891947605207071,43.347772954857454],[-5.892305604561925,43.3478740532925],[-5.891831406841969,43.347924014356934],[-5.8899667727732705,43.347629302299914],[-5.889357407462554,43.347787538401995],[-5.889121067059281,43.34777453087638],[-5.889563036533193,43.34758327895517]]],[[[-5.886608833514016,43.34966550634425],[-5.885743068436412,43.34993077177568],[-5.885753460203337,43.34984020958923],[-5.886709152970717,43.34945617866797],[-5.887432020319264,43.34853752968269],[-5.8883827822633235,43.34804842618458],[-5.889111614730457,43.34780773660478],[-5.8891224462663425,43.34786453467575],[-5.887665884093557,43.348540772858804],[-5.886998728746762,43.349358824778754],[-5.886608833514016,43.34966550634425]]],[[[-5.832913613069002,43.3517784568871],[-5.833644677066114,43.35157998508618],[-5.833871025782202,43.35158901813362],[-5.833161381475763,43.35179993676434],[-5.832916409192615,43.35183852363932],[-5.832913613069002,43.3517784568871]]],[[[-5.832865827589593,43.351884056825924],[-5.832673564522404,43.35192282671429],[-5.832615933000479,43.351890251135586],[-5.832793627265048,43.351851465216086],[-5.832865827589593,43.351884056825924]]],[[[-5.8325990372317005,43.35198070880039],[-5.832430962898335,43.35201236621335],[-5.832339886677918,43.35198713192871],[-5.832551039086724,43.35194128375715],[-5.8325990372317005,43.35198070880039]]],[[[-5.882836166863541,43.35076540374258],[-5.882235532604512,43.351109044054624],[-5.882065845468734,43.3511040344007],[-5.882710952114145,43.350726708860435],[-5.884295199394281,43.35031071477866],[-5.884555657069351,43.350320904958565],[-5.883936422078997,43.350550553968695],[-5.882836166863541,43.35076540374258]]],[[[-5.831217507697803,43.352450683210755],[-5.832307820065946,43.352017562965585],[-5.832341460855553,43.35207713179147],[-5.831220641586947,43.35251804468959],[-5.831217507697803,43.352450683210755]]],[[[-5.831101278957869,43.35260452272656],[-5.831097703536075,43.35252766767919],[-5.831191372640722,43.352555824405556],[-5.831101278957869,43.35260452272656]]],[[[-5.831095551469983,43.352198042736575],[-5.829639224595165,43.353004036629194],[-5.829585317708829,43.35295575725774],[-5.830595572279503,43.35234302622903],[-5.830957530248975,43.352166793320876],[-5.831095551469983,43.352198042736575]]],[[[-5.829520047140183,43.353094565582666],[-5.829459817461291,43.353048903464085],[-5.829516015928064,43.35300786611423],[-5.829588445728407,43.35304571868601],[-5.829520047140183,43.353094565582666]]],[[[-5.831045592247104,43.35264947477288],[-5.830862641792204,43.35277939407181],[-5.830267490877737,43.35324770419576],[-5.83035924865029,43.35302663091427],[-5.8305884155350896,43.35284087718859],[-5.830978302049379,43.352613314591395],[-5.831045592247104,43.35264947477288]]],[[[-5.855765123826365,43.352320672096376],[-5.855806933173799,43.352573611345775],[-5.855781402881181,43.35266756911893],[-5.855765123826365,43.352320672096376]]],[[[-5.830117367267661,43.35330273792432],[-5.83019895077671,43.35330071749897],[-5.830150003052978,43.353374553255385],[-5.830117367267661,43.35330273792432]]],[[[-5.828986340322192,43.35342078080879],[-5.82939681193236,43.3530978283517],[-5.82946370942716,43.35313884598068],[-5.829044063743859,43.35347238205576],[-5.828986340322192,43.35342078080879]]],[[[-5.828926338847054,43.35359419535309],[-5.828887825364505,43.3535132583656],[-5.828921034295013,43.353480088040286],[-5.828983801901423,43.3535108825225],[-5.828926338847054,43.35359419535309]]],[[[-5.828809797005336,43.35374146834844],[-5.8287580266642545,43.35369654907787],[-5.828805107249143,43.353640582428525],[-5.828856371062372,43.35369411472975],[-5.828809797005336,43.35374146834844]]],[[[-5.828688097638912,43.35377780053261],[-5.8287231382550875,43.3538774904063],[-5.8286945073629814,43.353915691277],[-5.828643486377711,43.35387946196708],[-5.828688097638912,43.35377780053261]]],[[[-5.828571973086211,43.35393407044412],[-5.828626679172521,43.35396991684724],[-5.828579563136504,43.35409735895515],[-5.828535269233075,43.354062218235484],[-5.828571973086211,43.35393407044412]]],[[[-5.88038416302849,43.352767129898716],[-5.881113182712022,43.35166828854879],[-5.881387785234129,43.351445505447195],[-5.881674870778743,43.351384010095806],[-5.881351109404137,43.35166228977138],[-5.880603454288417,43.35276160237884],[-5.880465883083652,43.35282221581813],[-5.88038416302849,43.352767129898716]]],[[[-5.841729826112166,43.35297633227131],[-5.840124713319564,43.35233415887894],[-5.840340212486018,43.35228299123687],[-5.840966948859672,43.3524931379687],[-5.842727444407965,43.35320165294508],[-5.842982258468728,43.353373747608686],[-5.843351808331493,43.35342441672866],[-5.843369619931315,43.35360405118075],[-5.8437392681613165,43.353730797581576],[-5.8439985498770595,43.35394855630115],[-5.84400347815848,43.354103823516496],[-5.843841894095008,43.354312610002744],[-5.843644189614018,43.35433660534784],[-5.8432662106184665,43.35414685688987],[-5.843136615514325,43.3540366061446],[-5.842970072003071,43.353613991605464],[-5.842740188490845,43.35347446147336],[-5.842492883412992,43.35346311757793],[-5.842233060888908,43.35318376789154],[-5.84209441771826,43.35318557818839],[-5.841729826112166,43.35297633227131]]],[[[-5.86657056386713,43.3538264952584],[-5.866908029363735,43.35382631413403],[-5.866551390144628,43.35383526067705],[-5.86657056386713,43.3538264952584]]],[[[-5.8595823400994895,43.346904484914305],[-5.865552418393032,43.34268531103618],[-5.86672471318975,43.34176571752387],[-5.867581901065565,43.34093386208336],[-5.868358652736328,43.339923941393415],[-5.868980627370449,43.33873782336395],[-5.869301033598423,43.337649312728544],[-5.869446365537977,43.33631023035594],[-5.869502885229211,43.33710401127472],[-5.869115340927424,43.33873444134015],[-5.868419555971077,43.340102490459714],[-5.867620850923567,43.341112962420596],[-5.86521185664335,43.34331281753208],[-5.859233647205025,43.34753579379937],[-5.858518520442678,43.34818395546682],[-5.857712073349587,43.34911357687537],[-5.8577178954448845,43.3492375722757],[-5.858666516061903,43.348419796320236],[-5.859982874134897,43.347551705449916],[-5.865457367548982,43.34328684159746],[-5.866056824380421,43.34291775852887],[-5.866063984315075,43.34306983462654],[-5.8586765087305865,43.34863254754215],[-5.857697919900449,43.349555060568456],[-5.857035885178564,43.35047870318451],[-5.85656202849948,43.351564312654446],[-5.85630512264981,43.353011354353924],[-5.856360343049301,43.35448690494156],[-5.856258761476694,43.353012513108794],[-5.856161920608726,43.35288830478732],[-5.856100001246566,43.352926442273485],[-5.856066806944413,43.35349070469771],[-5.855834734878505,43.35203268397483],[-5.855949682304649,43.35148957872621],[-5.856367488086604,43.35048870994719],[-5.857164411672421,43.34920824521778],[-5.857858691047441,43.34838053578422],[-5.8595823400994895,43.346904484914305]],[[-5.857394525802152,43.34965268572986],[-5.857365192428827,43.349608907590735],[-5.857337459333028,43.34965411258691],[-5.857394525802152,43.34965268572986]],[[-5.857451920553052,43.349471173050134],[-5.857517285469345,43.34946953863609],[-5.857480308451499,43.349432901747136],[-5.857451920553052,43.349471173050134]],[[-5.85758084635205,43.34928787170614],[-5.857521403504784,43.349379396871456],[-5.857603216826095,43.34942287203181],[-5.8576559570932005,43.349376032310325],[-5.85758084635205,43.34928787170614]]],[[[-5.856109347759628,43.354397078102856],[-5.856147681180245,43.35463598684797],[-5.856126100113427,43.35475399165891],[-5.856109347759628,43.354397078102856]]],[[[-5.85567315863374,43.35299023670171],[-5.85577551727588,43.35464528772601],[-5.8557588383787555,43.3548159677814],[-5.85567315863374,43.35299023670171]]],[[[-5.864760745991632,43.3546974870113],[-5.864604682552818,43.354694423879494],[-5.864785529049184,43.354689890437086],[-5.864760745991632,43.3546974870113]]],[[[-5.843806395768069,43.35512384251847],[-5.843683001858264,43.35516713341529],[-5.84356837205872,43.35535461481404],[-5.843445342694664,43.35536236257612],[-5.843515776731966,43.3550410353633],[-5.843350554341133,43.3548650687678],[-5.843781142607745,43.354626840040005],[-5.843806395768069,43.35512384251847]]],[[[-5.863906007719455,43.35488852750381],[-5.863854464961075,43.354803265902234],[-5.864125222654523,43.35479648024708],[-5.864026367835549,43.35482414702079],[-5.863906007719455,43.35488852750381]]],[[[-5.863167974820927,43.35493760260157],[-5.863289516443409,43.35489831228901],[-5.863545514777761,43.35490104664445],[-5.863167974820927,43.35493760260157]]],[[[-5.86304635699653,43.3549752766985],[-5.863048113055178,43.35501259876479],[-5.862916744500165,43.3550068392384],[-5.86304635699653,43.3549752766985]]],[[[-5.828174019590579,43.35524166417237],[-5.82818434729843,43.35533144744095],[-5.82817083478555,43.3559225195601],[-5.828097639901601,43.35533359323526],[-5.828174019590579,43.35524166417237]]],[[[-5.848626049831972,43.355325361703954],[-5.848993217652558,43.35526115628902],[-5.849272161915161,43.35534785200059],[-5.849249716753983,43.35546866828704],[-5.849369457433717,43.35539070210517],[-5.849617886377747,43.35542585070294],[-5.84974872851881,43.35558493866067],[-5.850630526535692,43.35567413116505],[-5.8508318684224365,43.355939224826656],[-5.850383039964036,43.35595536374677],[-5.850255514959526,43.35586714433379],[-5.849885637943254,43.35587355437062],[-5.849930584458681,43.35578162759608],[-5.849755133263497,43.35572169367804],[-5.849384376937378,43.35570930861556],[-5.849130288642931,43.35555331643035],[-5.8486758143338005,43.35554279655193],[-5.848504965739521,43.3553746481331],[-5.84725987062559,43.355135700758794],[-5.845633502791679,43.35465915717359],[-5.845013072396166,43.35458471538962],[-5.844892524092356,43.35464549431338],[-5.844732832479472,43.35456055180926],[-5.844148268339756,43.354561712153576],[-5.843988748889322,43.35448903300453],[-5.844141015575687,43.35440653792136],[-5.844387381532654,43.35439770230109],[-5.845503317903177,43.35451384921721],[-5.847499196313287,43.35497636563862],[-5.848626049831972,43.355325361703954]]],[[[-5.828121517998987,43.356773623892614],[-5.828040249618245,43.35668559620665],[-5.828068834035238,43.35638278420421],[-5.828145402993258,43.35659295511629],[-5.828121517998987,43.356773623892614]]],[[[-5.851999648544853,43.35600012562716],[-5.852589796653285,43.355985395959976],[-5.852625070243971,43.35607455419807],[-5.8528586501822835,43.3561208431193],[-5.853175207882751,43.35597078150622],[-5.85346802263572,43.35595894958304],[-5.8539459408890355,43.35631169094381],[-5.853361932071542,43.3563279112496],[-5.853242855487881,43.35641996778811],[-5.852862656058876,43.35633873949717],[-5.852739388097123,43.356208951066286],[-5.852432869462673,43.35625942925929],[-5.852466304768492,43.35616855595615],[-5.852117669634532,43.356107550538646],[-5.8518703353135235,43.356095846881175],[-5.851504762849606,43.3561941356262],[-5.851373748021295,43.35603149028884],[-5.85110745337015,43.35602238837388],[-5.851044163939848,43.3559339286102],[-5.851364500621563,43.35583415260607],[-5.851492342682611,43.35592910496486],[-5.8517307824610105,43.35575104064813],[-5.85198155409679,43.35582049971868],[-5.851999648544853,43.35600012562716]]],[[[-5.877402215208534,43.353265983758],[-5.876781240646418,43.35366823381538],[-5.876722886183204,43.35393981876684],[-5.87716575363219,43.35482905592978],[-5.877426954362359,43.35563282703148],[-5.877345930159048,43.35617509891556],[-5.87681791179492,43.356566090215324],[-5.876325454151195,43.35658971962471],[-5.876074996648626,43.35651207673812],[-5.875209342798661,43.35647189181794],[-5.8740570521955435,43.35688813215968],[-5.874058097689741,43.35679806723481],[-5.874905322063803,43.356416601815745],[-5.875574953840124,43.35637520546999],[-5.8765668800168065,43.356476311254504],[-5.8768109774739985,43.35641942709527],[-5.8772326749972486,43.35608791187106],[-5.8772838058990615,43.35572646998483],[-5.877184539815918,43.35536881476608],[-5.876550435406486,43.35412423709578],[-5.876536178732745,43.35376444134661],[-5.876791204068587,43.35339128610036],[-5.8772723092885455,43.35312811181242],[-5.879969392707069,43.352957660869876],[-5.87973739968635,43.35307226133756],[-5.877402215208534,43.353265983758]]],[[[-5.843272378732424,43.35585744048542],[-5.843449617352442,43.3554538391675],[-5.843573625407029,43.35566986745071],[-5.8431973558592425,43.356759694816766],[-5.843109149188315,43.35730212194119],[-5.843280225953339,43.35756798191531],[-5.843188115554031,43.357779573217606],[-5.843028765343867,43.35748419929845],[-5.843008205175719,43.35721459449774],[-5.843272378732424,43.35585744048542]]],[[[-5.843277524726196,43.3578381654037],[-5.843502745378434,43.35801263913241],[-5.843447015364954,43.358038640605],[-5.843316319705815,43.35792723892353],[-5.843277524726196,43.3578381654037]]],[[[-5.843594602740497,43.358100392227286],[-5.843575955484731,43.35815724839951],[-5.843571658965798,43.358065316794644],[-5.843594602740497,43.358100392227286]]],[[[-5.873941975603454,43.356891026285794],[-5.873644003148774,43.357292911330696],[-5.872902887892562,43.35727714879639],[-5.872680147989548,43.357462984883085],[-5.872393897597273,43.35756021892414],[-5.872050773264412,43.35752398036885],[-5.871692614623305,43.35777882721539],[-5.871078540674212,43.357840428674486],[-5.870958592317679,43.35777636431315],[-5.8710689487383165,43.35759351451223],[-5.871438846659487,43.357631020011276],[-5.871923860695192,43.35744947199227],[-5.872039539129043,43.35728598717266],[-5.872654863540971,43.357251010461425],[-5.872866363701974,43.35709814911203],[-5.873140023540111,43.35707269410393],[-5.873623303914446,43.356854639383414],[-5.873941975603454,43.356891026285794]]],[[[-5.843651487098044,43.358189015506554],[-5.844491222099449,43.35870834924936],[-5.844468311933827,43.358768500841165],[-5.843651487098044,43.358189015506554]]],[[[-5.84459419553294,43.358821656947796],[-5.844518755185961,43.35879770266216],[-5.844592277147092,43.358780625424735],[-5.84459419553294,43.358821656947796]]],[[[-5.868639652251544,43.358456302668515],[-5.868870657467874,43.35818895485597],[-5.869366442795829,43.35816804001906],[-5.869485719404787,43.35808067523496],[-5.869613036794289,43.358163800958536],[-5.86985865481725,43.358138871586846],[-5.87008831953427,43.35797830208733],[-5.870263730938645,43.35797389643683],[-5.870458813977217,43.357782240059265],[-5.870830085156959,43.357805185301224],[-5.87099876469669,43.35795543232233],[-5.8705999627879555,43.35815850988386],[-5.8701039799317245,43.358107737277976],[-5.86949540764886,43.35828609641278],[-5.869270132922567,43.358449041362846],[-5.868887216190208,43.35847260745044],[-5.868530015990925,43.35874817963883],[-5.868283688183789,43.35875811723297],[-5.867921974580066,43.35893803391384],[-5.867082842008652,43.35895413249786],[-5.868639652251544,43.358456302668515]]],[[[-5.839623665467797,43.35999990761867],[-5.839712717462044,43.35998848111941],[-5.839735900426378,43.35999711870464],[-5.839713725675583,43.36001008157285],[-5.839623665467797,43.35999990761867]]],[[[-5.865847831355211,43.359439730537666],[-5.865606243505703,43.35955037145677],[-5.8654562960436705,43.35953516121806],[-5.865450479008767,43.359445268440425],[-5.866084917186795,43.35923354136943],[-5.866647659354685,43.35914512725674],[-5.866333293843809,43.359267043087556],[-5.8661703807921555,43.359427214812975],[-5.865847831355211,43.359439730537666]]],[[[-5.839868004165498,43.36017391342669],[-5.839810518981334,43.36017534195048],[-5.839842005927319,43.360114614397766],[-5.839868004165498,43.36017391342669]]],[[[-5.867093800320296,43.35969380225287],[-5.866741603006344,43.359142770620096],[-5.866938541430627,43.35901772480411],[-5.8670524520886636,43.359044933584556],[-5.866871391158815,43.35913951467397],[-5.867088822192014,43.35949421426585],[-5.867093800320296,43.35969380225287]]],[[[-5.842612409419031,43.36001564171579],[-5.842511239551769,43.359387887050765],[-5.842607549498451,43.35929545268367],[-5.842554772369323,43.359026649238515],[-5.8426231496859495,43.35889291827836],[-5.842838043323604,43.35973991273157],[-5.842734945292211,43.35983251614721],[-5.842933776519162,43.36000764738693],[-5.842673194089686,43.360464323369655],[-5.842214246197393,43.36070581841365],[-5.842209964965141,43.360614178128074],[-5.842501525703332,43.36037855478568],[-5.842427892532743,43.360200308820254],[-5.842612409419031,43.36001564171579]]],[[[-5.86499455253789,43.35966308994282],[-5.864387257242581,43.35986921991007],[-5.8642709697894615,43.360020304032275],[-5.863901616978157,43.36003834972632],[-5.863293647693654,43.36023031689232],[-5.863055231720849,43.36040852257769],[-5.862725937413531,43.360323900919816],[-5.863037946963163,43.3600412315137],[-5.863284137293278,43.36002824285951],[-5.863403404642911,43.35994042005134],[-5.863652607222571,43.35999143742742],[-5.864499711829954,43.35963674137235],[-5.865315908255923,43.35953868132796],[-5.865148926339343,43.35972294531551],[-5.86499455253789,43.35966308994282]]],[[[-5.84136242894962,43.360947114983105],[-5.8421542432876485,43.36074734735983],[-5.841731970525361,43.36094845354863],[-5.84148797210091,43.361008555719934],[-5.84136242894962,43.360947114983105]]],[[[-5.84127018041476,43.36112948604325],[-5.840882073744405,43.36124660776225],[-5.84087686518453,43.36113506761029],[-5.841247893066817,43.36104000143961],[-5.84127018041476,43.36112948604325]]],[[[-5.857899592289781,43.360988111689004],[-5.857717900273,43.360989478849945],[-5.8579258857696335,43.36098427755818],[-5.857899592289781,43.360988111689004]]],[[[-5.840775780648988,43.361501932089],[-5.840566809123229,43.36150712663009],[-5.84076165420015,43.361310508865266],[-5.840775780648988,43.361501932089]]],[[[-5.8405259253048865,43.36154777340672],[-5.840542788969795,43.36159776241688],[-5.840528844067805,43.361610284974816],[-5.840486954173278,43.36159915026242],[-5.8405259253048865,43.36154777340672]]],[[[-5.840382137347296,43.36169179427174],[-5.840422207118819,43.36169079832554],[-5.840411647525087,43.36174323913052],[-5.840382137347296,43.36169179427174]]],[[[-5.887863452089609,43.360503795905764],[-5.889220622934795,43.36049860166776],[-5.889829421442352,43.36032577804983],[-5.889923653705941,43.360359640024434],[-5.8893476327095,43.360574573862195],[-5.888239905530393,43.360635414512856],[-5.887713829532084,43.36059558061214],[-5.887863452089609,43.360503795905764]]],[[[-5.840142792984748,43.36187782040614],[-5.840196197333538,43.36187649313348],[-5.840172824548269,43.36191429333416],[-5.840142792984748,43.36187782040614]]],[[[-5.867397534119725,43.36020677754337],[-5.867425654667212,43.360746303650174],[-5.867219939129606,43.3612916969781],[-5.8670530876749,43.36144840681951],[-5.867367067377145,43.360567696482796],[-5.867342687948719,43.36020815372216],[-5.867174612039988,43.35994225498228],[-5.86721913716305,43.35973489806708],[-5.867397534119725,43.36020677754337]]],[[[-5.866952773872159,43.361568515759906],[-5.866901378914519,43.361569805145926],[-5.866934064149937,43.36154135139926],[-5.866952773872159,43.361568515759906]]],[[[-5.853260744132396,43.36206395071163],[-5.853186013172394,43.36200310464221],[-5.8532566861613,43.3619774303346],[-5.853295118450647,43.362000380518516],[-5.853260744132396,43.36206395071163]]],[[[-5.853139044181942,43.362100305360435],[-5.853043739452915,43.36209669541806],[-5.853186708327105,43.362093125949784],[-5.853139044181942,43.362100305360435]]],[[[-5.894716082203213,43.359287815587805],[-5.893735273906731,43.359422043380846],[-5.8922727413746125,43.359806137112024],[-5.890388385223089,43.36007777078848],[-5.891045123329737,43.359881080743634],[-5.891656616053713,43.359824555815166],[-5.892999057366652,43.35950993980589],[-5.893606458665507,43.35930817325585],[-5.894342579878698,43.35921834310634],[-5.895575335635304,43.35919242278492],[-5.8982015249393696,43.35992321001763],[-5.902159470796673,43.360114703931984],[-5.905422428691223,43.360776979947],[-5.905154712273028,43.36081882933649],[-5.903908929793769,43.360572438942555],[-5.903781675541566,43.36049172439637],[-5.903411280786704,43.360487736299184],[-5.902413351485458,43.360263090592824],[-5.898455179718807,43.36006707421535],[-5.897591588700362,43.35989535008245],[-5.895829766977245,43.35935279795264],[-5.894716082203213,43.359287815587805]]],[[[-5.866857137078586,43.36166095366424],[-5.8668317154639515,43.36175163002404],[-5.866703972483463,43.36189608539909],[-5.86669452499228,43.36175507163411],[-5.866857137078586,43.36166095366424]]],[[[-5.866561199995397,43.362028531930214],[-5.866556248639602,43.361938617529034],[-5.866581060392896,43.36190653654643],[-5.866657021456399,43.36193608964287],[-5.866561199995397,43.362028531930214]]],[[[-5.848070060164656,43.36249087656326],[-5.848339166144755,43.36237624547461],[-5.848468026850978,43.3623008801636],[-5.848467895067757,43.36248993316489],[-5.848070060164656,43.36249087656326]]],[[[-5.866327703153486,43.36230450467591],[-5.866350425428208,43.3622498107365],[-5.8663695276404715,43.3623034556025],[-5.866327703153486,43.36230450467591]]],[[[-5.8473548083053535,43.36259873890401],[-5.847993101201508,43.36258283323212],[-5.847250126081373,43.36283797780963],[-5.847237822290777,43.362691692384224],[-5.8473548083053535,43.36259873890401]]],[[[-5.851567758132574,43.362803881377374],[-5.851444153295505,43.362799650007815],[-5.8513885000075385,43.3627682789955],[-5.85156404873568,43.36272474801913],[-5.851567758132574,43.362803881377374]]],[[[-5.850919657784373,43.362960053746534],[-5.851321031879011,43.3628057320763],[-5.851451425240072,43.3629467862139],[-5.850919657784373,43.362960053746534]]],[[[-5.921156524254995,43.34455430521595],[-5.9204218143704015,43.34466902434098],[-5.920107191800884,43.34482601696205],[-5.919659074250874,43.34519762113493],[-5.918944408341334,43.34611626361828],[-5.91845477365273,43.346578962063155],[-5.918058098411058,43.346831460426024],[-5.9164674104854695,43.347106295198785],[-5.916094580499686,43.347049787148336],[-5.915973999504017,43.34710808652571],[-5.91510864694759,43.347071901424165],[-5.9147351982636005,43.3470024436575],[-5.914037840529854,43.3466016409651],[-5.913093484531314,43.34621158665088],[-5.911983647059668,43.34622233432451],[-5.910989777077797,43.3460782599061],[-5.910666067884116,43.34578718559782],[-5.910337717710506,43.34507523956698],[-5.909829328482499,43.344367876983604],[-5.909028619601549,43.343764606551744],[-5.908527072515981,43.34359556052826],[-5.907905851484376,43.34350375932555],[-5.906918890846364,43.3435032335883],[-5.904596414817784,43.3439537290971],[-5.90240240123025,43.34451177487357],[-5.900809059184227,43.34473116696663],[-5.90044851416228,43.34493186759199],[-5.899955643239668,43.34494464251651],[-5.899360870999954,43.34540813390055],[-5.89832157574869,43.346551130650695],[-5.897105117192792,43.34726314024649],[-5.894912143936324,43.34784700107406],[-5.89368486662433,43.347983319774904],[-5.892976400256878,43.34794711240137],[-5.8930608508878475,43.34783321398876],[-5.8944135258551995,43.347739449417894],[-5.896003598788578,43.34744920949779],[-5.897337007438927,43.346950994784414],[-5.898292646016526,43.34629255758337],[-5.899285107519766,43.345176109569174],[-5.900176026401395,43.344391461665275],[-5.900422329307559,43.34438233928844],[-5.900922258109868,43.34451775879419],[-5.90208691881398,43.34438468224934],[-5.9036116318014225,43.34399901121439],[-5.906910394459419,43.34332531457327],[-5.907525167787779,43.34328219489105],[-5.908767670609481,43.34346714890959],[-5.909144374287011,43.34360531497596],[-5.910001411890602,43.34427345647542],[-5.910580445191631,43.34506905764016],[-5.91088097813918,43.34569167294515],[-5.911104692276715,43.34590143835444],[-5.911851476583695,43.34603842916892],[-5.912713011081767,43.34599517466494],[-5.913208731396932,43.346041818072564],[-5.913836830220229,43.34627657711568],[-5.914706678275968,43.346764660743936],[-5.915222740867853,43.346878147870484],[-5.916458408854126,43.34691843800147],[-5.917833715713483,43.34668485996693],[-5.918537664137558,43.34621669092061],[-5.91935626770204,43.34520535721125],[-5.91992977798115,43.344699053490515],[-5.92041336117316,43.34449283682165],[-5.920902137920381,43.34439491879895],[-5.9211692941199745,43.3443804543892],[-5.921156524254995,43.34455430521595]],[[-5.9002360872302795,43.34470178538231],[-5.900387494305714,43.34469794272775],[-5.900376770992284,43.344608176234786],[-5.900203561549091,43.34461257219166],[-5.9002360872302795,43.34470178538231]]],[[[-5.850677977816682,43.36305612147654],[-5.850902274399845,43.363050526080706],[-5.850479127534892,43.36327398443024],[-5.850355392006995,43.36326698285337],[-5.850677977816682,43.36305612147654]]],[[[-5.866235413755904,43.36242795832803],[-5.866050892942494,43.36276164045061],[-5.866010521408495,43.36289320263033],[-5.865866175705403,43.36276627304045],[-5.866235413755904,43.36242795832803]]],[[[-5.8465587206644685,43.3638858642833],[-5.846509772050873,43.36379029377944],[-5.846675583636992,43.36374598731327],[-5.846703753935715,43.36378546173294],[-5.8465587206644685,43.3638858642833]]],[[[-5.850489172250946,43.363488347326424],[-5.851212905351141,43.36394316277852],[-5.8510086688676495,43.36404022290652],[-5.850753789825468,43.36386821397038],[-5.850507130400434,43.36387158380842],[-5.850377167492458,43.36378393420445],[-5.850368857163908,43.363554352929846],[-5.850489172250946,43.363488347326424]]],[[[-5.862592773434163,43.363693010050966],[-5.862719093579953,43.36375488595759],[-5.8625779680017684,43.36374907520184],[-5.862592773434163,43.363693010050966]]],[[[-5.851855918326832,43.364377310911586],[-5.851524688219973,43.36456565383446],[-5.851506165410458,43.36412257756729],[-5.851855918326832,43.364377310911586]]],[[[-5.844623003781968,43.36471606654508],[-5.844624875482234,43.36475609076374],[-5.844541836580135,43.364739682740904],[-5.844623003781968,43.36471606654508]]],[[[-5.877147721084125,43.363923407175236],[-5.877748639516497,43.363908275973145],[-5.8774167876983325,43.364010780324726],[-5.877045883090187,43.364016009687795],[-5.877147721084125,43.363923407175236]]],[[[-5.864358706615719,43.36450464155199],[-5.864120314634171,43.364340699479584],[-5.864227081282263,43.3643301658355],[-5.864415718931109,43.36442333386991],[-5.864358706615719,43.36450464155199]]],[[[-5.874884596203459,43.36452059577647],[-5.874845030338662,43.36443031188742],[-5.87505451659373,43.36442628231077],[-5.875079958619209,43.36451568074339],[-5.874884596203459,43.36452059577647]]],[[[-5.8748380040912185,43.364611806452174],[-5.87473053247529,43.36461888326671],[-5.874659248616998,43.36461630331356],[-5.874727317329461,43.36455085179632],[-5.8748380040912185,43.364611806452174]]],[[[-5.864528118323274,43.36451055500478],[-5.865304863968016,43.36467115891085],[-5.865438259358583,43.36484789126646],[-5.864697063101085,43.36477643569979],[-5.864528118323274,43.36451055500478]]],[[[-5.843289754150506,43.36523519071141],[-5.843543179604741,43.36521473002887],[-5.8434142645035685,43.36525869825585],[-5.843507883149756,43.365395685642234],[-5.84342784459418,43.365549209564534],[-5.843301081339217,43.36547751807513],[-5.843179937370202,43.36552604042396],[-5.842930817613254,43.36547692385254],[-5.84288384756183,43.365411211623034],[-5.843289754150506,43.36523519071141]]],[[[-5.832076325874175,43.36560076357468],[-5.831841993784431,43.365869101056305],[-5.831472410241893,43.36588317232239],[-5.831156484723104,43.3657923919405],[-5.831212860528292,43.365610917808596],[-5.831340367414249,43.36569777046964],[-5.831585914505003,43.36567031852754],[-5.831823140207666,43.365464127514905],[-5.831949808121281,43.36553406130074],[-5.831924441894999,43.36541320876877],[-5.832063112170477,43.36531695585955],[-5.832417389610038,43.36531095316693],[-5.832594080857644,43.36539661236951],[-5.832367713901658,43.365582300543466],[-5.832076325874175,43.36560076357468]]],[[[-5.873292124038345,43.3648307631974],[-5.873137105860289,43.364849735981494],[-5.873107039299185,43.3648354167697],[-5.873292124038345,43.3648307631974]]],[[[-5.865604572412089,43.365113836580704],[-5.865482621006094,43.365026856041595],[-5.865487132085568,43.36488115505342],[-5.86588178606758,43.365016846162206],[-5.865925300511108,43.36510579343447],[-5.865604572412089,43.365113836580704]]],[[[-5.872401251535982,43.364947335399044],[-5.872515679296718,43.36475711409603],[-5.872640095576319,43.36475711722508],[-5.872703633476074,43.36493559707443],[-5.872401251535982,43.364947335399044]]],[[[-5.866119164495611,43.365199060754534],[-5.866062967820655,43.3651923793371],[-5.866222037124445,43.36518838970626],[-5.866119164495611,43.365199060754534]]],[[[-5.866249234070298,43.3653403625421],[-5.866243497487469,43.365277890006865],[-5.866243966889536,43.36522858301854],[-5.86633201091877,43.36527566988086],[-5.866249234070298,43.3653403625421]]],[[[-5.8671234526897065,43.365525931281965],[-5.86707415608696,43.365527168108294],[-5.867118582522089,43.365456358225366],[-5.8671234526897065,43.365525931281965]]],[[[-5.829171250197689,43.36647182882905],[-5.829401055322961,43.36646613929295],[-5.829192993465164,43.36656132924552],[-5.829171250197689,43.36647182882905]]],[[[-5.870559858316564,43.365154315487764],[-5.871410317825082,43.364870058896805],[-5.871911717210251,43.365034355936984],[-5.872312104033949,43.36503547744114],[-5.8720355881628645,43.365044099392],[-5.871916630704058,43.36513842415397],[-5.871300890197249,43.36516628369871],[-5.871203324123915,43.365243418502665],[-5.870935253767181,43.36526368366801],[-5.870834785146831,43.3653427161599],[-5.870569663009272,43.36536207624627],[-5.870472840855081,43.36544184697675],[-5.870082035859266,43.365489643019444],[-5.869668015744097,43.36564213767953],[-5.8696425416561535,43.36546270028714],[-5.869800156453387,43.36536870364196],[-5.870325968888081,43.365428385625066],[-5.870559858316564,43.365154315487764]]],[[[-5.828585334290113,43.3666664103347],[-5.8291499689587285,43.36656239440709],[-5.829040120391323,43.366656513067355],[-5.828585334290113,43.3666664103347]]],[[[-5.854312201537394,43.36606263432181],[-5.854307805199512,43.365968947307806],[-5.854406586292748,43.36602436219321],[-5.854312201537394,43.36606263432181]]],[[[-5.827351483350337,43.36714713749831],[-5.8272121523587135,43.3671566991537],[-5.827096973112248,43.36733390049966],[-5.826727297364472,43.367346204746596],[-5.826486193456875,43.36746946450802],[-5.82632731744375,43.36735254940409],[-5.827639360443834,43.36695993728259],[-5.827351483350337,43.36714713749831]]],[[[-5.86109855355028,43.36657732091835],[-5.861143700575787,43.366666229139526],[-5.861010073296874,43.36677623352557],[-5.860886169945346,43.36676584054263],[-5.86109855355028,43.36657732091835]]],[[[-5.840313089964157,43.367275909385896],[-5.840273796828129,43.36727688600137],[-5.840297188981183,43.36722090831473],[-5.840313089964157,43.367275909385896]]],[[[-5.84536559845742,43.3673998875726],[-5.845355512616534,43.367240508301535],[-5.845478295099539,43.36717075855848],[-5.84536559845742,43.3673998875726]]],[[[-5.8608826156894915,43.3640663358274],[-5.860394230893161,43.36417801000124],[-5.860260546456358,43.36395948479522],[-5.859880396674242,43.363748411713274],[-5.859621098152581,43.36348289489813],[-5.858628733100237,43.36339774119191],[-5.858508092799243,43.36343320708123],[-5.858278864905973,43.363807513875784],[-5.8581475423034135,43.36363907589425],[-5.857089765435849,43.36460673039865],[-5.856366787519651,43.36513764933882],[-5.855711391984476,43.36545153131221],[-5.855337469785981,43.365730990725346],[-5.855290914249263,43.365879597596575],[-5.854801016759478,43.36595957046848],[-5.854547667942755,43.36582057425285],[-5.8546610566373385,43.36560698662234],[-5.854784580452366,43.365609365316566],[-5.855266050533691,43.36534991842598],[-5.8553803036342735,43.36515481591749],[-5.856099104559734,43.364693369750626],[-5.856213301120119,43.36449714413392],[-5.856577645755267,43.36437182426844],[-5.856644832309223,43.36416766051767],[-5.857320519829673,43.36379061333601],[-5.857487495917226,43.3636063609459],[-5.857519336208361,43.36340138777779],[-5.857930402092291,43.36314509201981],[-5.858106379237354,43.36276296800993],[-5.85870467167272,43.36236419424954],[-5.8594020934885815,43.36148758160123],[-5.859163635086946,43.361043354787604],[-5.859161484037881,43.360863331306824],[-5.858999623031948,43.360762678557315],[-5.858758202434686,43.36087725532116],[-5.858070164405625,43.36089063056709],[-5.858745516023333,43.36078369928642],[-5.858727408739876,43.36051403629167],[-5.858613219346327,43.360426854123546],[-5.858655413469555,43.36015568265587],[-5.857972169720177,43.358912230697634],[-5.857660381731136,43.358522626797445],[-5.857405974428767,43.358360551156856],[-5.857242430833788,43.357759975568385],[-5.857118112680664,43.35767304509559],[-5.8570319116622525,43.357315045427065],[-5.856803188023612,43.357050647369185],[-5.8567274980288975,43.356782423379975],[-5.856877736782672,43.35677866758815],[-5.857090647901565,43.357043460843755],[-5.85782233473061,43.358285707062386],[-5.858081805158317,43.358909488753255],[-5.858235734072955,43.35899567754425],[-5.858308780032109,43.3591912045052],[-5.858431366795999,43.35917391397264],[-5.858473527830128,43.359620000427654],[-5.8589702156987284,43.36013690549327],[-5.859024181893793,43.360416573211204],[-5.859342821976888,43.36058867818884],[-5.859243451365159,43.36069935136804],[-5.8594792988215145,43.36067530193576],[-5.85946054349523,43.360585732586586],[-5.859735389302119,43.360663808249754],[-5.862602350978696,43.36032699680537],[-5.86258521487332,43.36041746470159],[-5.862318108916464,43.36047837747776],[-5.860969248780975,43.36066037468283],[-5.8606083787098715,43.360827121276316],[-5.860611127011797,43.360917377446754],[-5.859864983924873,43.36079554024634],[-5.8594973845576925,43.3608510208088],[-5.859429547521998,43.36094666277568],[-5.85951159939453,43.361153444378026],[-5.8596484039374905,43.36143854629837],[-5.859912283784459,43.36165489184445],[-5.8600328320724975,43.362012029443356],[-5.860282704937382,43.362275891397616],[-5.860587694977939,43.362448334469015],[-5.860438118377611,43.36272219448574],[-5.860791240244344,43.363073509434244],[-5.861227816919703,43.36324265653211],[-5.861291244396873,43.363511184256524],[-5.861430422734998,43.36359773796569],[-5.861849458042412,43.363632092004124],[-5.862049973701454,43.36358222290891],[-5.8620299931882505,43.363492684715865],[-5.862478709558576,43.36348144575105],[-5.862599873367197,43.36356844927134],[-5.862560580098849,43.36365947216193],[-5.8622218048361345,43.36367720031198],[-5.862054050562641,43.36376219801188],[-5.8624879159647385,43.364087230749014],[-5.862818306228834,43.364013170325826],[-5.862913065356128,43.36392075779414],[-5.862874510145916,43.36383168510231],[-5.863095249278567,43.36388089021275],[-5.86321536210009,43.36381086957948],[-5.863585285658749,43.36380445733544],[-5.863712886606272,43.363893513306444],[-5.86397735974315,43.36426851844394],[-5.8637277930927985,43.36421015032952],[-5.863607317977636,43.364272478676995],[-5.863588678670171,43.364173945622795],[-5.863349005312389,43.364028301060486],[-5.862978014915041,43.36401207565517],[-5.86283022542615,43.36410291032295],[-5.862991750795494,43.3643039211699],[-5.863427506619233,43.3644481000347],[-5.863402512794992,43.36453876489695],[-5.86388820241109,43.364996032582575],[-5.8641302118753815,43.36506076008276],[-5.8641767953060615,43.36532970826197],[-5.864402672948881,43.36559416238966],[-5.865051553892441,43.36629820429993],[-5.865337129533074,43.36647112122597],[-5.865320516041333,43.36658380956901],[-5.865449241994278,43.36655834860853],[-5.865654740610917,43.36700338828613],[-5.865590018080867,43.367065077824265],[-5.865089983420979,43.36692975535515],[-5.864826977206801,43.36639387313009],[-5.864025993318562,43.3655135649916],[-5.863669876959151,43.365342412467285],[-5.863715931872164,43.365251219771146],[-5.863261844645795,43.36479838899139],[-5.862384639696311,43.364515079859345],[-5.8622530289393415,43.364340794165415],[-5.8618132852973845,43.36430845937374],[-5.861376868552809,43.364079449300014],[-5.8608826156894915,43.3640663358274]],[[-5.859392882606754,43.361757927996045],[-5.858829785368398,43.3625823640209],[-5.858934023101776,43.36302994941576],[-5.859483898313286,43.363189489661046],[-5.860350911529441,43.36325674957372],[-5.860476885176169,43.36317141720897],[-5.8600502556418315,43.36264186378116],[-5.859816692274493,43.36201743865194],[-5.85958584917102,43.361933176744074],[-5.859537961110418,43.36171428281238],[-5.859392882606754,43.361757927996045]]],[[[-5.860629119797169,43.367129304573865],[-5.860652415686616,43.36704383934781],[-5.860659739710384,43.367199563190574],[-5.860629119797169,43.367129304573865]]],[[[-5.823347390934985,43.368596714070556],[-5.823079265374325,43.36851922662992],[-5.823058861693709,43.36842376470467],[-5.825992239700047,43.36746323986075],[-5.826040521624016,43.367539719577245],[-5.8258735212383685,43.36756435204034],[-5.825758086613875,43.36773615603085],[-5.825265701810146,43.367763753911746],[-5.824782798652692,43.36799552030073],[-5.824658401262357,43.367974414374466],[-5.82442335050672,43.368228169050184],[-5.824180526479499,43.36831455869099],[-5.823935073456748,43.368344339710504],[-5.823808259003172,43.36827118177783],[-5.823822213117611,43.3684049046236],[-5.823347390934985,43.368596714070556]]],[[[-5.822255499331901,43.368623685269085],[-5.822833423223278,43.36854065299915],[-5.822865858246878,43.36860860986672],[-5.822255499331901,43.368623685269085]]],[[[-5.8452459723668735,43.36748090257375],[-5.845022945259551,43.367989822570216],[-5.844662413778066,43.368197641838954],[-5.8445387144686824,43.36819161630586],[-5.845004388391039,43.36759310164573],[-5.845122621852817,43.367482303474844],[-5.8452459723668735,43.36748090257375]]],[[[-5.821666113758482,43.36872827827345],[-5.822099105841526,43.36867411647298],[-5.822218910874509,43.368714627596326],[-5.8221055045155445,43.36881201933286],[-5.821666113758482,43.36872827827345]]],[[[-5.820620492398684,43.36893416880198],[-5.821386212358362,43.3688252278155],[-5.8212469448819855,43.368927843755586],[-5.820620492398684,43.36893416880198]]],[[[-5.8205433871483185,43.36902611063459],[-5.820145512134373,43.369129264270185],[-5.819988805033754,43.36903979724935],[-5.8205433871483185,43.36902611063459]]],[[[-5.81952397779948,43.36914130544437],[-5.819990721435797,43.36912978868757],[-5.819777696532785,43.369181959028154],[-5.81952397779948,43.36914130544437]]],[[[-5.849734036111639,43.36844319767316],[-5.849730952891007,43.36837739331438],[-5.8498602971152405,43.36838879540638],[-5.849856466443711,43.36842211968407],[-5.849734036111639,43.36844319767316]]],[[[-5.849927425200252,43.36847715991435],[-5.850105556795996,43.368470230466066],[-5.850197296297796,43.368560467851076],[-5.849927425200252,43.36847715991435]]],[[[-5.838902575493016,43.36875157720337],[-5.838912249244566,43.36884137553057],[-5.83889308565284,43.36886812667986],[-5.838853493482612,43.36884283515981],[-5.838902575493016,43.36875157720337]]],[[[-5.873036425541911,43.367943734534755],[-5.8740196081137395,43.36785587017298],[-5.874081844913076,43.367962252041444],[-5.873170666785697,43.368172873036585],[-5.872552818566039,43.368156742877694],[-5.872404827127984,43.368094456576706],[-5.873036425541911,43.367943734534755]]],[[[-5.838808424134209,43.36902403205924],[-5.838660588646196,43.36917538853116],[-5.838577515128785,43.36911980663732],[-5.838565737477595,43.369030060543615],[-5.83877071184521,43.3688905177803],[-5.838808424134209,43.36902403205924]]],[[[-5.868767112682141,43.36836591363499],[-5.869388124589537,43.36835032191226],[-5.868863040477232,43.368426828589065],[-5.868767112682141,43.36836591363499]]],[[[-5.8552986315198785,43.36867298084525],[-5.8552862002487664,43.36879358389101],[-5.855188140913965,43.36870599539366],[-5.8552986315198785,43.36867298084525]]],[[[-5.8678847563730665,43.36861893518202],[-5.867954686855416,43.368746460154384],[-5.867891875055761,43.36876990238746],[-5.8678847563730665,43.36861893518202]]],[[[-5.868756486759358,43.368456218907916],[-5.869724896961569,43.36838299476054],[-5.870194548451451,43.36842010852567],[-5.869874816679277,43.3685181772145],[-5.869872329584266,43.368608278186095],[-5.869609419187738,43.3685512791953],[-5.869242018808371,43.36861177255688],[-5.869174892212445,43.36871582996787],[-5.868628296080068,43.368683185368546],[-5.868509090959734,43.36877251654956],[-5.868430581263708,43.36855443854165],[-5.868246397711571,43.36843629321862],[-5.867880337184279,43.36852521604637],[-5.867689141337644,43.368392970195394],[-5.867377850833105,43.36833825608914],[-5.867340633415789,43.36822163834688],[-5.866978639083894,43.368050643778965],[-5.866932926913739,43.367781675026414],[-5.867354095338256,43.367834366289266],[-5.867994267932043,43.36832402347676],[-5.868756486759358,43.368456218907916]]],[[[-5.868430509916709,43.36882455588013],[-5.867983622847588,43.36883577245682],[-5.868015950522249,43.36878383364069],[-5.868430509916709,43.36882455588013]]],[[[-5.8537196907654545,43.36921642069578],[-5.8535566775930405,43.36856666905028],[-5.853682276287095,43.3684190171355],[-5.853886577868511,43.368558430658766],[-5.853856499558071,43.36873925898935],[-5.85409269326858,43.3690034758827],[-5.8538439551165995,43.36923442519438],[-5.8537196907654545,43.36921642069578]]],[[[-5.854109619668134,43.36963558131274],[-5.854104375425968,43.36952383126515],[-5.854268846949982,43.36953930763313],[-5.8542253228671495,43.36963043330445],[-5.854109619668134,43.36963558131274]]],[[[-5.854598191089732,43.36952670968706],[-5.8549475521027015,43.36970243058398],[-5.854483581079086,43.36971442087806],[-5.854413375233821,43.369625736196674],[-5.854598191089732,43.36952670968706]]],[[[-5.838118114101016,43.36994156485592],[-5.838094428129779,43.37026695128158],[-5.837943788203931,43.37021601013219],[-5.837986386236041,43.37030499087265],[-5.837850901261142,43.370338029530124],[-5.837734674868055,43.370492240990835],[-5.837694772566595,43.370132155315375],[-5.837714320378742,43.37005600773489],[-5.837876449413165,43.370037605141135],[-5.837826102460564,43.36985877814614],[-5.837947501764057,43.369763242355205],[-5.838107277089526,43.369761756722504],[-5.838063933475189,43.36967279453682],[-5.838537744401586,43.369187714843996],[-5.838597862892166,43.36929937849235],[-5.838402974514204,43.369574335248736],[-5.838436791047637,43.36966910103282],[-5.838314947767088,43.36970289807052],[-5.838118114101016,43.36994156485592]]],[[[-5.841506482845194,43.370127478021395],[-5.841789364447835,43.370101822827394],[-5.842152522156914,43.369949755047884],[-5.84226893389075,43.36979977081912],[-5.842516314391032,43.369811302178306],[-5.8429103486560985,43.3696423686536],[-5.843072054380273,43.369188152571645],[-5.84334212189649,43.368995533181945],[-5.843725256454414,43.369270942136794],[-5.843746624142393,43.36953152239886],[-5.843530260316704,43.36989706086704],[-5.8435699070926646,43.37043630598778],[-5.843417042680703,43.37059804820405],[-5.843337809143992,43.37044208115492],[-5.843448442644033,43.37016921255267],[-5.843415303997907,43.36989992127883],[-5.843251602767678,43.36969929339764],[-5.842281562593628,43.37006999575512],[-5.842043655505818,43.370261210444674],[-5.841797042273302,43.37026613695339],[-5.84168035545985,43.37041027682864],[-5.841309083583079,43.370388747815646],[-5.841067277497714,43.3704965907186],[-5.8405748958037425,43.37052457607699],[-5.840334270588215,43.37065774295178],[-5.839960420193508,43.37058101874129],[-5.839227001077554,43.37073342686133],[-5.838853479580435,43.37066372916876],[-5.838120566388146,43.37082706001087],[-5.837822188722799,43.370669223051294],[-5.8378555049510545,43.37057835707049],[-5.8379856986376035,43.37058180291095],[-5.838119994477913,43.370481749961236],[-5.838718412018497,43.37041424608584],[-5.839091934270943,43.37048399643174],[-5.840319450984918,43.37034042622662],[-5.840568808250764,43.37039424072674],[-5.841303299060425,43.370264931872036],[-5.841506482845194,43.370127478021395]]],[[[-5.843317538666003,43.37110964371451],[-5.843419051678696,43.37064101776126],[-5.84343284677217,43.37093607225898],[-5.843317538666003,43.37110964371451]]],[[[-5.83963443686728,43.37152944236451],[-5.839512876690161,43.37156936707808],[-5.8394476872756,43.37152923147731],[-5.8395100040623324,43.37150784304238],[-5.83963443686728,43.37152944236451]]],[[[-5.851661270080249,43.37122510211565],[-5.85157886598713,43.37131719699463],[-5.851590027877148,43.37117620349839],[-5.851661270080249,43.37122510211565]]],[[[-5.830380045700693,43.37158174270422],[-5.831123043450995,43.37163439087911],[-5.831170664978518,43.371734593689965],[-5.831698954777511,43.37190158145294],[-5.831383153698531,43.37191922331919],[-5.830353262602839,43.37166480313433],[-5.830380045700693,43.37158174270422]]],[[[-5.8419842431961255,43.371630970532664],[-5.841986983006732,43.37168959855767],[-5.841869967215757,43.37164909562888],[-5.8419842431961255,43.371630970532664]]],[[[-5.842064129297161,43.371734305517755],[-5.842110876167854,43.37169962422878],[-5.842269998150796,43.37172918530458],[-5.842238799636347,43.37179588393353],[-5.842064129297161,43.371734305517755]]],[[[-5.848409415160324,43.37178253503408],[-5.848407258076944,43.371736480950254],[-5.848435231499968,43.37175575333748],[-5.848409415160324,43.37178253503408]]],[[[-5.842868634183445,43.37206778138919],[-5.842991903026237,43.37206443289316],[-5.843030855468403,43.372070412987235],[-5.842993933395295,43.37210786381655],[-5.842868634183445,43.37206778138919]]],[[[-5.836216261932159,43.372337938383545],[-5.836449787566924,43.37205222298807],[-5.836709701763981,43.37231753938538],[-5.836347649630468,43.37250864279314],[-5.836102487457777,43.37254489045617],[-5.835971686331936,43.37242589569098],[-5.836092564097125,43.37233210896913],[-5.836216261932159,43.372337938383545]]],[[[-5.843892991656524,43.37240911513238],[-5.84350018351312,43.37237623065503],[-5.84305680563462,43.3721598059641],[-5.843242108432765,43.37213618490733],[-5.843892991656524,43.37240911513238]]],[[[-5.837588341283221,43.37256584098642],[-5.839196270786207,43.3716255168576],[-5.839389684630748,43.37157434320492],[-5.8394492628944334,43.37161923093935],[-5.8379511034153095,43.37248532214862],[-5.837709001093075,43.37258712011074],[-5.837588341283221,43.37256584098642]]],[[[-5.844791863815427,43.37265685763253],[-5.844869931545401,43.372634071135565],[-5.845163029388023,43.372647617126255],[-5.845119097009075,43.37268349732893],[-5.844791863815427,43.37265685763253]]],[[[-5.845192640765708,43.37273691844494],[-5.845243249427561,43.37269900998899],[-5.845246944996911,43.37277799615256],[-5.845192640765708,43.37273691844494]]],[[[-5.84683398251966,43.373056195087365],[-5.846903160637162,43.37305447168687],[-5.846866804428827,43.37310505169052],[-5.84683398251966,43.373056195087365]]],[[[-5.846485305160339,43.37315491943911],[-5.846992236933804,43.37314787886413],[-5.847000411008233,43.37323212598423],[-5.8471675303055015,43.37331800086351],[-5.847002563184923,43.373368443864585],[-5.84675384514338,43.37332866819278],[-5.846749540537916,43.37323671550233],[-5.846627670501199,43.37326999175026],[-5.846485305160339,43.37315491943911]]],[[[-5.845760255076463,43.37326301608421],[-5.84540804269665,43.37358309044713],[-5.843488497020482,43.37476591730327],[-5.843124394264785,43.37489830338862],[-5.842781551350974,43.37468773380009],[-5.843050243318334,43.37432089505371],[-5.843595945622039,43.37403720147947],[-5.843732376614897,43.37385372933765],[-5.843685782490351,43.37370579666399],[-5.843934017288328,43.373735248321154],[-5.844170651855339,43.37351667529481],[-5.844538028903828,43.37345451008845],[-5.8451625536066025,43.373097821826974],[-5.845255781695971,43.372966863434485],[-5.845760255076463,43.37326301608421]]],[[[-5.816472038712595,43.37668977598958],[-5.816390027113166,43.376691797238266],[-5.816420821418375,43.37664715525317],[-5.816472038712595,43.37668977598958]]],[[[-5.815509761943106,43.37829750955912],[-5.815480848805706,43.37824485781374],[-5.815504315512179,43.37817989301637],[-5.8155926462893675,43.37824210333384],[-5.815509761943106,43.37829750955912]]],[[[-5.815281942694021,43.37870908311919],[-5.815330778709585,43.37878878690444],[-5.815290357975677,43.378890823169364],[-5.815263006418956,43.378790456545545],[-5.815281942694021,43.37870908311919]]],[[[-5.8313364830382515,43.37886947797444],[-5.831334544775433,43.378827856151844],[-5.83145508643826,43.37884059650906],[-5.8313364830382515,43.37886947797444]]],[[[-5.790085764816798,43.37839103429182],[-5.7919244491020265,43.37811022999424],[-5.792235779204764,43.378184922426804],[-5.792258575830487,43.37827440415569],[-5.792683882162777,43.378519655674616],[-5.793055622561409,43.378550653983076],[-5.793669529168959,43.37847909985832],[-5.794029950938415,43.37826378531776],[-5.794409340701019,43.3784612412785],[-5.7953654771371985,43.378198447540335],[-5.7953804053734315,43.378103555215674],[-5.79562093554375,43.377965541211815],[-5.795743160509484,43.37793916713138],[-5.795996082492665,43.378070661931424],[-5.796119005757301,43.37805947160155],[-5.796236452410369,43.37792919666899],[-5.796609739745675,43.37799386865602],[-5.797091271395396,43.37772824992148],[-5.79782864346658,43.37765759958413],[-5.797947914472626,43.37756706634273],[-5.798564047857184,43.37754423598445],[-5.798803243310011,43.377377430181234],[-5.79954637829272,43.377432082163985],[-5.799666507901601,43.377360261354696],[-5.8002844098557285,43.37737589334561],[-5.800644366345589,43.37715112700567],[-5.801277917593647,43.3775064805264],[-5.80212939721566,43.37723356678171],[-5.80225862779285,43.37735929551686],[-5.802572357604349,43.377121543094106],[-5.802861592943651,43.377050883865735],[-5.802990249868401,43.3771641446762],[-5.803112824131589,43.37714545245311],[-5.803178807611333,43.37701662992919],[-5.803667011055631,43.37673453725397],[-5.8039626133797855,43.376836171069144],[-5.804205288218483,43.376745191942355],[-5.804432375806338,43.376316268072564],[-5.8050891477543205,43.376069366718205],[-5.8050392234894845,43.375980553459016],[-5.805276424323048,43.37579465345422],[-5.8053844710599,43.37554943946771],[-5.806068648641455,43.37514493212166],[-5.806229054928618,43.37512809068561],[-5.806545389717228,43.374773069880476],[-5.806824730614615,43.374662661933804],[-5.807330644347267,43.37492671214776],[-5.807453173194413,43.37490716282156],[-5.807794343875916,43.374382234919544],[-5.808042950148332,43.37431424276073],[-5.808537031500596,43.374322052675616],[-5.808901932898595,43.37420538334996],[-5.80985880431028,43.37354383449778],[-5.810223464907888,43.37342210940025],[-5.810445015218911,43.37287453331879],[-5.81091841180859,43.37243508447579],[-5.811282033169286,43.372291066366564],[-5.8117768849533435,43.372315888577596],[-5.812142790856116,43.37222133461996],[-5.81301266653545,43.37234876742962],[-5.81466833878455,43.37187212691801],[-5.816565292782419,43.370925001597016],[-5.817718949556133,43.3700321288572],[-5.8177733488371555,43.36990479453529],[-5.817957401685018,43.36985103646221],[-5.818674667351028,43.36934913781452],[-5.818856271620484,43.36933785503514],[-5.81883536905126,43.369608486820596],[-5.818565868091842,43.36966462937373],[-5.817711445231225,43.37035651452862],[-5.81762387871651,43.370644075647554],[-5.817257189804472,43.37072133760302],[-5.8167810619798646,43.37110054865158],[-5.814730059165603,43.372120326396086],[-5.813631675091664,43.37238935601165],[-5.813271401787484,43.37260563897742],[-5.813114709743721,43.37290080847543],[-5.812742271489004,43.3732701309002],[-5.812739626070902,43.37354031214034],[-5.812589587024876,43.3738758048463],[-5.8122744892471365,43.37373183720238],[-5.812199680568239,43.37345156978503],[-5.811948213593995,43.373351868643525],[-5.811817811366934,43.37320103907079],[-5.811802020090619,43.37329326980936],[-5.8112239534724885,43.37370466064007],[-5.811027773958708,43.37394258863037],[-5.810452505793585,43.374316892700314],[-5.81042582921852,43.37449762617901],[-5.810535891812766,43.37467499674925],[-5.810411965121623,43.37483011811953],[-5.810042602171195,43.37485025713423],[-5.809787721770402,43.37467673502224],[-5.8090502700304425,43.37480156335554],[-5.809186396899168,43.374888255832445],[-5.809226271662348,43.37515739172765],[-5.808822915571267,43.37516689420663],[-5.8085906987159355,43.375484010422966],[-5.808344075926932,43.37548925658235],[-5.8079870284851385,43.375776191515605],[-5.807618638653203,43.37581754882187],[-5.8072547926923805,43.37595733977818],[-5.806914860753305,43.3766152137217],[-5.806305976647889,43.376794838672794],[-5.805555149239851,43.37731846890532],[-5.80522581065101,43.377461378728455],[-5.805111732407702,43.377664228799816],[-5.80498617158538,43.377618191128825],[-5.80450190033185,43.37782364292219],[-5.803763717618892,43.37787658352619],[-5.803398158134371,43.37797966665929],[-5.80315146200617,43.37798355284122],[-5.803022630331789,43.37786654730596],[-5.802295886969386,43.378167731649384],[-5.802179085877767,43.37831174045581],[-5.801931691359659,43.37830050292299],[-5.801801695405599,43.37815819576894],[-5.801683529645691,43.37827261389769],[-5.801190862445267,43.37829618214753],[-5.800704098375394,43.37844791234878],[-5.800457001622466,43.37844314620749],[-5.800205330817583,43.37833906187092],[-5.799962463809918,43.37842613493702],[-5.799835914056319,43.37835857226422],[-5.799790873302107,43.3784502655199],[-5.799596032133154,43.378510488422386],[-5.79933915578429,43.37829331412685],[-5.799220898717077,43.378405855547214],[-5.79896807501284,43.378276677714574],[-5.798720365748634,43.37825858717755],[-5.798730238263946,43.37847306520891],[-5.798482389028806,43.3784519495839],[-5.798244110378932,43.37863878387699],[-5.7974372410803365,43.37859794423367],[-5.797425498000836,43.378688270411494],[-5.7970534137039404,43.37887745563217],[-5.797013971714158,43.37896845972545],[-5.7961677411467045,43.379119207175194],[-5.795912159116815,43.37892997211292],[-5.795666247768646,43.37895102211568],[-5.795540591631457,43.379004512376966],[-5.7954332192483715,43.37925227567429],[-5.795065970196589,43.37931909508552],[-5.794566196700403,43.379188299423355],[-5.794231633025104,43.379666796818285],[-5.79409598275549,43.37970067722559],[-5.793967928990247,43.37960030409515],[-5.793356572597969,43.379727602608156],[-5.792733876022195,43.37960807722147],[-5.7924933903810825,43.37974734189927],[-5.791997995801019,43.379711860928595],[-5.790402185710093,43.37990634699575],[-5.7899085550581715,43.3799093090405],[-5.789410494412567,43.37981571509868],[-5.789070995525718,43.37961278771986],[-5.788953875196635,43.37943556864341],[-5.7890598390378525,43.378982788809104],[-5.789360707928445,43.37873052288092],[-5.790085764816798,43.37839103429182]],[[-5.7927118182049915,43.37912786170259],[-5.792716180052637,43.379222823398564],[-5.7928085510492044,43.37916135201601],[-5.7927118182049915,43.37912786170259]],[[-5.799071725303277,43.37765753404473],[-5.798936797801646,43.37759723279713],[-5.798887255461735,43.37766205225951],[-5.798941477980317,43.37769890333766],[-5.799071725303277,43.37765753404473]],[[-5.804992867198273,43.37634184615262],[-5.804924533808675,43.37628203778399],[-5.804864005733853,43.37634500906414],[-5.804929204526221,43.37638329051988],[-5.804992867198273,43.37634184615262]],[[-5.80618199726042,43.37541226493791],[-5.806262440983772,43.37523021210405],[-5.806229960438198,43.375147712196465],[-5.805997335475463,43.375326760627566],[-5.806052443757743,43.375415446179915],[-5.80618199726042,43.37541226493791]]],[[[-5.831214793464853,43.378907052468776],[-5.831094576661767,43.378976258709095],[-5.831067812410601,43.37894023016336],[-5.831214793464853,43.378907052468776]]],[[[-5.80094162607111,43.379862685212444],[-5.8016318393116295,43.37982968310249],[-5.801957676734443,43.37983777701213],[-5.80094162607111,43.379862685212444]]],[[[-5.803715088123927,43.37988471187325],[-5.802623868285081,43.37992725225158],[-5.802269191928566,43.37992017716898],[-5.803715088123927,43.37988471187325]]],[[[-5.830250398628631,43.37940371540852],[-5.830255357460078,43.379500586629995],[-5.830132925605939,43.37953190897225],[-5.830106007305142,43.37950428551566],[-5.830250398628631,43.37940371540852]]],[[[-5.80522432136864,43.380104525882594],[-5.805228220611412,43.38018903409233],[-5.803832879506601,43.379971860520406],[-5.80447623135746,43.379943272874975],[-5.804603950141266,43.38003599268774],[-5.80522432136864,43.380104525882594]]],[[[-5.805260234763714,43.38020694653766],[-5.805475146645124,43.38018993951179],[-5.805533512517503,43.38020023775041],[-5.805260234763714,43.38020694653766]]],[[[-5.805558936113225,43.38028965224343],[-5.805601561335903,43.38025435504829],[-5.805759342331295,43.380284731942496],[-5.805728166715315,43.3803228967351],[-5.805558936113225,43.38028965224343]]],[[[-5.805792070755442,43.38037396702927],[-5.805852484813338,43.380341871435895],[-5.805956307580811,43.38036993443598],[-5.805855008592542,43.380396556573004],[-5.805792070755442,43.38037396702927]]],[[[-5.80596726474393,43.38045970404541],[-5.805978721304413,43.38040241026039],[-5.806134588047984,43.380455595408336],[-5.806106668075542,43.38049999837035],[-5.80596726474393,43.38045970404541]]],[[[-5.8296244378180555,43.37996640378272],[-5.829667200724521,43.37987530633736],[-5.829659484213075,43.37996852795093],[-5.8296244378180555,43.37996640378272]]],[[[-5.80623340333572,43.38057133020104],[-5.806169345458454,43.38054478055948],[-5.8062310255744185,43.38051981625179],[-5.80623340333572,43.38057133020104]]],[[[-5.829083961362727,43.38079013258443],[-5.829036693863152,43.38079130277519],[-5.8290785106184195,43.380747195787855],[-5.829083961362727,43.38079013258443]]],[[[-5.832055197572881,43.38104885468599],[-5.832171212751466,43.38088939520792],[-5.832203741841845,43.38089293065892],[-5.832225778173048,43.38098242303351],[-5.832055197572881,43.38104885468599]]],[[[-5.8309751274913095,43.38182375975601],[-5.831099102400814,43.38172430304007],[-5.831148997428316,43.38172941371133],[-5.831104206356374,43.381833902042416],[-5.8309751274913095,43.38182375975601]]],[[[-5.8308696873089225,43.38209958204335],[-5.830746100338339,43.38209655155184],[-5.830868758556912,43.38207963720742],[-5.8308696873089225,43.38209958204335]]],[[[-5.830635914570707,43.38238133295628],[-5.830511775918467,43.38236646590822],[-5.830634253517145,43.38234565942135],[-5.830635914570707,43.38238133295628]]],[[[-5.819113480280361,43.38283730753991],[-5.81915746658664,43.38242604629512],[-5.81945213929084,43.383009029558046],[-5.819321989722419,43.38331176110229],[-5.819113480280361,43.38283730753991]]],[[[-5.82295578280643,43.38447007528752],[-5.822980323324143,43.38436254199065],[-5.823234569751247,43.38444629942484],[-5.82295578280643,43.38447007528752]]],[[[-5.8227889719694925,43.38454734597026],[-5.821973743446352,43.38458998234329],[-5.82194983493114,43.38447803269241],[-5.822094522861871,43.384532437200804],[-5.822185255949214,43.384472218817564],[-5.822083694651846,43.38438468846375],[-5.822209327103675,43.38434619705627],[-5.822465400145863,43.3845437378103],[-5.8227889719694925,43.38454734597026]]],[[[-5.829266807888175,43.38479318887391],[-5.829263119754029,43.38471394906597],[-5.829301112385055,43.38474645141041],[-5.829266807888175,43.38479318887391]]],[[[-5.816580568578516,43.38569096095636],[-5.816223890719486,43.385719809542756],[-5.816171173710587,43.38570105082717],[-5.816469117507237,43.38568355515816],[-5.816580568578516,43.38569096095636]]],[[[-5.815366690800039,43.385870366489605],[-5.815637089525784,43.385894288655],[-5.815126699966576,43.38601970759221],[-5.814735146512021,43.3860065469296],[-5.815366690800039,43.385870366489605]]],[[[-5.814247010847277,43.386018569374556],[-5.814562672031137,43.38610083364497],[-5.8141490976286985,43.386236333061696],[-5.813733177790435,43.386211299576686],[-5.814247010847277,43.386018569374556]]],[[[-5.812447898469954,43.386823375586815],[-5.812306918689625,43.386786640301224],[-5.812439322064807,43.386638019912844],[-5.812921051168653,43.38637673359362],[-5.813409783635585,43.38626684552212],[-5.8136874308827355,43.38630246452949],[-5.813048968904904,43.38647317099391],[-5.812447898469954,43.386823375586815]]],[[[-5.8104461679448285,43.38625151409203],[-5.809803671351418,43.38570583143007],[-5.80906276334885,43.385701762079336],[-5.808874033861032,43.38543045547984],[-5.808922438158508,43.38533665020316],[-5.809047001860268,43.38536069441587],[-5.809131685245773,43.385514160685005],[-5.809302912514412,43.38555554873125],[-5.809423814740273,43.38541694051349],[-5.809083595293159,43.385245227092845],[-5.809408423686396,43.38516734748806],[-5.809566436822594,43.385233356919194],[-5.809926193465869,43.38568568712514],[-5.810303747864653,43.38584130204903],[-5.810451147173989,43.3850315247458],[-5.810738256561657,43.38455873689554],[-5.810808321722455,43.38421239264034],[-5.810581012802112,43.38403790634013],[-5.810709659250858,43.383940251215435],[-5.810833827184327,43.38395578377079],[-5.810708502442763,43.38367461629726],[-5.810938280059688,43.38354495608867],[-5.811020744557046,43.38330678156485],[-5.811021129399012,43.383036656299886],[-5.810716768191906,43.38277402699069],[-5.810902783511041,43.38277728224865],[-5.811048312291891,43.38258579461291],[-5.8110262570097895,43.38204610549001],[-5.810790975593934,43.38187181564867],[-5.811019742437172,43.38150603404297],[-5.81103170411675,43.38132566255985],[-5.810983944224461,43.38105672151454],[-5.810817367974971,43.380929900028875],[-5.810924872538332,43.38069802005527],[-5.810449026625686,43.38034956929578],[-5.810563398194937,43.380256717791184],[-5.8104121743770465,43.380175731334504],[-5.8104030737729975,43.37997885786529],[-5.810647137532513,43.37991786689632],[-5.810841118100439,43.37961961656333],[-5.810987244287893,43.37926429073752],[-5.811009084859184,43.37871509848059],[-5.811168076773456,43.378080916820814],[-5.811840615155202,43.376983906550244],[-5.812571938966454,43.3761628554819],[-5.813186573317096,43.37587031636103],[-5.813459474173017,43.37550344320724],[-5.814362240539923,43.374840434538946],[-5.815331789895917,43.37445380573287],[-5.8171396038145105,43.37351176265082],[-5.818961441031196,43.37287343991495],[-5.819083355441431,43.372840807049045],[-5.819458201902107,43.372939272641176],[-5.820062158218472,43.37265505177327],[-5.820672081975336,43.37249960951566],[-5.821040758648472,43.372465063990596],[-5.821415327455142,43.37255752802981],[-5.822150633058478,43.372444323887635],[-5.822268360850928,43.37232153444269],[-5.822639505007289,43.372340194200746],[-5.823251992895978,43.372240195386816],[-5.82349272312015,43.37210834759941],[-5.8236061815416615,43.371893676949426],[-5.823732334196162,43.37195241910266],[-5.823790133044372,43.37182716790675],[-5.824091879382819,43.371721344049526],[-5.824342908996714,43.371811350055445],[-5.824588278901079,43.37177948398893],[-5.824837974475982,43.371840749116785],[-5.825224781332972,43.371611631141995],[-5.826543297062598,43.37135389802341],[-5.826753081862188,43.37112364378689],[-5.827151545242621,43.37116305041871],[-5.8273248861593645,43.37110949814366],[-5.827602395273495,43.37083251590444],[-5.82811835694695,43.37072055151663],[-5.828233441699675,43.37054125544709],[-5.828900271816251,43.37017012376411],[-5.828829103098255,43.37008008838277],[-5.8291963957840025,43.37001620900224],[-5.83027086726347,43.36923573682278],[-5.8305812791607154,43.36913807282242],[-5.831717376379797,43.368494151099796],[-5.834144829788563,43.367616201517876],[-5.834158244615179,43.367428720713406],[-5.833914655159689,43.36698456823135],[-5.833990044010537,43.36694294477906],[-5.834508397855397,43.36747283746713],[-5.83475609449616,43.36749138556118],[-5.836614017761177,43.367187711699756],[-5.837058242358575,43.36708664545946],[-5.83706309816755,43.36699648623099],[-5.837329347356778,43.36709510864556],[-5.838553196082138,43.36687430813018],[-5.838766342106825,43.366684072291605],[-5.83916196954505,43.36669647609628],[-5.839890743107617,43.36644559786505],[-5.840022315061985,43.36638274950072],[-5.840110145431137,43.36620048934561],[-5.840484073929103,43.3660111181608],[-5.840737278146868,43.36607382711753],[-5.840865047170929,43.36600164797022],[-5.840877765632283,43.365911293121485],[-5.840729704267889,43.36591165315516],[-5.8404722648944425,43.36568436960829],[-5.84022231010771,43.3656173375711],[-5.83969936763293,43.36513023346971],[-5.839662387356047,43.36495107501955],[-5.839043463763734,43.364157487669594],[-5.838916168446418,43.36407422100874],[-5.838670582166588,43.36410062272051],[-5.8364732404824196,43.36461584280272],[-5.836233724038289,43.364772496180045],[-5.835983263104904,43.364694426836095],[-5.8353733805933805,43.36484824350832],[-5.835137121340975,43.36507486118903],[-5.83476288561886,43.364988984091745],[-5.8337870940491765,43.365235769235454],[-5.833339613969578,43.36591836264023],[-5.833384494151089,43.3660973273019],[-5.833832181941385,43.36662645865204],[-5.8338617012600436,43.36683717800297],[-5.833702429216834,43.36680975357066],[-5.833339596287243,43.36622651244356],[-5.833207974133365,43.36619174250671],[-5.8333067484019026,43.36609925490315],[-5.833065716469624,43.36574507579633],[-5.833304783653467,43.36528895522722],[-5.833566452051492,43.36510238988551],[-5.834265578840594,43.364910377409906],[-5.834626415246927,43.364708740145474],[-5.835365012773461,43.36466872215135],[-5.835728197258138,43.36451756278205],[-5.837197211035443,43.36426227226025],[-5.837436347038132,43.36409755794027],[-5.837562346547655,43.364153087794804],[-5.837926080804681,43.3640138955461],[-5.838174011017095,43.364037731945295],[-5.838794245547502,43.36380214103468],[-5.838851156266168,43.36371068857589],[-5.838482009444002,43.36270410448075],[-5.838473244298908,43.36251625110884],[-5.83861715580296,43.36227588183739],[-5.838347066158011,43.36021169943174],[-5.837853037366312,43.359802667413526],[-5.837730634205736,43.35982404966566],[-5.836621320448517,43.35944420022072],[-5.836233276976361,43.35946901753675],[-5.836104719435548,43.35935837297029],[-5.835479602978334,43.35918417429835],[-5.83497927935625,43.35894471456296],[-5.834477117787611,43.358855951099315],[-5.833589318887494,43.35834043813499],[-5.832752846197127,43.357559304579176],[-5.832463145155642,43.35693621363665],[-5.831815871420598,43.356141905366194],[-5.831250880088867,43.355819982941526],[-5.830922985992672,43.35544371666878],[-5.83061171452025,43.35534268262215],[-5.830241040722298,43.355331945816566],[-5.829629401855924,43.35544631480153],[-5.829090728822936,43.35575920704006],[-5.82801911144741,43.35785662415102],[-5.827585388490002,43.358407589443814],[-5.827190685641632,43.358728668548714],[-5.8271451406798445,43.35868859803044],[-5.827365307505116,43.358413034653225],[-5.827839231196909,43.35795111425853],[-5.828297651859546,43.35721945907795],[-5.828904711047882,43.35578314416301],[-5.82934926669495,43.35539265102037],[-5.829319160640715,43.35530335753447],[-5.828567242281337,43.354961815516944],[-5.828257509418652,43.35513254444939],[-5.828213750206611,43.35506060320169],[-5.828412417582507,43.35478556979483],[-5.828459004757755,43.354158256772116],[-5.828561043098748,43.354691852370955],[-5.828841949805739,43.35477493811197],[-5.828739868236792,43.35489150007485],[-5.829121851010005,43.35514554031842],[-5.829618025094103,43.3552016629111],[-5.830680149015968,43.35517961541216],[-5.82984669812688,43.35481225773802],[-5.828925227126228,43.354682837803104],[-5.829345077919466,43.35463894042584],[-5.830190770346221,43.35474154190549],[-5.8299210152817675,43.354388066766006],[-5.829819461682064,43.35394038718513],[-5.829893657577804,43.35357839443726],[-5.830046529056855,43.35339453106587],[-5.829959505128239,43.35402695818299],[-5.830147312405115,43.3544725015839],[-5.830969847059651,43.355083850966025],[-5.831977001186664,43.35551415766635],[-5.8326384526397375,43.35621155784469],[-5.8330373213968905,43.35647178685828],[-5.833547333835278,43.35743890950429],[-5.8342309127304866,43.35806288940378],[-5.835198093275743,43.35843929171906],[-5.836308931027171,43.35844483060374],[-5.837062837939156,43.358734786731354],[-5.837810556492923,43.35889191145549],[-5.837930116822557,43.35880962276138],[-5.838049536753618,43.35805815844302],[-5.838352619711524,43.35742035964865],[-5.838890556042352,43.35677672607079],[-5.840475990941987,43.35519190050978],[-5.841314806451913,43.35465816459956],[-5.8418035094295,43.3545541616606],[-5.841922807896263,43.35446655849736],[-5.84327422254455,43.354340906362644],[-5.84358450713028,43.35440905361241],[-5.843530668502939,43.35454778435998],[-5.842299620135385,43.354608787331884],[-5.841810550429855,43.35470492852086],[-5.840844246797407,43.35515082972522],[-5.8395108351306,43.35640116036006],[-5.838606090160466,43.35742889777696],[-5.838368815711426,43.35787015130125],[-5.838316965395742,43.35850171055004],[-5.838545157878755,43.35876615904583],[-5.838363562915684,43.35895074705542],[-5.838411572413686,43.359129632151564],[-5.838733656195229,43.35939174815311],[-5.838967896782546,43.35989385497728],[-5.8394931944806805,43.36000314953901],[-5.839475927980701,43.36020300538767],[-5.8388537771742,43.36009275744114],[-5.8386303695781665,43.36020466261129],[-5.838864613739607,43.361639463686075],[-5.838762764710794,43.36227226486558],[-5.8388292659610155,43.36308096138108],[-5.839151119627385,43.363819959129664],[-5.8396084340329155,43.36450222222582],[-5.8400191053943775,43.365032249074964],[-5.840417787907531,43.365382495016455],[-5.840465417358112,43.36553773264595],[-5.841954350765355,43.36570870238404],[-5.842632204705332,43.36559754886209],[-5.842480666097506,43.36578139562604],[-5.84270119491486,43.365844992209894],[-5.84369454362437,43.36597433474478],[-5.843903787086208,43.36592606577452],[-5.843910329089138,43.36601594162769],[-5.84506710479001,43.3662954195873],[-5.845686603736865,43.366347376831655],[-5.845806390448375,43.36626985356554],[-5.8463103766812035,43.36649064679073],[-5.846554901872014,43.36644143925977],[-5.8468685655111,43.366482515720406],[-5.847182356696126,43.36666330199226],[-5.8474291884484355,43.36666336638817],[-5.847670413386423,43.36654367182091],[-5.84792061435574,43.36661570551349],[-5.848177545273985,43.36683144904949],[-5.849167537467191,43.36688854627366],[-5.849667725188506,43.36702789203138],[-5.850146975599354,43.36672037299355],[-5.850538353203061,43.36711134316827],[-5.850912727955767,43.36725941490636],[-5.8512812943666574,43.36722357160429],[-5.851519294245455,43.367035202210026],[-5.851774120718656,43.367205750202245],[-5.852141344675633,43.36714129634372],[-5.8523989432846735,43.366884839479724],[-5.853235197957947,43.36668388570107],[-5.853378393929503,43.36659027168336],[-5.853400506039121,43.36640964233837],[-5.853707832009936,43.366333245293376],[-5.853815200303288,43.36621920967506],[-5.854195524719781,43.36620619155991],[-5.854266620514811,43.366297974037934],[-5.8541443915385605,43.36648110410606],[-5.853478826902023,43.36703795693003],[-5.853260499836508,43.36732073178217],[-5.852887462323767,43.36750291488587],[-5.8529469582559255,43.3676815067517],[-5.852537490586985,43.367693550078435],[-5.852360408286381,43.367876225977966],[-5.8523828751654285,43.36796570379085],[-5.85194113937617,43.368135671364776],[-5.849649638345208,43.3700147434305],[-5.849499618978435,43.37037863866001],[-5.849095249239728,43.3706146413905],[-5.847919899424691,43.371871865372825],[-5.8473227897553075,43.37229935103192],[-5.846476580435445,43.3726790245399],[-5.8463150052979165,43.372618929943876],[-5.846400840318185,43.37252675339506],[-5.84711833918046,43.37214872512652],[-5.847788265887774,43.371681839312494],[-5.848449790996745,43.37103508183319],[-5.848547040044092,43.37076254199725],[-5.84879156654271,43.370576369233135],[-5.848945561947594,43.370053961915765],[-5.8495505070992975,43.36979440861269],[-5.851314236404272,43.368352527055734],[-5.851938657382284,43.3677967136717],[-5.852005214715242,43.36770501399932],[-5.851905917983147,43.36761745353016],[-5.851791366335307,43.367573566928456],[-5.851550201349517,43.36769445089264],[-5.8506821343265845,43.36760586455107],[-5.850502151550289,43.36765247786533],[-5.850443361819535,43.3677439829164],[-5.8500453556792635,43.367753909926584],[-5.849436328090388,43.367357325717514],[-5.8486877406196065,43.367184531879005],[-5.848443661214963,43.367243284166484],[-5.848316088473078,43.367154510233064],[-5.847694336543041,43.36705465446974],[-5.847330721201881,43.36719628606867],[-5.847083950714715,43.36719757682206],[-5.847045169068361,43.36701834781317],[-5.846663782247709,43.367027848961555],[-5.846670623249166,43.36693763991463],[-5.8465357013056085,43.36685096217042],[-5.8460748288102105,43.36673172225512],[-5.845599540326531,43.367124371471924],[-5.845581666422581,43.3667846838843],[-5.845453506515398,43.366640879826186],[-5.845083046286947,43.366636235860774],[-5.8442096183390175,43.36643248147044],[-5.843718980372683,43.366497028620344],[-5.8435884755687955,43.36634535469504],[-5.842966039321317,43.36623051579899],[-5.842720378925803,43.36625547846456],[-5.842592280821106,43.366155238428995],[-5.84222008418742,43.366113366747435],[-5.841982906650164,43.36624396899909],[-5.841983335520575,43.3663290610776],[-5.841131228406643,43.36658145055308],[-5.840794086352624,43.366903798674215],[-5.840782114071691,43.36703383840132],[-5.840417195565413,43.36714790966852],[-5.840284893838509,43.36695761041626],[-5.839801947494537,43.36718708227789],[-5.839551446794147,43.367108475290884],[-5.838577405154769,43.36739305523538],[-5.837231915852838,43.36765214430473],[-5.8361262179328115,43.367760447512886],[-5.835027601391319,43.36802076031023],[-5.83502391558209,43.368307634826046],[-5.835617178101239,43.36910326332196],[-5.835656055107858,43.36919233729082],[-5.835577959004522,43.36923670676243],[-5.835243584381695,43.36893245563181],[-5.835000805231746,43.36848828549592],[-5.834540829948911,43.368168761320895],[-5.832229094528143,43.368881671054474],[-5.828796037439675,43.37098305207047],[-5.82869957364667,43.371075478561444],[-5.828757927991583,43.37120337193315],[-5.828385738018823,43.37116211322334],[-5.8281530553626295,43.37146670490754],[-5.827042927755038,43.37192682177388],[-5.8263047554911855,43.37248531277349],[-5.82598471696998,43.37261367501062],[-5.825737885949552,43.37261415222016],[-5.825084194233416,43.37287564810727],[-5.825041522443366,43.37296674167268],[-5.825679534780877,43.37313104477858],[-5.825146916816413,43.3731773422899],[-5.82502760645902,43.37326597351873],[-5.824774206691568,43.373125096377855],[-5.824658537408069,43.37315628619524],[-5.8247004767742006,43.37333532685291],[-5.824914864255176,43.3734200660311],[-5.8247836583389825,43.37351334803366],[-5.824614583567436,43.37414779781861],[-5.824138828055903,43.37469978819096],[-5.822756363278995,43.37572437023003],[-5.822659126498086,43.37608692660256],[-5.822263343800728,43.37627677919368],[-5.821282773330927,43.37792168740097],[-5.821364880236163,43.37818977612298],[-5.821315761560991,43.37839242229683],[-5.820886922576672,43.37856172996846],[-5.820378003107585,43.37956471620653],[-5.820242937625367,43.379658088227174],[-5.820159246911103,43.37993026943491],[-5.819836296312925,43.38038843196661],[-5.819843470454983,43.38083844789394],[-5.819419490882752,43.38102898639953],[-5.819084782052624,43.381487436872725],[-5.819030367739548,43.381848933555034],[-5.819105696108257,43.38229726814646],[-5.819031280224804,43.3823669633036],[-5.818848828042262,43.38167333463302],[-5.819219417482246,43.38103392249123],[-5.819150285011319,43.380585435045255],[-5.81960242230612,43.38030416418418],[-5.8196382738376675,43.3801232023894],[-5.820781499407853,43.37847429368165],[-5.8205402094853005,43.378300172221955],[-5.82057422514889,43.37811925540943],[-5.820431190389846,43.37795044192014],[-5.819543432667406,43.37743946370856],[-5.819488812884096,43.37733569303903],[-5.819658622921011,43.37726164316335],[-5.8199086007976195,43.377328608762255],[-5.820539686245885,43.377628347568134],[-5.820796655180759,43.37784595154667],[-5.821045366884833,43.377885548041604],[-5.822158879602759,43.37618932046357],[-5.822013806394039,43.37601282583808],[-5.822060591255258,43.375823380786706],[-5.822179283178654,43.3757212270252],[-5.822547963284837,43.375686355065056],[-5.824140988418085,43.37451965751298],[-5.8244821964155395,43.37406103137259],[-5.824536035057254,43.37342943009714],[-5.824412413590896,43.37330788915958],[-5.82416415952143,43.373277785900065],[-5.823555403603427,43.37345835134588],[-5.823063956039752,43.373507157708104],[-5.822944283740089,43.37358807128976],[-5.822751004130466,43.37356357501126],[-5.823059035968873,43.37340117499149],[-5.8237937024071655,43.37327405516199],[-5.824227053143082,43.37307691207655],[-5.824187995108577,43.37298783868945],[-5.823899291093285,43.372889891845745],[-5.822799950317351,43.37313772111976],[-5.822561365759501,43.37331591497374],[-5.8220674098066665,43.37331066215707],[-5.821337907585733,43.3735491805856],[-5.8209675144310244,43.373546861705954],[-5.8206064749123385,43.37374620266636],[-5.81987121005537,43.373860686140155],[-5.819263209863112,43.3740579545663],[-5.817436255646701,43.37495527305693],[-5.816612007228234,43.375605862296034],[-5.815864634434509,43.37643462863701],[-5.8154308395943834,43.37659309916595],[-5.81556955519323,43.37680205390899],[-5.815224158146567,43.37798106584995],[-5.813227163352371,43.38316244645517],[-5.812063601787287,43.38499185687635],[-5.811760941980386,43.38531708015805],[-5.811394835329832,43.38545850477814],[-5.810757141590022,43.386194500180075],[-5.8112023974690326,43.38658672129839],[-5.811838348174802,43.38699042216876],[-5.812204678490198,43.38690315691678],[-5.8121810883758,43.38723992968212],[-5.811978509842856,43.38735152672237],[-5.811728468956314,43.387283917013285],[-5.811635902811748,43.387073267818764],[-5.8104461679448285,43.38625151409203]],[[-5.813199135483504,43.38127232581736],[-5.813274699734894,43.38068051454998],[-5.81381016218146,43.37909635511186],[-5.814040927964576,43.37891059545411],[-5.814002738875407,43.378551381297164],[-5.814531729035595,43.37700769682342],[-5.814814870027883,43.3766191120716],[-5.815201956517453,43.3765409943619],[-5.815032453064072,43.376455131310095],[-5.815032742763681,43.37636508551082],[-5.815994987675537,43.375080836542324],[-5.816020038846282,43.37490014187765],[-5.815603181184091,43.37498359504415],[-5.81487841431741,43.37532538840615],[-5.81416279714607,43.37586505764536],[-5.8141211966533,43.3760273818701],[-5.814672383603768,43.376373961891346],[-5.814562258390809,43.37649506341179],[-5.814066487668579,43.37645114641634],[-5.813882268046279,43.37630338139584],[-5.813880188205434,43.37603331659609],[-5.813675474855127,43.37600360224359],[-5.813207389615029,43.37655799110544],[-5.8126101709587825,43.37698938700802],[-5.812442319160885,43.377239215633686],[-5.811937817029853,43.37869224932196],[-5.811826743076179,43.379415291582596],[-5.811945291416332,43.38058287679667],[-5.812221726062933,43.38193468140447],[-5.81233640730787,43.38174522349765],[-5.812463866206405,43.38183198208194],[-5.812583836984993,43.38175687783688],[-5.812709341231611,43.38180138051463],[-5.812848540919678,43.381551071972645],[-5.813199135483504,43.38127232581736]],[[-5.810659341501911,43.380181852648676],[-5.810657101098099,43.38013339043274],[-5.810573670596451,43.38016642650793],[-5.810659341501911,43.380181852648676]],[[-5.8224428142859495,43.376080260053364],[-5.822582137650016,43.37590875096698],[-5.822306310349418,43.37579866453988],[-5.822176735097214,43.37591876359511],[-5.822208010123571,43.37600802985256],[-5.8224428142859495,43.376080260053364]],[[-5.82081813732597,43.37830899139878],[-5.821068237640419,43.37837847429005],[-5.821235842331014,43.37828300050643],[-5.821236966056028,43.378192934150306],[-5.821159845793067,43.37810479946064],[-5.820931090892983,43.37808301002801],[-5.820780759399664,43.37820419610514],[-5.82081813732597,43.37830899139878]],[[-5.819392492954163,43.380759536727325],[-5.8196587539836635,43.38075296721609],[-5.819712047701636,43.38066161362432],[-5.8196279917887335,43.38057364906647],[-5.819382260047417,43.380579712008334],[-5.819316629530675,43.38067136981461],[-5.819392492954163,43.380759536727325]],[[-5.838331178303826,43.35947125874847],[-5.838226802495361,43.35987905791937],[-5.8384783878532955,43.35998159945749],[-5.838628920769631,43.35984454358477],[-5.838605445199208,43.359575010435364],[-5.838453792236029,43.35945441397444],[-5.838331178303826,43.35947125874847]]],[[[-5.816058070079228,43.390134662494475],[-5.816012785584599,43.39011684154581],[-5.816114242135617,43.3901143413236],[-5.816058070079228,43.390134662494475]]],[[[-5.819884993299507,43.390125877531595],[-5.819382257241136,43.39012379693894],[-5.819938480867603,43.39011007222813],[-5.819884993299507,43.390125877531595]]],[[[-5.816309705239445,43.39023631642187],[-5.8161830421213345,43.39016724425676],[-5.816323927322289,43.39019921219919],[-5.816309705239445,43.39023631642187]]],[[[-5.816434638437248,43.39026805250256],[-5.816436611789945,43.390310635290554],[-5.816368212720111,43.39028815924291],[-5.816434638437248,43.39026805250256]]],[[[-5.816655575617777,43.3903711150357],[-5.816563754930424,43.39039005246694],[-5.8165298994946495,43.39037421269206],[-5.816561701583483,43.390345745615704],[-5.816655575617777,43.3903711150357]]],[[[-5.816839601561982,43.390456617414195],[-5.816683263714841,43.390460471050375],[-5.816688591198734,43.39041968735754],[-5.816839601561982,43.390456617414195]]],[[[-5.819415847038126,43.39048312210175],[-5.819391954484023,43.39039367311722],[-5.819401093753324,43.39034035103873],[-5.819415847038126,43.39048312210175]]],[[[-5.816940314794566,43.39052320059978],[-5.8169892766139215,43.39054296629652],[-5.816891004837428,43.39054538879246],[-5.816940314794566,43.39052320059978]]],[[[-5.8170672523792035,43.39059815906897],[-5.817194226627758,43.3906739016269],[-5.817041883810704,43.390631707926566],[-5.8170672523792035,43.39059815906897]]],[[[-5.817212932610694,43.39071752960615],[-5.817318810025155,43.390698062316176],[-5.817352375862314,43.390714091773134],[-5.817321012745423,43.3907455789407],[-5.817212932610694,43.39071752960615]]],[[[-5.817447999245881,43.39082157211811],[-5.817445965028196,43.39077769249844],[-5.81750978582682,43.39080024926401],[-5.817447999245881,43.39082157211811]]],[[[-5.817572707621181,43.39084841979676],[-5.817700002077531,43.390931043634815],[-5.817552255642171,43.39088924059945],[-5.817572707621181,43.39084841979676]]],[[[-5.8177475080077965,43.39097446469564],[-5.817824450282636,43.39095227274846],[-5.817866157062526,43.39097153897609],[-5.817826692531356,43.391000632946586],[-5.8177475080077965,43.39097446469564]]],[[[-5.8179538105013355,43.39107943601534],[-5.817951474484642,43.391029055868685],[-5.818048663431437,43.39105707685817],[-5.8179538105013355,43.39107943601534]]],[[[-5.818077706104481,43.39108873937664],[-5.818205797263854,43.39118851783508],[-5.818064625877501,43.391146721684876],[-5.818077706104481,43.39108873937664]]],[[[-5.818259977188417,43.39123194245631],[-5.81832966930007,43.391197307383365],[-5.818332774388805,43.39126426444324],[-5.818259977188417,43.39123194245631]]],[[[-5.82537831567807,43.39143766206768],[-5.825376205368533,43.391392270044925],[-5.825406760482215,43.39141561425482],[-5.82537831567807,43.39143766206768]]],[[[-5.819528881791126,43.39183091016828],[-5.819592247694646,43.39179939358347],[-5.8197145061866795,43.391826329970534],[-5.8195946633289415,43.39185145904343],[-5.819528881791126,43.39183091016828]]],[[[-5.81991463703226,43.3919114299504],[-5.819845535452574,43.3919363848873],[-5.8197207479970885,43.39190790295832],[-5.819843494376644,43.39189239654484],[-5.81991463703226,43.3919114299504]]],[[[-5.819970709501981,43.39197319560036],[-5.820170423685579,43.39199515604019],[-5.819959509854147,43.39200036106439],[-5.819970709501981,43.39197319560036]]],[[[-5.820222768346058,43.39208367124901],[-5.820345218457024,43.392061776175964],[-5.820486150648509,43.392077402114325],[-5.820470254925708,43.392095610361885],[-5.820222768346058,43.39208367124901]]],[[[-5.820721116676531,43.39218026441141],[-5.82059580645481,43.39214053884003],[-5.820865479636769,43.392158077283426],[-5.820721116676531,43.39218026441141]]],[[[-5.820971293191442,43.39225014150547],[-5.8210934879009315,43.39222274338227],[-5.821444391647812,43.39223382354899],[-5.82134202132724,43.39225721569056],[-5.820971293191442,43.39225014150547]]],[[[-5.818879033860448,43.391396750174664],[-5.819131227306775,43.39130049031806],[-5.819481283817018,43.390751623000824],[-5.819498576598442,43.39057111938561],[-5.819652012584989,43.390567333493465],[-5.819697012187635,43.390656261602416],[-5.819142427319553,43.39148029094086],[-5.819506967794739,43.39174141240754],[-5.819468322117001,43.39178948035106],[-5.818969751666643,43.391687986381],[-5.818144703001631,43.392533520864184],[-5.818136419911427,43.39240548966745],[-5.818775013266151,43.39166943150392],[-5.818708556641966,43.39138044461946],[-5.818879033860448,43.391396750174664]]],[[[-5.818041794396493,43.39267793860869],[-5.817441637332312,43.393347489772765],[-5.8172909830966,43.39341675932397],[-5.818022211997454,43.392554571827375],[-5.818041794396493,43.39267793860869]]],[[[-5.817089370882884,43.393738797424376],[-5.816980762946004,43.3936945224742],[-5.817084595248558,43.393635780616684],[-5.817123768614009,43.39369099708283],[-5.817089370882884,43.393738797424376]]],[[[-5.821119602333652,43.39810428917346],[-5.821062129526211,43.39809575790446],[-5.821117875880882,43.39806710632979],[-5.821119602333652,43.39810428917346]]],[[[-5.8198322367716155,43.39902649795901],[-5.819681527690161,43.399045228062256],[-5.819695126777546,43.398939842929764],[-5.819986543645201,43.39875257495294],[-5.820129542337446,43.398749045933215],[-5.8198322367716155,43.39902649795901]]],[[[-5.82844785681205,43.3857647647954],[-5.827587080045324,43.386229492347724],[-5.82722518897835,43.38650856191461],[-5.827496136896143,43.38605166563642],[-5.827388298141844,43.38587425688506],[-5.826073678292504,43.3851503653197],[-5.825193094455402,43.38479709302856],[-5.825067826041208,43.3846711080567],[-5.82518402350858,43.38460192109894],[-5.825432419583555,43.384634065918384],[-5.825689424277083,43.38485139653556],[-5.8274510314860795,43.3855670104964],[-5.827575799868205,43.38559528910928],[-5.827815555745716,43.38544159416464],[-5.8276725021004765,43.38502023700166],[-5.826025855548868,43.38412171537398],[-5.825797736633056,43.38393275273831],[-5.8258900850366695,43.383856685209835],[-5.828018304455365,43.38495828233263],[-5.828183403235226,43.38531435037715],[-5.828554688049928,43.38540755971651],[-5.828797658419208,43.385323007443105],[-5.829052869523547,43.3855014772888],[-5.829452171013075,43.384742711239994],[-5.8316168992751525,43.38223992230535],[-5.83329176203845,43.380955998147435],[-5.833887182879057,43.380626870592955],[-5.834256284141605,43.380600545378904],[-5.834435476678015,43.3802973656176],[-5.8342387239203966,43.380223869836186],[-5.833143373335258,43.380559222713366],[-5.832939800227023,43.38051453144189],[-5.833037768479156,43.380422064157486],[-5.834837136122778,43.37982072529283],[-5.837647372263312,43.37920129273739],[-5.839588051142545,43.378465610606625],[-5.840630767069675,43.377892567332474],[-5.840787920742543,43.3777269091682],[-5.841369136272949,43.37661367101784],[-5.841584768645159,43.37588800085546],[-5.841810940823503,43.375612260904916],[-5.842044303545875,43.37555706308336],[-5.842296667678273,43.375674708281416],[-5.842336851638006,43.37577925828706],[-5.841983707655747,43.37677846545037],[-5.841834753161836,43.376872208369974],[-5.841864537835143,43.37699273696844],[-5.843473363821124,43.37575098425734],[-5.843777854275617,43.37567457998999],[-5.843741465267765,43.37556423571937],[-5.8438382464005025,43.37547178871357],[-5.845880066905713,43.373800263730374],[-5.846031694195626,43.373722171498116],[-5.846158113439254,43.37378606563973],[-5.8461920490548405,43.37388253229291],[-5.846045165191744,43.37400999809257],[-5.844988066899862,43.37490293715233],[-5.843782544154777,43.37577485895651],[-5.841545847644678,43.37768973948038],[-5.841578635113759,43.37777896270925],[-5.840849218419727,43.37851740653418],[-5.840464354930313,43.378727497486814],[-5.839945258541676,43.37917014505756],[-5.839464273869364,43.37945221308537],[-5.838296929084253,43.379894404457744],[-5.8366577796629455,43.38024222227353],[-5.835492509577982,43.38063908734854],[-5.834404383587453,43.38112940762396],[-5.83284628406141,43.38213098028381],[-5.832134823407195,43.382758079592605],[-5.83158696228111,43.383339255529734],[-5.830559995464247,43.384715275697495],[-5.830325288671705,43.38553143558336],[-5.8289049117864895,43.38762755152824],[-5.82702583865641,43.39101541694803],[-5.826753440621779,43.39180338664393],[-5.825685009565106,43.393569656296926],[-5.824541571277973,43.39584888528446],[-5.823791138535874,43.39713623659518],[-5.82355020836246,43.397265843350155],[-5.823157485330996,43.39777389455081],[-5.822373671160176,43.398519424177465],[-5.82117599589611,43.399318805657295],[-5.820684453288318,43.39981581012872],[-5.820221898267585,43.40004588065317],[-5.819988055093169,43.400328578174424],[-5.819745905721367,43.40043235787704],[-5.819492257112856,43.40028837233121],[-5.819485054769717,43.40013317624835],[-5.819964540560446,43.39982197240015],[-5.820250672803362,43.39946636339401],[-5.821149317013271,43.39874424702034],[-5.821511585727183,43.39853485294734],[-5.8215128237935705,43.39844478400815],[-5.82304246456865,43.39696803398782],[-5.824292445830992,43.39495465891528],[-5.825401846839851,43.39285635060353],[-5.825653980414575,43.392039770443056],[-5.826072243311249,43.3916692733933],[-5.828364418393365,43.38711063996577],[-5.828596091989675,43.38629730904484],[-5.828875107118225,43.385837460049096],[-5.828816611279561,43.38573026587859],[-5.82844785681205,43.3857647647954]],[[-5.836317161686875,43.379793528939395],[-5.836565480706069,43.379824323421985],[-5.836887077861829,43.3796962989558],[-5.836558648225744,43.3796778796855],[-5.836317161686875,43.379793528939395]],[[-5.837049210175609,43.37960926913637],[-5.837254888433816,43.379597128820045],[-5.837013473639728,43.379603122542825],[-5.837049210175609,43.37960926913637]],[[-5.837471173585178,43.379501720043635],[-5.8376615178308855,43.37950436860972],[-5.837679076822435,43.37949655752603],[-5.837471173585178,43.379501720043635]],[[-5.83846143297094,43.37920701160213],[-5.838513276180903,43.37924037157631],[-5.838666230406453,43.37920192443372],[-5.838632737219656,43.37915514945997],[-5.83846143297094,43.37920701160213]],[[-5.84128374558301,43.37777136046658],[-5.841285779045882,43.37781487504958],[-5.841356039366672,43.377784497638196],[-5.84128374558301,43.37777136046658]]]]}},{"type":"Feature","properties":{"db":65},"geometry":{"type":"MultiPolygon","coordinates":[[[[-5.813247251771781,43.31679787960728],[-5.812426404063951,43.31694113033026],[-5.812226681929896,43.31691837401154],[-5.81250680956436,43.31681610332485],[-5.813247251771781,43.31679787960728]]],[[[-5.811141100242512,43.317305238504595],[-5.806330463100821,43.31931429052625],[-5.8061832824382655,43.319317904405985],[-5.807087779750401,43.31883341932239],[-5.8096287624712355,43.31777764689188],[-5.810597689475239,43.31739618669099],[-5.811141100242512,43.317305238504595]]],[[[-5.805524481009697,43.31969839389136],[-5.804559592244189,43.32016905718867],[-5.804403159394014,43.32017195310683],[-5.804914317315125,43.3198381217121],[-5.805539373036608,43.31960383091987],[-5.805524481009697,43.31969839389136]]],[[[-5.804315179186732,43.32021744967417],[-5.803714877235532,43.320571647841085],[-5.80353193694323,43.32055348524508],[-5.804315179186732,43.32021744967417]]],[[[-5.803331232206674,43.320648447785445],[-5.803535194797859,43.32064344471443],[-5.803349896353094,43.32067992785147],[-5.803331232206674,43.320648447785445]]],[[[-5.803108923691735,43.32080316144572],[-5.803111114149828,43.32085077006954],[-5.803028766027452,43.320835945186516],[-5.803108923691735,43.32080316144572]]],[[[-5.787701758246926,43.325802833918374],[-5.791604664215377,43.32541422114171],[-5.791724197451958,43.325331355403236],[-5.792825915918608,43.325151223842624],[-5.7947197112019175,43.32464100502211],[-5.7964683064146145,43.32389821549797],[-5.801778147881285,43.32136333285749],[-5.802020932721242,43.32127939494549],[-5.802159337338715,43.32130746225519],[-5.801787008048064,43.32155599171442],[-5.800457364962617,43.32214142194962],[-5.800098856830468,43.32239085789029],[-5.798289034452743,43.32326275995111],[-5.794663488667013,43.324881300211345],[-5.79271328743023,43.32538465693229],[-5.791855637344859,43.325508286438435],[-5.791606464907066,43.32545351356301],[-5.790752907346158,43.325666542975],[-5.7884210117504855,43.325915638738785],[-5.785607466068261,43.326420565582254],[-5.785402457307029,43.3263991310952],[-5.785477619931992,43.32627813659489],[-5.785842714240116,43.326170910311816],[-5.787701758246926,43.325802833918374]]],[[[-5.781208089350103,43.327310055623364],[-5.781496646534315,43.32730460983966],[-5.781201770977832,43.327311785970124],[-5.781208089350103,43.327310055623364]]],[[[-5.780778815983459,43.32741211713529],[-5.781088282641066,43.32738732918695],[-5.781119025366938,43.327403838946694],[-5.780843537411615,43.3274294902635],[-5.780778815983459,43.32741211713529]]],[[[-5.780353569386162,43.327503372488344],[-5.780703818769805,43.32750398128424],[-5.780319918829811,43.32751332111035],[-5.780353569386162,43.327503372488344]]],[[[-5.780111257566355,43.32759886976791],[-5.780286383305713,43.32760417633488],[-5.779980898587365,43.32761160740134],[-5.780111257566355,43.32759886976791]]],[[[-5.778735976132509,43.327912000530894],[-5.77828238245937,43.328062709708945],[-5.7781374491939905,43.32801659051323],[-5.778735976132509,43.327912000530894]]],[[[-5.773707113435035,43.32920467027859],[-5.773889326654684,43.329095961602114],[-5.77406030945082,43.32910605851468],[-5.773894340656966,43.32920605625693],[-5.773707113435035,43.32920467027859]]],[[[-5.7725430854829245,43.32986319034818],[-5.7726191799950115,43.32986134434007],[-5.772569980926139,43.32991707926088],[-5.7725430854829245,43.32986319034818]]],[[[-5.772425043652758,43.32995609328671],[-5.772521037004277,43.329953764635],[-5.772451782490679,43.330030035101636],[-5.772425043652758,43.32995609328671]]],[[[-5.781572533825634,43.329889039898504],[-5.781621933020388,43.329912702872925],[-5.781508321182794,43.32991546797442],[-5.781572533825634,43.329889039898504]]],[[[-5.780194548302185,43.330397631432234],[-5.780306226857609,43.33039491466747],[-5.780240664555652,43.33043389664026],[-5.780194548302185,43.330397631432234]]],[[[-5.779971940317833,43.33049308578516],[-5.780065419296297,43.33049081194447],[-5.779998358032008,43.330529764511866],[-5.779971940317833,43.33049308578516]]],[[[-5.777789143349837,43.3307694276748],[-5.7764480611817435,43.331113357604195],[-5.775700667426262,43.331137137521665],[-5.775254336775148,43.330787819043934],[-5.775241240975788,43.33051801887106],[-5.775047950446,43.33043267293885],[-5.775077801871919,43.32998175112033],[-5.774978702515117,43.32962399972455],[-5.774784057797223,43.32944864679746],[-5.774715289882346,43.32909015872792],[-5.774399923343488,43.32891773595444],[-5.774980510898669,43.32868194818863],[-5.776198482363654,43.32834395957214],[-5.777790486760698,43.32809450376766],[-5.778137095270548,43.3281066385267],[-5.777793487164545,43.32816029467203],[-5.777367618353211,43.328395458626744],[-5.777851890584589,43.32910400438607],[-5.7782397577220985,43.33035512785235],[-5.778151444951279,43.33060009551931],[-5.777789143349837,43.3307694276748]]],[[[-5.768153324977546,43.33314985345295],[-5.768151337864786,43.33310613703458],[-5.768239467844131,43.3331188904408],[-5.768153324977546,43.33314985345295]]],[[[-5.767910116717487,43.33322653735661],[-5.767909335977206,43.33320935964127],[-5.768034952105082,43.333213883332334],[-5.767910116717487,43.33322653735661]]],[[[-5.765986698996752,43.333713670078204],[-5.766081527322568,43.33370241970427],[-5.766341284820473,43.33370508791202],[-5.76608286503235,43.333731870728336],[-5.765986698996752,43.333713670078204]]],[[[-5.765471035101374,43.333839993822025],[-5.765281641741689,43.333820770953956],[-5.765722622711023,43.33381010029109],[-5.765471035101374,43.333839993822025]]],[[[-5.765104545206998,43.333918282571204],[-5.764705907478101,43.33392473915302],[-5.765130806420229,43.33391445980765],[-5.765104545206998,43.333918282571204]]],[[[-5.86594117023669,43.34308156468802],[-5.865938217760667,43.34301885195274],[-5.8659895633291566,43.343044700187484],[-5.86594117023669,43.34308156468802]]],[[[-5.8658215810796825,43.34316179812366],[-5.86581957666702,43.343119221305095],[-5.865853909538257,43.34313814095809],[-5.8658215810796825,43.34316179812366]]],[[[-5.881063359688465,43.35202969928989],[-5.881003804014109,43.3520312007474],[-5.881042984117579,43.35198094022769],[-5.881063359688465,43.35202969928989]]],[[[-5.828658156759378,43.354869526373825],[-5.828538986341661,43.35487247602323],[-5.828613083532885,43.3548184834079],[-5.828658156759378,43.354869526373825]]],[[[-5.833687979590111,43.35780930193681],[-5.834150394030501,43.35815492511949],[-5.834715852995964,43.35841101652139],[-5.8379508852949415,43.35925487004052],[-5.838077014447161,43.35931801885364],[-5.837965881725946,43.359576366395004],[-5.837346036549859,43.359515360859966],[-5.834594822717196,43.35873374188857],[-5.833623521890357,43.35825802930807],[-5.832963298681531,43.35764412648426],[-5.83197711830615,43.3562279484191],[-5.831275920447302,43.35561505093875],[-5.831478161376227,43.35540084849694],[-5.831985094613963,43.355688056195625],[-5.83250132279098,43.35617483459747],[-5.833687979590111,43.35780930193681]]],[[[-5.860559556295866,43.362445033922455],[-5.8603329709001555,43.362634787756576],[-5.860328509650281,43.362780318101514],[-5.860075409444202,43.36264658703626],[-5.860067608580442,43.36237131359663],[-5.859937965249867,43.362347985997545],[-5.8600573966548986,43.362263456193325],[-5.860559556295866,43.362445033922455]]],[[[-5.8582786343091,43.36322642117376],[-5.857892237923844,43.363458404866506],[-5.858115610035846,43.36295943823849],[-5.8584786910730084,43.36280750418937],[-5.858678626691531,43.36303633858586],[-5.858988461085478,43.36315101390322],[-5.859109902414052,43.363109187846376],[-5.860109891335127,43.36337999348131],[-5.860460527770171,43.363351903888166],[-5.860474616439872,43.363441589845806],[-5.860726423004753,43.36336922518608],[-5.861234215414315,43.36367031748624],[-5.861630882910687,43.36368275693215],[-5.861861588111689,43.36388992440156],[-5.8621058579999,43.363835782878056],[-5.862237452871514,43.36400976482545],[-5.862615573881277,43.36417751824827],[-5.86273489991306,43.36409075534389],[-5.862865098872128,43.364192075263006],[-5.8628179475653095,43.36428329509654],[-5.863179459380599,43.36454435373671],[-5.863004306178728,43.364570680882935],[-5.862246683015781,43.36420592853114],[-5.861120103695342,43.36386797128357],[-5.860626345294384,43.363865334713175],[-5.860339899370653,43.36362503913993],[-5.859741953768418,43.363428605274684],[-5.858939500650614,43.36338996687499],[-5.858620284101026,43.36319452107749],[-5.8582786343091,43.36322642117376]]],[[[-5.855804729964595,43.36517908295001],[-5.856350558572943,43.364715248055774],[-5.856226941838775,43.36462829919906],[-5.856592867478045,43.36452911399549],[-5.85676194817057,43.36434481006295],[-5.8567879337928295,43.36416408320762],[-5.857060285200617,43.364137641437324],[-5.857414641593008,43.36379976864257],[-5.857701911792533,43.363691037868435],[-5.857298012097646,43.364241369218874],[-5.856608609371772,43.36479883634031],[-5.856166660868485,43.3650799989389],[-5.855804729964595,43.36517908295001]]],[[[-5.854720437634249,43.365836445081534],[-5.855269313253614,43.3654194259489],[-5.855526276630655,43.36536611851948],[-5.855508826910818,43.36545659316567],[-5.855038890810342,43.36576885498673],[-5.854796450427704,43.365862277172766],[-5.854720437634249,43.365836445081534]]],[[[-5.864288077140012,43.36562552747978],[-5.8643254656346615,43.36568613620144],[-5.864291458859554,43.365697342117556],[-5.864279791592411,43.36568728102046],[-5.864288077140012,43.36562552747978]]],[[[-5.8412447500216045,43.36636966909918],[-5.841292147591418,43.36626114564945],[-5.841725179225547,43.36608657178087],[-5.841766448249089,43.36615931331167],[-5.841630188295612,43.366252740336485],[-5.8412447500216045,43.36636966909918]]],[[[-5.833642886733096,43.36663115262698],[-5.833725848814722,43.366570207436325],[-5.833793470847562,43.36662741860101],[-5.833731806268797,43.3666980830308],[-5.833642886733096,43.36663115262698]]],[[[-5.864551290920454,43.3659735439599],[-5.864457493589112,43.3658629039573],[-5.86454395988128,43.36581787637164],[-5.8645948920464885,43.36585945979713],[-5.864551290920454,43.3659735439599]]],[[[-5.8406453863067815,43.3665473404504],[-5.8410693009844366,43.366446763471174],[-5.840883815402121,43.36656893553114],[-5.8406453863067815,43.3665473404504]]],[[[-5.8405164313121,43.36663014728127],[-5.840517297835829,43.36664870252009],[-5.840405340397386,43.36664334584432],[-5.8405164313121,43.36663014728127]]],[[[-5.840274244960692,43.36672956404608],[-5.840151610770035,43.36674627624916],[-5.840146540416354,43.366739816836194],[-5.840274244960692,43.36672956404608]]],[[[-5.84290207890105,43.366041028740874],[-5.843075759279145,43.365937549211225],[-5.84357904393705,43.36614360656703],[-5.844570505138385,43.36623244401059],[-5.844697936452492,43.36631835345389],[-5.845352945355137,43.366340185797405],[-5.845993048532291,43.36659436206068],[-5.84570008814742,43.36663559959375],[-5.845572870793155,43.36655430853614],[-5.845082280467149,43.36661986339159],[-5.8447974915328595,43.3665340919395],[-5.844702501269995,43.36641595876852],[-5.844204040746902,43.36631320022446],[-5.843717820699511,43.36647222391729],[-5.843586411044288,43.366301193485796],[-5.843215615606289,43.366289331589904],[-5.84290207890105,43.366041028740874]],[[-5.84338040490777,43.366209205542624],[-5.843316151602249,43.366210804250585],[-5.843338410184083,43.366276088499134],[-5.84338040490777,43.366209205542624]]],[[[-5.839909556984136,43.36684855487745],[-5.840031853255159,43.36682459961789],[-5.840052282686914,43.366832198078924],[-5.839909556984136,43.36684855487745]]],[[[-5.839788985838788,43.3669094622237],[-5.839545668398084,43.36698469955772],[-5.839515441421518,43.36693557731687],[-5.839788985838788,43.3669094622237]]],[[[-5.837460683050379,43.367264891211896],[-5.837193242008373,43.36726337119509],[-5.837490201409922,43.36725599806889],[-5.837460683050379,43.367264891211896]]],[[[-5.83783412663017,43.36733340518826],[-5.837956555722655,43.36731225805785],[-5.838331395669467,43.3673251467528],[-5.8379586539178945,43.36735722708644],[-5.83783412663017,43.36733340518826]]],[[[-5.8356551776052905,43.36748162437851],[-5.835865931662541,43.367471911514926],[-5.835877323807997,43.367476111834776],[-5.8356551776052905,43.36748162437851]]],[[[-5.837549410634273,43.36743460522853],[-5.837713247692566,43.36738778028143],[-5.837797665556147,43.36742844064892],[-5.837549410634273,43.36743460522853]]],[[[-5.837062979377801,43.36744668255376],[-5.837221496217957,43.36742877215478],[-5.837304943820393,43.36744067521533],[-5.837222937001027,43.36745965926476],[-5.837062979377801,43.36744668255376]]],[[[-5.854053156961468,43.36639334413472],[-5.852768380197448,43.367353630633865],[-5.85266989344999,43.367328269082726],[-5.852710479644187,43.36723721731495],[-5.852568205410251,43.366970653062054],[-5.852701985243124,43.366877274938794],[-5.85335692598202,43.366745409412566],[-5.854075483564038,43.366278060226904],[-5.854053156961468,43.36639334413472]]],[[[-5.8488062956390925,43.36708075930982],[-5.847569544612044,43.36702524669889],[-5.847440068256269,43.36689577223007],[-5.846220937478423,43.36667872500569],[-5.846299333982269,43.36658673375319],[-5.846724034801913,43.36648611620723],[-5.846757073787855,43.36666537044811],[-5.847188202251025,43.36678818129791],[-5.8474354614184305,43.36679736494708],[-5.847677841629549,43.36670233557408],[-5.84779595106797,43.3667295246364],[-5.84774045550588,43.366820946223406],[-5.84792650832442,43.36674158660132],[-5.848180510965676,43.36689478303719],[-5.849924305317178,43.36723597805835],[-5.8506693683006565,43.36733348396808],[-5.851147003898505,43.36727623634275],[-5.851149539416275,43.36736621169242],[-5.852252997219105,43.36742871394488],[-5.851787461177424,43.3674902778305],[-5.850676230772425,43.36747990464278],[-5.849678844919606,43.36726523295873],[-5.849559190604642,43.3673455166543],[-5.84918802440017,43.36732589870307],[-5.8488062956390925,43.36708075930982]]],[[[-5.836037282734089,43.36765221954699],[-5.8348971724220675,43.36787032337152],[-5.834657025104172,43.36801379390414],[-5.834442165546323,43.367961910968035],[-5.8345258715438675,43.367847788816334],[-5.834274180177266,43.36778600008586],[-5.83439296997669,43.367644257387376],[-5.834663396269019,43.36768630745498],[-5.834590828537938,43.367778146174416],[-5.8347725553559275,43.367844572631434],[-5.835626494416847,43.367630530777234],[-5.836037282734089,43.36765221954699]]],[[[-5.831737474235925,43.368925821643856],[-5.831861172404901,43.368931816066215],[-5.831738584699414,43.36894967238432],[-5.831737474235925,43.368925821643856]]],[[[-5.831258050159098,43.36923198393396],[-5.831379794543101,43.36919599722822],[-5.831382826158369,43.369208254712674],[-5.831258050159098,43.36923198393396]]],[[[-5.830645813837534,43.369336452916315],[-5.830583863718031,43.36931808616356],[-5.830644046840695,43.36929848685696],[-5.830645813837534,43.369336452916315]]],[[[-5.830895467657692,43.369396909909085],[-5.831019135690119,43.369402237901085],[-5.830896749732465,43.36942445429444],[-5.830895467657692,43.369396909909085]]],[[[-5.83052354337452,43.369361151116195],[-5.830556901941928,43.36940879267098],[-5.830405609517246,43.369479036252805],[-5.830386873288141,43.369413004046095],[-5.83052354337452,43.369361151116195]]],[[[-5.830373860104071,43.36950336503222],[-5.8302845138647825,43.369528987960095],[-5.830262396921676,43.3695061256717],[-5.830282906286399,43.36949444301846],[-5.830373860104071,43.36950336503222]]],[[[-5.830864518093632,43.36949121147547],[-5.830777859388157,43.36952177616443],[-5.830732633964362,43.36949447844149],[-5.830775478975772,43.36947063283663],[-5.830864518093632,43.36949121147547]]],[[[-5.8306561910318,43.369559417958065],[-5.830658106730821,43.36960057850621],[-5.8305748703800955,43.369588424955914],[-5.8306561910318,43.369559417958065]]],[[[-5.8300442099523275,43.36966946519798],[-5.830045902316278,43.36970583492762],[-5.8299937677850995,43.36969285579228],[-5.8300442099523275,43.36966946519798]]],[[[-5.830535718509408,43.36962275765347],[-5.830555079601368,43.36967895383755],[-5.830178936628904,43.36991242672196],[-5.830142716087665,43.36986924442372],[-5.830535718509408,43.36962275765347]]],[[[-5.829685998260995,43.369928459549364],[-5.829802842549971,43.36978710924618],[-5.829924210338744,43.369742986716666],[-5.829807388428669,43.36988481019318],[-5.829685998260995,43.369928459549364]]],[[[-5.82956575635417,43.36999679326012],[-5.829564313805973,43.36996578724493],[-5.829629613241071,43.36997198932568],[-5.82956575635417,43.36999679326012]]],[[[-5.830112553120788,43.36996003010208],[-5.83002382051408,43.369962227574575],[-5.830056780307898,43.36993960666424],[-5.830112553120788,43.36996003010208]]],[[[-5.829206494216266,43.37023329074282],[-5.829208204981563,43.370270066102464],[-5.829162273870435,43.37025367630832],[-5.829206494216266,43.37023329074282]]],[[[-5.829561668405232,43.370333826398486],[-5.8294593801654955,43.37036317079505],[-5.8294445413762,43.37033672648379],[-5.829457762129942,43.37032839200263],[-5.829561668405232,43.370333826398486]]],[[[-5.829338371412385,43.37041504437492],[-5.829339833407127,43.37044647039056],[-5.829312959525967,43.37043002300118],[-5.829338371412385,43.37041504437492]]],[[[-5.828847454747605,43.37047463466745],[-5.828960101609449,43.37034872001848],[-5.829086593122371,43.37030897527265],[-5.829115784528745,43.37034486591737],[-5.828847454747605,43.37047463466745]]],[[[-5.828726145966177,43.370520073659755],[-5.8287712629047395,43.370533471988935],[-5.828727771625982,43.370555025148434],[-5.828726145966177,43.370520073659755]]],[[[-5.841101980910478,43.37031761263733],[-5.841426542830067,43.37026112290253],[-5.841482450803811,43.370308152822815],[-5.841182992691533,43.370331618178085],[-5.841101980910478,43.37031761263733]]],[[[-5.828977338253835,43.37061353914106],[-5.82911257522929,43.37061506138333],[-5.828979744024327,43.37066525812277],[-5.828977338253835,43.37061353914106]]],[[[-5.828859663855058,43.37073711660129],[-5.828857712148802,43.37069515737355],[-5.828956952524407,43.370708952661246],[-5.828859663855058,43.37073711660129]]],[[[-5.828606433938412,43.37059984796431],[-5.8283677564850755,43.37077547032998],[-5.828343329771806,43.37072414148903],[-5.828606433938412,43.37059984796431]]],[[[-5.82824735895014,43.370840524595174],[-5.828245555924307,43.37080175354745],[-5.828314437228223,43.370814895247975],[-5.82824735895014,43.370840524595174]]],[[[-5.828126101541434,43.37088709346537],[-5.827887311872487,43.3710603558895],[-5.827850405058422,43.37100645633976],[-5.828126101541434,43.37088709346537]]],[[[-5.827764954407606,43.371083281332666],[-5.827766537061152,43.37111731910535],[-5.827731475365627,43.37109943794891],[-5.827764954407606,43.371083281332666]]],[[[-5.828502189420639,43.37101220230227],[-5.828202753914874,43.37108777533951],[-5.828293718920645,43.37099548535941],[-5.828618694848539,43.370863464928405],[-5.828502189420639,43.37101220230227]]],[[[-5.828137622448752,43.371134839667185],[-5.828182490739591,43.37117831549486],[-5.828071834240191,43.371181054038544],[-5.828137622448752,43.371134839667185]]],[[[-5.828018720320045,43.37123207251737],[-5.8280211300955225,43.37128389406241],[-5.8279041933863365,43.37127524130294],[-5.828018720320045,43.37123207251737]]],[[[-5.827645268597034,43.37116366984549],[-5.827527717108116,43.37128997106446],[-5.827305433420612,43.37129005676608],[-5.827403454949181,43.371271940539046],[-5.827645268597034,43.37116366984549]]],[[[-5.827778781884208,43.37138066373318],[-5.8277091278789594,43.371370106933874],[-5.827862169175998,43.371366319901625],[-5.827778781884208,43.37138066373318]]],[[[-5.827536954641582,43.37148865502461],[-5.8274434813256955,43.37146671858203],[-5.827618490594431,43.37146238833855],[-5.827536954641582,43.37148865502461]]],[[[-5.827194964029973,43.371562905836356],[-5.827415497984987,43.37153097734554],[-5.827422757071378,43.37155727000975],[-5.827194964029973,43.371562905836356]]],[[[-5.847786182560871,43.371771929802904],[-5.847803619558963,43.37186153383471],[-5.847672718563948,43.371864797698244],[-5.847786182560871,43.371771929802904]]],[[[-5.844590585262777,43.37383236953932],[-5.843241808999098,43.374769632427515],[-5.843120492779519,43.37481485998278],[-5.842922498343928,43.37468422740835],[-5.842932223929493,43.37459394689494],[-5.843342200617192,43.374276912419525],[-5.844787111580424,43.373502099565115],[-5.845265076171155,43.373165512807866],[-5.8455262482137815,43.37326884327135],[-5.8453397457841225,43.37345356429861],[-5.844590585262777,43.37383236953932]]],[[[-5.813909018245196,43.376212684038656],[-5.81443094006911,43.37632473640783],[-5.814507618765325,43.376378020005966],[-5.814312142625276,43.37642491739551],[-5.813909018245196,43.376212684038656]]],[[[-5.816436483559901,43.37432037535795],[-5.814963270994314,43.375016216752925],[-5.813668516717075,43.37585322980082],[-5.81342247946215,43.375871152672154],[-5.813536427441144,43.37566615462079],[-5.814133648066748,43.37523521480093],[-5.815456857241875,43.37448916110033],[-5.816907665987685,43.37383383556554],[-5.818000313813282,43.37344078044305],[-5.818974304167188,43.373150930671336],[-5.821172870068863,43.37265228033061],[-5.823254310934449,43.37229012669115],[-5.823502429399876,43.37231740628344],[-5.825937847166494,43.3716050477243],[-5.826431205294557,43.371597731011995],[-5.827282306215891,43.37132087924468],[-5.827285672204181,43.37139328249842],[-5.826799056528143,43.371545617168884],[-5.826431762447444,43.37176186222723],[-5.826563587622489,43.37179046276],[-5.827171770459813,43.3715981184184],[-5.82719711450994,43.37165289129989],[-5.8258452378784815,43.372268219846],[-5.824016574210549,43.37275758550942],[-5.820348040117058,43.373442828307894],[-5.818553406226698,43.37402733796149],[-5.817471343593761,43.37459425328464],[-5.8168195832046425,43.37506051388634],[-5.8161295815789575,43.37568912547731],[-5.815425950943288,43.376487518723664],[-5.815307139419201,43.37644836446056],[-5.815375570795669,43.37617656257514],[-5.816249887313974,43.37516459369576],[-5.8170620348844535,43.37450171433517],[-5.818057695970009,43.373859485906856],[-5.817722835051223,43.37386774309091],[-5.816436483559901,43.37432037535795]]],[[[-5.819869599965245,43.377416335980996],[-5.8197908322866425,43.377450821391285],[-5.819700057813328,43.37742051948738],[-5.819788063093283,43.3773911094743],[-5.819869599965245,43.377416335980996]]],[[[-5.819883233869625,43.37750603817797],[-5.819914488199491,43.37745555300778],[-5.820039225598052,43.37748360211684],[-5.820480711168815,43.377761409026625],[-5.820424407531636,43.37780421913467],[-5.819883233869625,43.37750603817797]]],[[[-5.820548430941558,43.37781685628653],[-5.820551463301902,43.37788222421272],[-5.820506267576522,43.377850816876936],[-5.820548430941558,43.37781685628653]]],[[[-5.820676513468221,43.377916989884596],[-5.820679010636019,43.377970818161145],[-5.820640245884874,43.377937548611435],[-5.820676513468221,43.377916989884596]]],[[[-5.790487699653148,43.3787678538968],[-5.792190275119676,43.37852288269249],[-5.792432896209563,43.37843020202671],[-5.792686398697412,43.378574444873344],[-5.792933815799145,43.37858618451283],[-5.793423427174417,43.37849597819071],[-5.794164702276855,43.378509960931765],[-5.794778452704794,43.37843504711871],[-5.795387028635371,43.37824761723597],[-5.795880675861618,43.378245318115496],[-5.796122039197358,43.37812543448244],[-5.796735121078225,43.37803612392093],[-5.796976883093283,43.37792496158222],[-5.79735068836917,43.37800087510668],[-5.797678935205405,43.37769164024019],[-5.797948983305255,43.377590293574436],[-5.798195518035222,43.37758292639489],[-5.798322413619824,43.37765807900313],[-5.798460604509513,43.37758246234569],[-5.799069488511598,43.3777982500179],[-5.79943226519766,43.37763458712028],[-5.799922173727017,43.377551212019426],[-5.8010346232093495,43.377584171707596],[-5.801285200034959,43.377664549544754],[-5.802017117521582,43.377475661684315],[-5.80226470108928,43.37749107400398],[-5.802749118631693,43.37728868671097],[-5.8031210255254475,43.37732335324144],[-5.80331034249882,43.377103442042504],[-5.80348153919101,43.37711090681843],[-5.803841949580145,43.37689627475133],[-5.804090993721893,43.37694340032792],[-5.804445279305909,43.376596040225756],[-5.804569375550206,43.37661038030733],[-5.805054132943425,43.3764156768167],[-5.80560094401409,43.37605680278942],[-5.806189566627909,43.37550211777776],[-5.806368289592538,43.37547050479938],[-5.80708675614418,43.37499115008668],[-5.807454252656016,43.37493054366687],[-5.808124729152059,43.37455419428143],[-5.808666438435895,43.37445145422958],[-5.810235866512967,43.37369047185992],[-5.810586661397345,43.373268737224],[-5.811422289723271,43.372655127860355],[-5.812152554506365,43.37243247826867],[-5.8130348075212295,43.37245258178934],[-5.812906758062233,43.372545772492735],[-5.8129542543344375,43.372904758236714],[-5.812677787512872,43.37311414580394],[-5.812586903028555,43.3738177743313],[-5.812431085214107,43.3738180220807],[-5.8124322262075285,43.37314212743022],[-5.81181483691247,43.37313670936524],[-5.810987122020435,43.37392156422689],[-5.810271159931164,43.37445417756599],[-5.8099080407350066,43.374609389928835],[-5.808928084542197,43.37477153424369],[-5.808589149892134,43.37545047755825],[-5.807973670836568,43.37548693005551],[-5.807731248878172,43.375583155723625],[-5.8075363488849545,43.37582919297351],[-5.807251731221564,43.37589102674749],[-5.807017369866079,43.37616192245561],[-5.806290413535604,43.37645762705831],[-5.8060661506501905,43.37694748463663],[-5.805696629942288,43.37696451615929],[-5.805780642950293,43.37686273920031],[-5.8056900413332615,43.37682172888227],[-5.804967612392735,43.3772158837816],[-5.802534607987543,43.377990804841836],[-5.801435476700948,43.378247080679316],[-5.801182367921864,43.37811180202423],[-5.800942211745371,43.3782576708243],[-5.800697060921442,43.37829513337807],[-5.799586186534952,43.378296661696965],[-5.799336180246152,43.37822868519908],[-5.79921492390463,43.37827607694338],[-5.799087229538725,43.37818362596032],[-5.798718834923392,43.378225330153306],[-5.79860226699959,43.37838934161556],[-5.797497365048738,43.37850596189586],[-5.7971352959086015,43.37868522935337],[-5.796525383489043,43.37884357733176],[-5.7961584477316785,43.37891712928268],[-5.795786760883924,43.37888737782022],[-5.79530209098416,43.37908505616994],[-5.794934003864038,43.379133625898696],[-5.794684625846531,43.37907928181677],[-5.794318645026892,43.379173691687576],[-5.794191478934567,43.37909261670196],[-5.793951444795819,43.37924159038624],[-5.793706715399787,43.37928840606748],[-5.793089093213243,43.37927925587362],[-5.792709947573496,43.37908713608008],[-5.792469909002664,43.379236092359974],[-5.791485467335117,43.37930318693625],[-5.790016052047556,43.37956184976252],[-5.789522610767853,43.379568878858215],[-5.789273189555965,43.3794277752714],[-5.789268821543115,43.37924780440339],[-5.789499153547395,43.379057607322466],[-5.790487699653148,43.3787678538968]],[[-5.805838874246367,43.37677127076017],[-5.8057771130726215,43.37677278716881],[-5.805813311023983,43.37681814048751],[-5.805838874246367,43.37677127076017]],[[-5.81285757743385,43.37281709920576],[-5.812780329944244,43.372662604228424],[-5.812527708059194,43.37253787949962],[-5.8122810053278835,43.37254113004033],[-5.812110134556311,43.372655417167785],[-5.812300333565749,43.3729590850198],[-5.812670740321458,43.37296177926755],[-5.81285757743385,43.37281709920576]]],[[[-5.815310749724794,43.37666534161866],[-5.814080501298951,43.380350239007946],[-5.813181605293825,43.382443259244255],[-5.8119401096083765,43.38472477997813],[-5.811603165104203,43.38518326351498],[-5.8113878483036165,43.385257921272306],[-5.81129965126019,43.38519073075387],[-5.811422779847324,43.384917585838856],[-5.813307226955146,43.381383430381575],[-5.814889695137491,43.37699887982346],[-5.815069191262566,43.37672434229121],[-5.815310749724794,43.37666534161866]]],[[[-5.813305217791666,43.37613751160571],[-5.812482564087806,43.37689920617196],[-5.812260058462135,43.3772437010975],[-5.811801709945629,43.3781914431436],[-5.811588851745389,43.378927085654766],[-5.811527599501533,43.379602729096824],[-5.811819201824914,43.3822066744924],[-5.811747124957895,43.383378949782895],[-5.811252993666958,43.385101840007096],[-5.810776625752909,43.385923905236936],[-5.810681780732839,43.38600722236574],[-5.810557640214229,43.38599237328032],[-5.81048784643396,43.385931007904034],[-5.811208577376558,43.3840509489012],[-5.811407867996653,43.383021517642916],[-5.811421924861972,43.38194633325342],[-5.81117879780644,43.37988142606653],[-5.8112860781899425,43.37870828453565],[-5.8114833054403165,43.37807316181621],[-5.811916948489448,43.37725214429677],[-5.812793072022077,43.376240157374504],[-5.813059570961923,43.37603092310726],[-5.813304845787181,43.37599650489276],[-5.813305217791666,43.37613751160571]]],[[[-5.827611365700331,43.388930045620924],[-5.828684612855399,43.38692263744423],[-5.828704827002386,43.38647194467052],[-5.829049378840932,43.385743107264574],[-5.828811288674903,43.38561589478952],[-5.828438719165688,43.38556839101761],[-5.827839865974562,43.385964149548755],[-5.827621744005751,43.385958519140154],[-5.827588183721169,43.385861506534226],[-5.827830522075631,43.38576330141058],[-5.8281111749220855,43.38549621494851],[-5.828432969364286,43.385444823143494],[-5.829036811111634,43.3855633414216],[-5.829109544933448,43.38592169469794],[-5.829301235186607,43.38591694877698],[-5.829470206599314,43.38564264960809],[-5.8294257888426975,43.38555649491024],[-5.829155437359168,43.38556040455532],[-5.829287701165878,43.38524207622669],[-5.8296003084966745,43.38482908170016],[-5.829914360079924,43.38464122782489],[-5.830182288397216,43.38418439991684],[-5.831077762091236,43.3830817563529],[-5.83209991518086,43.38206600473045],[-5.833534678534495,43.381009300533286],[-5.834861964056698,43.38035318969976],[-5.835712046008489,43.38005273640156],[-5.836200599831689,43.37994099414666],[-5.836822293728217,43.38003715077678],[-5.836910750520238,43.37978574979777],[-5.83851930032804,43.37936940291044],[-5.8399636515322175,43.37857875882465],[-5.840270274729518,43.37826168202519],[-5.840607121397629,43.3780732321763],[-5.840811375451109,43.377798039084865],[-5.841459903141207,43.3767014526541],[-5.8415554879463105,43.37624888315118],[-5.841893552374271,43.375700245018926],[-5.842175940701282,43.37569322194727],[-5.841554232981288,43.377329376842376],[-5.841211755551229,43.37787812360835],[-5.8405789772806935,43.37852412440914],[-5.839743370329846,43.37914818578548],[-5.839135098269293,43.37946039193448],[-5.838169377891466,43.37980636614526],[-5.836701527086735,43.380094481563695],[-5.8346360890357,43.38080379210236],[-5.833314110906029,43.38157404110195],[-5.832149335026146,43.38242493399285],[-5.832074437358619,43.38260686725483],[-5.831490705281295,43.3831615636288],[-5.8302996630917665,43.38472172385895],[-5.83029795727699,43.38508192008255],[-5.829932215112372,43.385827449749534],[-5.829799060805789,43.38561907301344],[-5.829655766127617,43.38563805489409],[-5.829586279313796,43.3857298140077],[-5.829469916675898,43.386002810731675],[-5.829774775583178,43.38608530031648],[-5.829733968382867,43.38617634931062],[-5.829584041035299,43.38630404934162],[-5.8294555659597584,43.38619619326412],[-5.829309734042401,43.38627689228711],[-5.829173069055293,43.38664042984215],[-5.829263305806972,43.3866381957223],[-5.829464200276238,43.38638167933839],[-5.829483363928663,43.38654270865352],[-5.828859076053814,43.38727847258516],[-5.827637249739273,43.38956996570024],[-5.82750922007646,43.389471764795],[-5.82751925675367,43.38968750068489],[-5.827394549761426,43.38966072417367],[-5.8272745236779055,43.389734568531296],[-5.827611365700331,43.388930045620924]],[[-5.829041606960631,43.38691379993893],[-5.828993321610905,43.386874556343294],[-5.828815102092597,43.3869194072702],[-5.828875363366468,43.38699267443823],[-5.829041606960631,43.38691379993893]],[[-5.82911264746847,43.38678583064208],[-5.829137458263591,43.38673134996701],[-5.829108079302545,43.38668768474855],[-5.829079451735939,43.386732786061735],[-5.82911264746847,43.38678583064208]],[[-5.828972375779381,43.386424518737996],[-5.829153584673738,43.38610068134897],[-5.8290772192301255,43.38602465086064],[-5.828922741872356,43.38628647325161],[-5.828972375779381,43.386424518737996]],[[-5.829931201964135,43.385451157185194],[-5.830026821938983,43.385207865062455],[-5.8300207320909765,43.38507706119628],[-5.829831226258989,43.38536359451221],[-5.829931201964135,43.385451157185194]],[[-5.829539284089066,43.38534258044473],[-5.829718040338149,43.38518632037946],[-5.8296507184951505,43.38508441165174],[-5.829539284089066,43.38534258044473]],[[-5.834573081292655,43.3807441450434],[-5.834385245969661,43.38071892487656],[-5.834347897598473,43.380749730523334],[-5.834511796220686,43.38078556938236],[-5.834573081292655,43.3807441450434]]],[[[-5.826683784077334,43.39066372490956],[-5.827124547226762,43.38984247517443],[-5.827275946516634,43.389765154504175],[-5.827438438730314,43.38992474744438],[-5.827220705254549,43.390110211502545],[-5.8272988459132415,43.39025740346375],[-5.827067729578864,43.39059725051182],[-5.826921689312265,43.39056780130367],[-5.826952154656743,43.390766833926556],[-5.826825796585885,43.39070460359571],[-5.826710345859895,43.39087687584264],[-5.826683784077334,43.39066372490956]]],[[[-5.825343716438183,43.39334911851719],[-5.825519308687288,43.39285344626862],[-5.82658728266344,43.39088548792292],[-5.826789779353031,43.39120133354097],[-5.826670893763631,43.391564428121335],[-5.82571184496643,43.39330013261442],[-5.8255932200392895,43.39340430510119],[-5.825463825817952,43.39327686601809],[-5.825343716438183,43.39334911851719]],[[-5.825589988374502,43.393121813853284],[-5.825560520403833,43.39321258091716],[-5.825585230908165,43.39323248605933],[-5.825606388073722,43.39321144675343],[-5.825589988374502,43.393121813853284]]],[[[-5.824638144642316,43.39458596062611],[-5.824998704611231,43.39389537934279],[-5.825364474978273,43.39379559735792],[-5.825396538390569,43.39393694281871],[-5.825029126517729,43.39454976379939],[-5.8248982268521425,43.39438997090017],[-5.824912798572348,43.39470342151516],[-5.824783817390485,43.39458489968386],[-5.824667191718349,43.39473216728192],[-5.824638144642316,43.39458596062611]],[[-5.8250242987605265,43.39430629955909],[-5.8250321447462605,43.39421606718547],[-5.825012817062132,43.39419894519723],[-5.824995299031764,43.39421697808218],[-5.8250242987605265,43.39430629955909]],[[-5.825147641433119,43.39403313499689],[-5.825126765730771,43.3939941350505],[-5.825129879651313,43.394061114169055],[-5.825147641433119,43.39403313499689]]],[[[-5.823285607057413,43.39688604086046],[-5.824433598899554,43.39501939133545],[-5.824597930298031,43.39521722345619],[-5.824576191737231,43.39543073311021],[-5.823776309417881,43.396768182205335],[-5.823540063626332,43.39704753576318],[-5.823294494102858,43.397077302309704],[-5.823230972028635,43.397051771979186],[-5.823285607057413,43.39688604086046]],[[-5.824424960567019,43.39531153724145],[-5.82448294097723,43.39531010413612],[-5.8244444934006205,43.39525377562504],[-5.824424960567019,43.39531153724145]]],[[[-5.820358168352528,43.39955374867196],[-5.822170615956153,43.39806838680912],[-5.822933877687075,43.397288511512315],[-5.823299936586855,43.397194431124575],[-5.823331976908473,43.3973193915972],[-5.823197509764501,43.3975027905906],[-5.82237901791667,43.39833335478758],[-5.821769433070665,43.3988027510072],[-5.821520710129332,43.39876478462828],[-5.821530530052922,43.39897624126314],[-5.821292604454674,43.39917080917773],[-5.82116391116978,43.39905855009615],[-5.82104432417448,43.399142402814846],[-5.8208019228043115,43.39936271862678],[-5.820719996789392,43.399634856042965],[-5.8203085835479555,43.39991512592088],[-5.820358168352528,43.39955374867196]],[[-5.8214020083796685,43.398867677886415],[-5.8214055875666135,43.39894475329378],[-5.821467953253349,43.398896083754806],[-5.8214020083796685,43.398867677886415]]],[[[-5.820097633654779,43.400029030073554],[-5.81987942055352,43.40028587068673],[-5.819762868840202,43.40028874679587],[-5.81982475024731,43.400197181427174],[-5.820097633654779,43.400029030073554]]]]}},{"type":"Feature","properties":{"db":70},"geometry":{"type":"MultiPolygon","coordinates":[[[[-5.796833044995205,43.32386899274324],[-5.796714864216804,43.323896082845074],[-5.796673616968884,43.323872894101264],[-5.796712931340243,43.32385398091066],[-5.796833044995205,43.32386899274324]]],[[[-5.792217365001908,43.325327960537024],[-5.792217942907478,43.32534056813827],[-5.792086782586657,43.3253356338191],[-5.792217365001908,43.325327960537024]]],[[[-5.791760378026208,43.32543364684248],[-5.791974432975063,43.325409331313],[-5.792000193037342,43.32542778856113],[-5.791760378026208,43.32543364684248]]],[[[-5.775111450499904,43.328848795680244],[-5.77706746949902,43.32846740143354],[-5.777270193963491,43.32866794434899],[-5.778046870985543,43.330449855960076],[-5.776926683259397,43.330789896775784],[-5.7764384243034455,43.330901964952595],[-5.776312760237522,43.3308510300588],[-5.776200156468489,43.33094492666743],[-5.775825733889307,43.33099017833461],[-5.775637929899188,43.33086854304098],[-5.7753421101656315,43.330155411863345],[-5.775165352916174,43.33003181026939],[-5.775213564495573,43.32979837574433],[-5.774908499449079,43.32899542839438],[-5.775111450499904,43.328848795680244]]],[[[-5.835593454979907,43.35874939909937],[-5.835705381739983,43.358733185316744],[-5.835741019301065,43.35874573748837],[-5.835707041336142,43.35876879319047],[-5.835593454979907,43.35874939909937]]],[[[-5.835958745691679,43.358874079055575],[-5.83587100727767,43.358832550633565],[-5.836057911361406,43.35882791237142],[-5.835958745691679,43.358874079055575]]],[[[-5.835693673678716,43.35892698988944],[-5.835591977099321,43.35894761562973],[-5.835544451116457,43.35893069258573],[-5.835589876321759,43.35890254031958],[-5.835693673678716,43.35892698988944]]],[[[-5.836397796423758,43.35890951568499],[-5.836208594414427,43.358939539443696],[-5.836166190857342,43.358915263916685],[-5.836329275501657,43.358881243349984],[-5.836397796423758,43.35890951568499]]],[[[-5.835842689071342,43.35901333091776],[-5.835963160246765,43.35896878754011],[-5.836044022096923,43.35900833461864],[-5.8359666448125935,43.3590435439994],[-5.835842689071342,43.35901333091776]]],[[[-5.836584485994484,43.3590616988171],[-5.83646904420871,43.358997786063796],[-5.836578653951234,43.35893660774559],[-5.836695527500755,43.35899216436513],[-5.836584485994484,43.3590616988171]],[[-5.83662055568365,43.3589940253423],[-5.836542820454945,43.35899595486185],[-5.836582443594765,43.359017891625854],[-5.83662055568365,43.3589940253423]]],[[[-5.83613029446662,43.35909623234326],[-5.836213312271349,43.35904074569063],[-5.836356869401058,43.35909060904147],[-5.836217695469279,43.359134772446296],[-5.83613029446662,43.35909623234326]]],[[[-5.836775078360068,43.359080228445265],[-5.836953871370032,43.35904429359414],[-5.8370161973551635,43.35907424280051],[-5.836957536644973,43.35912289919204],[-5.836775078360068,43.359080228445265]]],[[[-5.836442490306105,43.35917852269647],[-5.836587159528234,43.35911904297844],[-5.836685629934966,43.35917248759612],[-5.836591917961453,43.3592211053673],[-5.836442490306105,43.35917852269647]]],[[[-5.83709813995681,43.35916224727643],[-5.837203753255169,43.35911042716369],[-5.837307671043235,43.35915704521881],[-5.837208828103809,43.35921925258355],[-5.83709813995681,43.35916224727643]]],[[[-5.837579173341793,43.35922241156858],[-5.8374579825828485,43.3592697675187],[-5.837410846360964,43.359244522298326],[-5.837579173341793,43.35922241156858]]],[[[-5.836964079727776,43.35926322155323],[-5.836842764083609,43.35930791120231],[-5.836750195476324,43.35926092366456],[-5.8368375865486986,43.35919686975922],[-5.836964079727776,43.35926322155323]]],[[[-5.837832053134619,43.35935278760839],[-5.837758404421274,43.35932593102796],[-5.837885421732325,43.35932277686127],[-5.837832053134619,43.35935278760839]]],[[[-5.8372979010161306,43.359337365326994],[-5.837091462636396,43.359348647439425],[-5.837078259779468,43.35934281836404],[-5.837212240416017,43.35929242610914],[-5.8372979010161306,43.359337365326994]]],[[[-5.837576332045187,43.35942049087311],[-5.837466668649614,43.359456014031174],[-5.8373939092454314,43.359425020363005],[-5.837463048812393,43.3593783977534],[-5.837576332045187,43.35942049087311]]],[[[-5.833694019951796,43.366629884701666],[-5.83375475975183,43.36662837853689],[-5.833729886800117,43.366656882100486],[-5.833694019951796,43.366629884701666]]],[[[-5.826191478155413,43.371750983077256],[-5.825456753446601,43.37205608927958],[-5.825713951141712,43.37209904220948],[-5.825956287326541,43.37200188194379],[-5.826082014964878,43.37205142464652],[-5.82437667894599,43.37253848259252],[-5.823883441718309,43.37254517158995],[-5.82501826908906,43.37224700720752],[-5.824732311284222,43.37222314861513],[-5.8241233209872,43.37239840609015],[-5.823973982148209,43.37236285686658],[-5.824116640331137,43.37225454713152],[-5.826191478155413,43.371750983077256]],[[-5.825059020932056,43.37215596110712],[-5.825224001504509,43.372179817850395],[-5.825390642739423,43.37214776250198],[-5.825221294130929,43.372121540627134],[-5.825059020932056,43.37215596110712]]],[[[-5.823393629213583,43.37263243408495],[-5.82378329645071,43.37263768490727],[-5.823308905943436,43.37264940617873],[-5.823393629213583,43.37263243408495]]],[[[-5.820201350975195,43.372995019790146],[-5.820693083859701,43.37295240257649],[-5.820769405283393,43.37298223482833],[-5.8203261746194315,43.37302512568531],[-5.820201350975195,43.372995019790146]]],[[[-5.8200826793070135,43.373097572597416],[-5.820081555900679,43.37307334750157],[-5.820139003080787,43.373087832453486],[-5.8200826793070135,43.373097572597416]]],[[[-5.819278576168052,43.37319910169922],[-5.819592790803068,43.37318000360179],[-5.819609839150146,43.373190928733386],[-5.819278576168052,43.37319910169922]]],[[[-5.818893590144412,43.373298637602666],[-5.819103521665354,43.37327582398605],[-5.81917305597227,43.373291743588524],[-5.818893590144412,43.373298637602666]]],[[[-5.820792571088128,43.37289162432819],[-5.823299461734949,43.372469562162046],[-5.823145687601466,43.372608990941565],[-5.822754247753114,43.37266310820825],[-5.823225525203242,43.37274150482276],[-5.820584119297405,43.37326422189741],[-5.820216302963792,43.373317428651966],[-5.8201731435975015,43.3732670672789],[-5.821998921552702,43.37286184046663],[-5.821674244297748,43.37281752907391],[-5.821307949171969,43.372903446145095],[-5.820792571088128,43.37289162432819]],[[-5.8221659852416945,43.37277513941908],[-5.822413266431725,43.37278434607886],[-5.822528113771934,43.37275873242194],[-5.8222877535191735,43.372739399508106],[-5.8221659852416945,43.37277513941908]]],[[[-5.818796767094598,43.37339106460935],[-5.818616011627957,43.373409630326655],[-5.818565419752749,43.373396770897486],[-5.818796767094598,43.37339106460935]]],[[[-5.820159117250498,43.37335745210499],[-5.8199722431667915,43.37337773043731],[-5.819844233442355,43.37336522250258],[-5.820093603021693,43.37333312963074],[-5.820159117250498,43.37335745210499]]],[[[-5.818249535256112,43.373491807259995],[-5.818451328394526,43.37348962352371],[-5.818239630175674,43.37349484453545],[-5.818249535256112,43.373491807259995]]],[[[-5.819533910214247,43.37346291818725],[-5.8197282500847995,43.37343948147877],[-5.819782811258735,43.373456776796246],[-5.819533910214247,43.37346291818725]]],[[[-5.817935067193651,43.373592393821774],[-5.818130247549248,43.37358115825718],[-5.818140676626555,43.37358732352827],[-5.8180076516146855,43.37359912700642],[-5.817935067193651,43.373592393821774]]],[[[-5.819363915466137,43.37356782509389],[-5.819239736174327,43.373551632137485],[-5.819461842819085,43.3735547349568],[-5.819363915466137,43.37356782509389]]],[[[-5.819120075960376,43.37363291868623],[-5.81899875656663,43.37367842054911],[-5.818968410982438,43.37365694667148],[-5.819120075960376,43.37363291868623]]],[[[-5.817830590948763,43.37368500872991],[-5.817642664940033,43.37371349730672],[-5.817608529581576,43.37369048410674],[-5.817764281829883,43.37367439219833],[-5.817830590948763,43.37368500872991]]],[[[-5.817521980913364,43.37377273984736],[-5.817399767267849,43.37379897217374],[-5.817360580950181,43.37378663596095],[-5.81739877657236,43.3737775890011],[-5.817521980913364,43.37377273984736]]],[[[-5.818756262168276,43.37377255097187],[-5.8188777127632525,43.37372987154373],[-5.818906141427671,43.373748521397346],[-5.818756262168276,43.37377255097187]]],[[[-5.818513951286678,43.373870656963945],[-5.818635371243109,43.37382730866117],[-5.818662703412627,43.373844564810106],[-5.818513951286678,43.373870656963945]]],[[[-5.818032496207885,43.37413525292684],[-5.8179087438314445,43.37412829046778],[-5.818043204047391,43.37412995931261],[-5.818032496207885,43.37413525292684]]],[[[-5.815826337530953,43.374471644310034],[-5.815731333086767,43.37445706245566],[-5.815824661545857,43.37443545043959],[-5.815826337530953,43.374471644310034]]],[[[-5.815734719557234,43.374547017696855],[-5.815584606523702,43.37458243606367],[-5.815557998224465,43.37455137191821],[-5.815703070496046,43.3744751732143],[-5.815734719557234,43.374547017696855]]],[[[-5.8152206804408895,43.37471994035327],[-5.815298477128162,43.37473784310534],[-5.8152232425380515,43.37477528163808],[-5.8152206804408895,43.37471994035327]]],[[[-5.814379114198978,43.375205012387454],[-5.8145000901687816,43.375151950732096],[-5.814502913026113,43.375212939138265],[-5.814379114198978,43.375205012387454]]],[[[-5.816477483483894,43.375205584050704],[-5.8164324777454475,43.37516009374906],[-5.816473563882847,43.37512095966646],[-5.8165162885603765,43.37515802813117],[-5.816477483483894,43.375205584050704]]],[[[-5.816231731221137,43.375345118480176],[-5.8164192604766525,43.375250458170086],[-5.8162081534273025,43.37543573820069],[-5.816231731221137,43.375345118480176]]],[[[-5.813783853836306,43.37567827021973],[-5.813661699251271,43.375705896297845],[-5.8136512619763225,43.375678798628805],[-5.813780580441631,43.37560753089739],[-5.813783853836306,43.37567827021973]]],[[[-5.8129291962301455,43.37632684540843],[-5.813031849141045,43.37614424119482],[-5.813186434752358,43.376105065007074],[-5.813188517492641,43.37615008259387],[-5.8129291962301455,43.37632684540843]]],[[[-5.814644467428181,43.37827100488333],[-5.81463297457964,43.378085666988866],[-5.814635439625527,43.37807598744588],[-5.814644467428181,43.37827100488333]]],[[[-5.789628130562224,43.37917828921002],[-5.792321889736799,43.37870090668312],[-5.792564419150562,43.37860621921422],[-5.79269125006608,43.37868006690586],[-5.794175910454388,43.37875385120401],[-5.7972339004244455,43.37814541879746],[-5.797835216097118,43.37780043726639],[-5.797962375481359,43.377881321981974],[-5.798084018787298,43.37784233440876],[-5.79845850650395,43.377933056968615],[-5.799073785511552,43.377891591449604],[-5.799194315932979,43.377828445554336],[-5.800921498442747,43.37780802910006],[-5.801780852448921,43.37770587694012],[-5.803122483123052,43.37735497059418],[-5.804909918845939,43.37670403696622],[-5.80613965092273,43.37595353705248],[-5.80735763786968,43.375023235007774],[-5.8097637301558285,43.374063713802656],[-5.811553192703355,43.3728168366664],[-5.811795599380548,43.372720646486485],[-5.8119570857455685,43.37283926070532],[-5.811593519430924,43.37329839981078],[-5.8105075683954555,43.37422802358803],[-5.810258427165213,43.37417865980238],[-5.809760283290257,43.37442395340091],[-5.8096567057527375,43.37460657746641],[-5.809046762841429,43.37466864798592],[-5.808264309050808,43.3750009578636],[-5.807550442598595,43.375378653191376],[-5.805989339667347,43.376497460174875],[-5.80532095902099,43.37684824840631],[-5.802530187229677,43.377894894186916],[-5.80093530491029,43.37810773928998],[-5.798839338349208,43.3781615757319],[-5.7969330319076064,43.3785202471903],[-5.795541738930573,43.37892776862169],[-5.794436703032536,43.37905658983141],[-5.792212908665099,43.379015734738665],[-5.789639916406583,43.37943516114926],[-5.789517042463786,43.379447513807115],[-5.789367402139853,43.379335436953355],[-5.789628130562224,43.37917828921002]],[[-5.8118021397435005,43.372862100260804],[-5.8118005962781005,43.372828718566275],[-5.811746205998989,43.3728444495224],[-5.8118021397435005,43.372862100260804]],[[-5.811539444740082,43.372939575343935],[-5.811163843718319,43.37321893173814],[-5.811165879433901,43.37330892037823],[-5.811709044639455,43.372935402578456],[-5.811539444740082,43.372939575343935]],[[-5.811037450469144,43.37340211832235],[-5.811120031302333,43.373400086930914],[-5.811084647846213,43.373361204335815],[-5.811037450469144,43.37340211832235]],[[-5.810250608050126,43.37400946405932],[-5.8110089191526795,43.373492858861624],[-5.81096544512309,43.373452617573584],[-5.81018858955066,43.37396322814066],[-5.810250608050126,43.37400946405932]],[[-5.81019185063595,43.374053186660305],[-5.8098351821896355,43.37415199567919],[-5.809888959994864,43.374196458965734],[-5.81019185063595,43.374053186660305]],[[-5.808799291585958,43.374655452638045],[-5.809830840719767,43.37424214113951],[-5.809643806084869,43.3742333807361],[-5.808625653401177,43.37463192269039],[-5.808799291585958,43.374655452638045]],[[-5.808434125551627,43.37476645390105],[-5.808554220791432,43.37469422842825],[-5.808377857160354,43.374728051316886],[-5.808434125551627,43.37476645390105]],[[-5.808191963780612,43.37486823674404],[-5.808311561261871,43.37478522271405],[-5.8081431240609405,43.37482385840434],[-5.808191963780612,43.37486823674404]],[[-5.807585401462772,43.37509769199382],[-5.806095575294634,43.376134696763394],[-5.806154226384982,43.37618129490514],[-5.80746977633495,43.37526677922202],[-5.808137250034631,43.37491404145951],[-5.80794695530389,43.37490838909399],[-5.807585401462772,43.37509769199382]],[[-5.806030963460096,43.37618500144925],[-5.805371271216149,43.37660267347948],[-5.805535975074354,43.376598630054396],[-5.806098794855447,43.376224656411324],[-5.806030963460096,43.37618500144925]],[[-5.80536566551697,43.37669284979615],[-5.8050700327192315,43.37676033556294],[-5.804993651230803,43.376792020435076],[-5.8050730313299095,43.376825335629405],[-5.80536566551697,43.37669284979615]],[[-5.804830780196537,43.376925478441265],[-5.804950288524208,43.376840347007835],[-5.804769963036567,43.37688754949002],[-5.804830780196537,43.376925478441265]],[[-5.80458830921524,43.37702087209181],[-5.8047080707193315,43.37694121805512],[-5.804519816025556,43.37698372744939],[-5.80458830921524,43.37702087209181]],[[-5.804342576815927,43.37704556764018],[-5.803932739792728,43.37717821107886],[-5.804103104192201,43.3772060044721],[-5.804510332621405,43.377073998887944],[-5.804342576815927,43.37704556764018]],[[-5.803647753931668,43.377275241943316],[-5.803929633636329,43.37726832599482],[-5.803857331688301,43.377229850896526],[-5.803647753931668,43.377275241943316]],[[-5.803491972186815,43.377337184649484],[-5.802763737869552,43.37760583884599],[-5.803638129879845,43.377365516760484],[-5.803491972186815,43.377337184649484]],[[-5.80227831592918,43.377786485774024],[-5.802521301382356,43.377702109645455],[-5.8027248246413325,43.37765803605697],[-5.8025182661905665,43.37763625864252],[-5.8020033255195225,43.37776576782336],[-5.80227831592918,43.377786485774024]],[[-5.801910035925902,43.37783057627301],[-5.801430771516846,43.37786984381961],[-5.8019684364332536,43.37785666198406],[-5.801910035925902,43.37783057627301]],[[-5.79788071094724,43.37813689387656],[-5.801368908764214,43.3779613990404],[-5.798954698211464,43.37798609206896],[-5.798589015121526,43.3780866831772],[-5.79788071094724,43.37813689387656]],[[-5.797729931105834,43.378194939047624],[-5.7973484321855775,43.37823996332919],[-5.797820262903819,43.37822841254953],[-5.797729931105834,43.378194939047624]],[[-5.796916459429475,43.37834057536468],[-5.796997248553286,43.37836767513254],[-5.797282111707327,43.37833162546791],[-5.7971179323541575,43.37830779607734],[-5.796916459429475,43.37834057536468]],[[-5.796506622352776,43.378435677544054],[-5.796631394951762,43.37846467970882],[-5.796851341590763,43.37843220781946],[-5.79675206819237,43.378404559094086],[-5.796506622352776,43.378435677544054]],[[-5.796065622364826,43.37854147380729],[-5.796142450570752,43.378569278855075],[-5.796428029625601,43.37853260604169],[-5.79626314222714,43.378509543671434],[-5.796065622364826,43.37854147380729]],[[-5.795651701972851,43.37863467577023],[-5.7957768957887374,43.37867283810753],[-5.796009961383716,43.37863287439794],[-5.795897166885561,43.378603944956275],[-5.795651701972851,43.37863467577023]],[[-5.7955311985831175,43.378698524074075],[-5.795201631840045,43.3787426876486],[-5.79560241785852,43.378732883754715],[-5.7955311985831175,43.378698524074075]],[[-5.793666430071771,43.378870266946954],[-5.792823134806641,43.378863931723444],[-5.7926312816171635,43.3788955679676],[-5.793666430071771,43.378870266946954]],[[-5.795152990115844,43.37883391613239],[-5.794592432490014,43.37884762570809],[-5.79479966077694,43.37889643250976],[-5.795152990115844,43.37883391613239]],[[-5.794543340946214,43.37893886493378],[-5.794060201623711,43.37892207156847],[-5.793864155250634,43.37895547182102],[-5.794543340946214,43.37893886493378]],[[-5.7896376639575795,43.379386069389106],[-5.791592696416281,43.37895010889905],[-5.792107637381376,43.37890836326399],[-5.7914664450234765,43.37888886746051],[-5.7898754430331785,43.37918770692719],[-5.789437965639964,43.37933371456102],[-5.7896376639575795,43.379386069389106]],[[-5.798113996962265,43.37795110457575],[-5.798066397503624,43.37795227005762],[-5.79808952994598,43.37796209232523],[-5.798113996962265,43.37795110457575]]],[[[-5.814424101902279,43.37884372709261],[-5.814347718791392,43.379083117575014],[-5.814316472413965,43.37918527960336],[-5.814277564849354,43.378994806651626],[-5.814424101902279,43.37884372709261]]],[[[-5.814245346843315,43.37935575461655],[-5.8142111059348265,43.37957574648001],[-5.814199650449922,43.37932825938597],[-5.814245346843315,43.37935575461655]]],[[[-5.8113718471536835,43.37957316023802],[-5.811425938411798,43.38059565520376],[-5.811424293513242,43.3807073300647],[-5.8113718471536835,43.37957316023802]]],[[[-5.813336280436968,43.381629103971676],[-5.81332350740342,43.38173524260593],[-5.813318001783877,43.38161626967595],[-5.813336280436968,43.381629103971676]]],[[[-5.813227489575542,43.38190189806058],[-5.813214581024015,43.38204899587526],[-5.813206348514465,43.38187109137836],[-5.813227489575542,43.38190189806058]]],[[[-5.8131105374269545,43.38217489294569],[-5.813084099526598,43.382265582367125],[-5.813094702848101,43.38212609645717],[-5.8131105374269545,43.38217489294569]]],[[[-5.812879191433522,43.382630780765865],[-5.812875740404675,43.382729719989214],[-5.812870590268638,43.38261841499172],[-5.812879191433522,43.382630780765865]]],[[[-5.811568311099454,43.38115222149165],[-5.811641897436678,43.38266123008413],[-5.81164616025495,43.382835500259766],[-5.811568311099454,43.38115222149165]]],[[[-5.811536854715534,43.38314127931997],[-5.8115568384811604,43.383473670243575],[-5.8115541347016695,43.3835149033111],[-5.811536854715534,43.38314127931997]]],[[[-5.811439724066797,43.38371033140837],[-5.811453657576514,43.383926401761705],[-5.811450999413444,43.383954128814494],[-5.811439724066797,43.38371033140837]]],[[[-5.812189010423976,43.38389603554657],[-5.812199071209865,43.38399809880395],[-5.812194244044083,43.38400916718841],[-5.812189010423976,43.38389603554657]]],[[[-5.811334628436171,43.38410719235158],[-5.811345102444435,43.384199188209635],[-5.811344196428523,43.3843140781243],[-5.811336252587503,43.38428944451557],[-5.811334628436171,43.38410719235158]]],[[[-5.811228173536661,43.38465225771143],[-5.811239658753102,43.38447189800351],[-5.811236892922637,43.3846632296018],[-5.811228173536661,43.38465225771143]]]]}}]}