{"type":"FeatureCollection","features":[{"type":"Feature","properties":{"name":"Antiguo","level":10},"geometry":{"type":"Polygon","coordinates":[[[-5.841936099999998,43.3635688],[-5.841283999999999,43.362253300000006],[-5.841722500000001,43.360964300000006],[-5.8426217,43.36042539999999],[-5.8426552,43.35920629999999],[-5.844799499999999,43.35921669999999],[-5.8448187,43.3590113],[-5.846338599999998,43.3583085],[-5.847739699999999,43.3596206],[-5.8461662,43.360599400000005],[-5.848632699999999,43.36222860000001],[-5.847298199999999,43.3628271],[-5.844090799999998,43.36371869999999],[-5.841936099999998,43.3635688]]]}},{"type":"Feature","properties":{"name":"El Vallobín","level":10},"geometry":{"type":"Polygon","coordinates":[[[-5.868313999999999,43.366182099999996],[-5.871485699999999,43.3655157],[-5.872134999999999,43.36718559999999],[-5.8686848000000005,43.36764360000001],[-5.868492299999998,43.3681061],[-5.8679344,43.36808990000001],[-5.867403499999999,43.36839810000001],[-5.867382800000001,43.368955500000006],[-5.868272599999998,43.369279500000005],[-5.8686597,43.3698175],[-5.867234,43.3715351],[-5.867619799999999,43.37163129999999],[-5.868812899999999,43.371343199999984],[-5.868953199999999,43.372094499999996],[-5.867559099999999,43.3719805],[-5.8659301,43.3716009],[-5.865060699999999,43.370967199999996],[-5.8650771,43.369962300000005],[-5.864307799999998,43.369862999999995],[-5.8625427,43.3701281],[-5.862344399999999,43.36978129999999],[-5.860891500000001,43.369618599999995],[-5.860671099999999,43.36920440000001],[-5.8616581,43.368526100000004],[-5.860586299999999,43.367386100000004],[-5.861215699999999,43.3665073],[-5.861181999999999,43.3660842],[-5.8603847,43.365220699999995],[-5.858631199999999,43.36580210000001],[-5.8570215,43.36432879999999],[-5.8584026,43.3630224],[-5.8616885,43.363899700000005],[-5.863015,43.3644663],[-5.8639659,43.365221600000005],[-5.8648938,43.3652929],[-5.8670915,43.366093799999994],[-5.868313999999999,43.366182099999996]]]}},{"type":"Feature","properties":{"name":"Centro Oeste","level":10},"geometry":{"type":"Polygon","coordinates":[[[-5.854605699999999,43.35649269999999],[-5.8552648,43.35673119999999],[-5.8567583999999995,43.3566823],[-5.8593975,43.36145489999999],[-5.8584026,43.3630224],[-5.8570215,43.36432879999999],[-5.8544177,43.3660581],[-5.847988999999999,43.361784699999994],[-5.850349499999999,43.35953599999999],[-5.854605699999999,43.35649269999999]]]}},{"type":"Feature","properties":{"name":"Centro Norte","level":10},"geometry":{"type":"Polygon","coordinates":[[[-5.852507000000001,43.367469199999995],[-5.850594000000001,43.367382499999984],[-5.840512299999999,43.3656334],[-5.838981799999999,43.36391819999999],[-5.8394844,43.363987599999994],[-5.841039299999999,43.363540999999984],[-5.844090799999998,43.36371869999999],[-5.847298199999999,43.3628271],[-5.848632699999999,43.36222860000001],[-5.8544177,43.3660581],[-5.852507000000001,43.367469199999995]]]}},{"type":"Feature","properties":{"name":"La Florida","level":10},"geometry":{"type":"Polygon","coordinates":[[[-5.871485699999999,43.3655157],[-5.8764688,43.3643586],[-5.881900399999999,43.364132999999995],[-5.8809071,43.3659279],[-5.881451799999999,43.36845789999999],[-5.8810856,43.36945959999999],[-5.8796286,43.37060220000001],[-5.874535099999999,43.369957100000015],[-5.874272299999999,43.37099239999999],[-5.873046900000001,43.37082439999999],[-5.872062499999999,43.371026699999994],[-5.8716705,43.3713585],[-5.8719361,43.3721381],[-5.8708738,43.3716434],[-5.868863100000001,43.3716094],[-5.868812899999999,43.371343199999984],[-5.867619799999999,43.37163129999999],[-5.867234,43.3715351],[-5.8686597,43.3698175],[-5.868272599999998,43.369279500000005],[-5.867382800000001,43.368955500000006],[-5.8673481999999995,43.3684721],[-5.8679344,43.36808990000001],[-5.868492299999998,43.3681061],[-5.8686848000000005,43.36764360000001],[-5.872134999999999,43.36718559999999],[-5.871485699999999,43.3655157]]]}},{"type":"Feature","properties":{"name":"Centro Sur","level":10},"geometry":{"type":"Polygon","coordinates":[[[-5.8448187,43.3590113],[-5.843731599999998,43.357394599999985],[-5.8446571,43.355257599999995],[-5.8446051,43.3544921],[-5.8507141,43.35590319999999],[-5.854605699999999,43.35649269999999],[-5.850349499999999,43.35953599999999],[-5.847988999999999,43.361784699999994],[-5.8461662,43.360599400000005],[-5.847739699999999,43.3596206],[-5.846338599999998,43.3583085],[-5.8448187,43.3590113]]]}},{"type":"Feature","properties":{"name":"La Ciudá Naranco","level":10},"geometry":{"type":"Polygon","coordinates":[[[-5.846720100000001,43.37319629999998],[-5.853334299999999,43.367944399999985],[-5.852507000000001,43.367469199999995],[-5.8570215,43.36432879999999],[-5.858631199999999,43.36580210000001],[-5.8603847,43.365220699999995],[-5.8612023,43.366117900000006],[-5.861215699999999,43.3665073],[-5.860586299999999,43.367386100000004],[-5.8616581,43.368526100000004],[-5.860671099999999,43.36920440000001],[-5.860891500000001,43.369618599999995],[-5.862344399999999,43.36978129999999],[-5.8625427,43.3701281],[-5.8605547,43.3715633],[-5.8622199,43.37244530000001],[-5.8627731,43.37312140000001],[-5.8624028,43.3734825],[-5.8625153,43.37397409999999],[-5.8643237,43.374732900000005],[-5.864702099999999,43.37422899999999],[-5.8654234999999995,43.37436300000001],[-5.866075,43.3749118],[-5.8657848,43.3752342],[-5.864498300000001,43.3754349],[-5.864563,43.37649269999999],[-5.8626689999999995,43.37653349999999],[-5.8627207,43.37722469999999],[-5.8618777,43.377193299999995],[-5.8602435999999996,43.3778027],[-5.858166199999999,43.377336799999995],[-5.8558457,43.3781559],[-5.854986299999998,43.37760039999999],[-5.853475299999999,43.3772726],[-5.8537617,43.37573499999999],[-5.850785499999999,43.374992799999994],[-5.846720100000001,43.37319629999998]]]}},{"type":"Feature","properties":{"name":"Monxina - El Rancho","level":10},"geometry":{"type":"Polygon","coordinates":[[[-5.8199428,43.371792899999996],[-5.8216346,43.37089989999999],[-5.8232964,43.3703576],[-5.8254318,43.370395399999985],[-5.8281715,43.371028200000005],[-5.826668599999999,43.37173429999999],[-5.823969,43.3724906],[-5.8247463999999995,43.37322859999999],[-5.824490099999999,43.3742185],[-5.822379599999999,43.3759479],[-5.8210039,43.3782192],[-5.8193698,43.3772866],[-5.815321800000001,43.3765542],[-5.8170446999999985,43.3747087],[-5.8203866,43.3731378],[-5.8199428,43.371792899999996]]]}},{"type":"Feature","properties":{"name":"Monte Cerráu","level":10},"geometry":{"type":"Polygon","coordinates":[[[-5.872662099999999,43.351382199999996],[-5.8730278,43.3522827],[-5.8704415,43.3527061],[-5.8688867,43.3534],[-5.86665,43.3538419],[-5.865682500000001,43.35425239999999],[-5.8642387000000005,43.35345319999999],[-5.862604500000001,43.35427990000001],[-5.861785200000001,43.35382109999999],[-5.8568784,43.3548849],[-5.856183899999999,43.354852599999994],[-5.8562786,43.351707899999994],[-5.8576742,43.34922589999999],[-5.858699999999999,43.348141399999996],[-5.8640077999999995,43.34409539999999],[-5.864049700000001,43.34336940000001],[-5.8646846,43.34251689999999],[-5.865734499999999,43.341956],[-5.866967600000001,43.341861699999995],[-5.867318899999999,43.344309599999995],[-5.8686028,43.3457763],[-5.870321199999999,43.34691859999998],[-5.8732598,43.34689370000001],[-5.8758888,43.3465073],[-5.8741940999999995,43.3471144],[-5.8722618,43.347445099999995],[-5.8717459,43.3507646],[-5.872662099999999,43.351382199999996]]]}},{"type":"Feature","properties":{"name":"Argañosa","level":10},"geometry":{"type":"Polygon","coordinates":[[[-5.867330400000001,43.3601683],[-5.8671305,43.36127210000001],[-5.865373999999999,43.3634731],[-5.8672761,43.3642483],[-5.8680366,43.36409559999999],[-5.8698103,43.3650281],[-5.869002899999998,43.365443199999994],[-5.869676899999998,43.36596639999999],[-5.868313999999999,43.366182099999996],[-5.8670915,43.366093799999994],[-5.8648938,43.3652929],[-5.8639659,43.365221600000005],[-5.863015,43.3644663],[-5.8616885,43.363899700000005],[-5.8584026,43.3630224],[-5.859373799999999,43.3616396],[-5.8591434,43.3607953],[-5.8625215,43.36036860000001],[-5.866771999999999,43.3590849],[-5.867330400000001,43.3601683]]]}},{"type":"Feature","properties":{"name":"Teatinos","level":10},"geometry":{"type":"Polygon","coordinates":[[[-5.836372700000001,43.3674638],[-5.836596400000001,43.3680804],[-5.839002300000001,43.36866539999999],[-5.8377055,43.37067390000001],[-5.8377916999999995,43.371084999999994],[-5.8394833,43.3715562],[-5.8372857,43.3727628],[-5.8338736,43.376777],[-5.8321081,43.37594219999999],[-5.830924999999998,43.37732960000001],[-5.824468200000001,43.3809116],[-5.823895900000001,43.381034299999996],[-5.8210039,43.3782192],[-5.822379599999999,43.3759479],[-5.824490099999999,43.3742185],[-5.8247463999999995,43.37322859999999],[-5.823969,43.3724906],[-5.827254899999999,43.3715001],[-5.8310733,43.369174699999995],[-5.8330345999999995,43.36824409999999],[-5.836372700000001,43.3674638]]]}},{"type":"Feature","properties":{"name":"Les Campes","level":10},"geometry":{"type":"Polygon","coordinates":[[[-5.881900399999999,43.364132999999995],[-5.883671199999999,43.3637256],[-5.888148,43.3607303],[-5.890322,43.359857],[-5.891640299999999,43.3595818],[-5.892932300000001,43.3610447],[-5.8924977,43.365840899999995],[-5.8890962,43.36735540000001],[-5.8859684,43.367983],[-5.884486399999999,43.368528600000005],[-5.885301699999999,43.37110609999999],[-5.8850284,43.3719165],[-5.8835092,43.3727534],[-5.882607800000001,43.3728823],[-5.881583399999999,43.37260990000001],[-5.881618099999999,43.37173469999999],[-5.882645700000001,43.37105179999998],[-5.882943600000001,43.37032159999999],[-5.881991899999998,43.3701029],[-5.8810781999999975,43.37045129999999],[-5.8796286,43.37060220000001],[-5.880943,43.369616799999996],[-5.8813701,43.36895450000001],[-5.8809071,43.3659279],[-5.881900399999999,43.364132999999995]]]}},{"type":"Feature","properties":{"name":"Olivares","level":10},"geometry":{"type":"Polygon","coordinates":[[[-5.8895146,43.360131900000006],[-5.888148,43.3607303],[-5.8832534,43.3638853],[-5.881900399999999,43.364132999999995],[-5.875887200000001,43.364445800000006],[-5.869676899999998,43.36596639999999],[-5.869002899999998,43.365443199999994],[-5.8698103,43.3650281],[-5.8689719,43.3646409],[-5.870795700000001,43.3634786],[-5.8722595,43.36114800000001],[-5.8710596,43.35960389999999],[-5.867330400000001,43.3601683],[-5.8672523,43.35992579999999],[-5.8674787,43.359541],[-5.867325999999999,43.35906039999999],[-5.8686647999999995,43.3591044],[-5.870593599999999,43.3585575],[-5.871693,43.35800429999999],[-5.8725227,43.3579976],[-5.8742377,43.35744100000001],[-5.8739792,43.356842799999995],[-5.874888699999999,43.3564538],[-5.8770236,43.35638449999999],[-5.877339,43.355794899999985],[-5.876601,43.353876699999994],[-5.8769537,43.3533801],[-5.8801967,43.352920100000006],[-5.881318500000001,43.35157650000001],[-5.882593499999999,43.350835],[-5.8864809,43.3496333],[-5.8877875999999985,43.3483667],[-5.889568799999999,43.3476336],[-5.8904169,43.34757989999999],[-5.8912089,43.3477412],[-5.890489200000001,43.350555400000005],[-5.892211200000001,43.351090000000006],[-5.8924597,43.3523115],[-5.891869899999999,43.354159999999986],[-5.888156699999999,43.3574308],[-5.8874191,43.3585247],[-5.8873311,43.35914660000001],[-5.887717699999999,43.359638999999994],[-5.8890561,43.3598285],[-5.8895146,43.360131900000006]]]}},{"type":"Feature","properties":{"name":"San Lázaro / San Llázaro","level":10},"geometry":{"type":"Polygon","coordinates":[[[-5.843796799999999,43.35446389999999],[-5.8435432,43.35394560000001],[-5.8425604,43.3532486],[-5.837785299999999,43.3512498],[-5.8369355999999994,43.3503137],[-5.8371626999999995,43.3494482],[-5.8375963,43.349047000000006],[-5.837144300000001,43.34877929999999],[-5.8361266,43.3488092],[-5.8361253,43.3474148],[-5.8373431,43.34720329999999],[-5.8383859,43.3479862],[-5.8409415,43.347746099999995],[-5.842850399999999,43.3484679],[-5.8441585,43.3485972],[-5.8443251,43.3474575],[-5.843975100000001,43.3460753],[-5.8444259999999995,43.34574899999999],[-5.8451395999999995,43.345658300000004],[-5.8453895,43.345876000000004],[-5.844997000000001,43.34613209999999],[-5.845773899999998,43.34711909999999],[-5.8453772,43.3473118],[-5.8454889,43.3488423],[-5.848065200000001,43.34895190000001],[-5.8513177,43.3481031],[-5.853006,43.34789249999999],[-5.8565493,43.34828239999999],[-5.855487999999999,43.3492546],[-5.853936499999998,43.3499841],[-5.845130799999998,43.352336599999994],[-5.8445914,43.3526204],[-5.8449322,43.3529865],[-5.844456599999999,43.35321449999999],[-5.8446051,43.3544921],[-5.843796799999999,43.35446389999999]]]}},{"type":"Feature","properties":{"name":"Pando","level":10},"geometry":{"type":"Polygon","coordinates":[[[-5.8372857,43.3727628],[-5.840354,43.3713014],[-5.8412272,43.37136419999999],[-5.843844,43.3724474],[-5.846720100000001,43.37319629999998],[-5.840486599999999,43.37809269999999],[-5.837723,43.377774900000006],[-5.8344266000000005,43.3762115],[-5.8372857,43.3727628]]]}},{"type":"Feature","properties":{"name":"Parque de Invierno","level":10},"geometry":{"type":"Polygon","coordinates":[[[-5.856183899999999,43.354852599999994],[-5.8557076,43.3556826],[-5.854605699999999,43.35649269999999],[-5.8507141,43.35590319999999],[-5.8446051,43.3544921],[-5.844456599999999,43.35321449999999],[-5.8449322,43.3529865],[-5.8445914,43.3526204],[-5.8454879,43.352207799999995],[-5.8543275,43.3498452],[-5.855487999999999,43.3492546],[-5.8565493,43.34828239999999],[-5.858699999999999,43.348141399999996],[-5.8576742,43.34922589999999],[-5.856414699999998,43.35124650000001],[-5.856183899999999,43.354852599999994]]]}},{"type":"Feature","properties":{"name":"Tenderina - Fozaneldi","level":10},"geometry":{"type":"Polygon","coordinates":[[[-5.8417516,43.36592209999999],[-5.8390629999999994,43.367014299999994],[-5.8345687,43.36779380000001],[-5.833265999999999,43.3660667],[-5.8337452999999995,43.3651122],[-5.8228865999999995,43.36853140000001],[-5.822694899999999,43.36747150000001],[-5.8220158,43.36684],[-5.822118199999999,43.36643569999999],[-5.8210661,43.36354510000001],[-5.821801099999998,43.36313359999999],[-5.8221406,43.3612677],[-5.8253874,43.35995389999999],[-5.827257099999999,43.3584636],[-5.827847900000001,43.35864359999999],[-5.828460699999999,43.3573842],[-5.830857100000001,43.35723670000001],[-5.8311645,43.35533259999999],[-5.832192499999999,43.3561476],[-5.8339875,43.35827379999999],[-5.8383188,43.35956069999999],[-5.838981799999999,43.36391819999999],[-5.840314499999999,43.36553789999999],[-5.8417516,43.36592209999999]]]}},{"type":"Feature","properties":{"name":"Cerdeño","level":10},"geometry":{"type":"Polygon","coordinates":[[[-5.8228865999999995,43.36853140000001],[-5.819196299999999,43.36926729999999],[-5.819168899999999,43.369909199999995],[-5.8203866,43.3731378],[-5.8170446999999985,43.3747087],[-5.815321800000001,43.3765542],[-5.8141414000000005,43.3762866],[-5.813152099999999,43.375718000000006],[-5.810308799999998,43.377140400000016],[-5.8106761,43.375288499999996],[-5.8100167,43.3742526],[-5.8086458,43.373211999999995],[-5.808393199999999,43.37035800000001],[-5.810719699999999,43.3703686],[-5.8105137,43.369278200000004],[-5.8107288,43.368265400000006],[-5.8120404,43.3666733],[-5.811131099999999,43.3665292],[-5.8097353,43.36583650000001],[-5.807970600000001,43.36349069999999],[-5.807599299999998,43.36151979999999],[-5.810742099999998,43.3607383],[-5.8141991,43.3584872],[-5.8129426,43.3569378],[-5.814852899999999,43.355821699999986],[-5.821579899999999,43.3565157],[-5.823243000000001,43.3574879],[-5.8250631,43.3592324],[-5.8259575,43.35960169999999],[-5.8221406,43.3612677],[-5.821801099999998,43.36313359999999],[-5.8210661,43.36354510000001],[-5.822118199999999,43.36643569999999],[-5.8220158,43.36684],[-5.822694899999999,43.36747150000001],[-5.8228865999999995,43.36853140000001]]]}},{"type":"Feature","properties":{"name":"Fitoria","level":10},"geometry":{"type":"Polygon","coordinates":[[[-5.821011399999999,43.3982395],[-5.822710600000001,43.3963922],[-5.8295738,43.3839486],[-5.8308851,43.3819504],[-5.831609099999999,43.381300299999985],[-5.833726399999999,43.38024109999999],[-5.8377571999999995,43.37926310000001],[-5.8400020999999995,43.3783645],[-5.846720100000001,43.37319629999998],[-5.850785499999999,43.374992799999994],[-5.8537617,43.37573499999999],[-5.853475299999999,43.3772726],[-5.854986299999998,43.37760039999999],[-5.855125899999999,43.378884799999994],[-5.853837,43.3795921],[-5.8466292,43.3816965],[-5.8471259,43.38253709999999],[-5.8464489,43.3850229],[-5.8474617,43.3874473],[-5.8453081,43.38777090000001],[-5.843465600000001,43.388945799999995],[-5.8406234999999995,43.389124499999994],[-5.836764900000001,43.39234389999999],[-5.8362642,43.39691150000001],[-5.8350799,43.39775889999999],[-5.8349462,43.3987198],[-5.835170299999998,43.39915109999998],[-5.827000999999999,43.40058059999999],[-5.825845799999999,43.40205939999999],[-5.8237222,43.4023826],[-5.823024800000001,43.4012134],[-5.821680399999998,43.40004549999999],[-5.821011399999999,43.3982395]]]}},{"type":"Feature","properties":{"name":"El Pontón de Vaqueros","level":10},"geometry":{"type":"Polygon","coordinates":[[[-5.8295738,43.3839486],[-5.823895900000001,43.381034299999996],[-5.824468200000001,43.3809116],[-5.830924999999998,43.37732960000001],[-5.8321081,43.37594219999999],[-5.833613199999999,43.3767268],[-5.8338736,43.376777],[-5.8344266000000005,43.3762115],[-5.837723,43.377774900000006],[-5.840486599999999,43.37809269999999],[-5.838468699999999,43.37903469999999],[-5.8344306999999995,43.38003049999999],[-5.8325379,43.3807388],[-5.8308851,43.3819504],[-5.8295738,43.3839486]]]}},{"type":"Feature","properties":{"name":"Centro Este","level":10},"geometry":{"type":"Polygon","coordinates":[[[-5.8383188,43.35956069999999],[-5.8383464,43.357659700000006],[-5.840504799999999,43.35527079999999],[-5.8420071999999985,43.354589],[-5.8446051,43.3544921],[-5.8446571,43.355257599999995],[-5.843731599999998,43.357394599999985],[-5.844885699999999,43.359141099999995],[-5.8426552,43.35920629999999],[-5.8426217,43.36042539999999],[-5.841722500000001,43.360964300000006],[-5.841283999999999,43.362253300000006],[-5.841936099999998,43.3635688],[-5.838981799999999,43.36391819999999],[-5.8383188,43.35956069999999]]]}},{"type":"Feature","properties":{"name":"Buenavista","level":10},"geometry":{"type":"Polygon","coordinates":[[[-5.8567583999999995,43.3566823],[-5.8601542,43.356209899999996],[-5.865176099999999,43.356945],[-5.8658769,43.35762330000001],[-5.869824699999999,43.35670060000001],[-5.870563,43.357332299999996],[-5.873659700000001,43.35635990000001],[-5.872853699999999,43.355138399999994],[-5.874223899999999,43.354539599999995],[-5.875559699999999,43.35288479999999],[-5.8747191,43.3517185],[-5.872662099999999,43.351382199999996],[-5.8717459,43.3507646],[-5.8722618,43.347445099999995],[-5.8741940999999995,43.3471144],[-5.8762758,43.34644170000001],[-5.876220199999999,43.346077799999996],[-5.8769587,43.3460028],[-5.878605699999998,43.346488099999995],[-5.880412999999999,43.3465401],[-5.8802829999999995,43.34762189999999],[-5.8818497,43.3488167],[-5.888412999999999,43.3480699],[-5.8875155999999995,43.3485416],[-5.8865795,43.3495881],[-5.8827619,43.350760799999996],[-5.8814385,43.351491200000005],[-5.8801967,43.352920100000006],[-5.877485599999999,43.353175],[-5.8768746,43.3534371],[-5.8766175,43.35403099999999],[-5.877342800000001,43.355845200000005],[-5.8770236,43.35638449999999],[-5.874888699999999,43.3564538],[-5.8739792,43.356842799999995],[-5.8742377,43.35744100000001],[-5.8725227,43.3579976],[-5.871693,43.35800429999999],[-5.870593599999999,43.3585575],[-5.8686647999999995,43.3591044],[-5.867325999999999,43.35906039999999],[-5.8674787,43.359541],[-5.8672523,43.35992579999999],[-5.866771999999999,43.3590849],[-5.8625215,43.36036860000001],[-5.8591434,43.3607953],[-5.8567583999999995,43.3566823]]]}},{"type":"Feature","properties":{"name":"La Corredoria","level":10},"geometry":{"type":"Polygon","coordinates":[[[-5.809006199999998,43.38839769999999],[-5.8120487,43.38428409999999],[-5.813335099999999,43.38173559999999],[-5.815321800000001,43.3765542],[-5.8199463,43.3775094],[-5.8210039,43.3782192],[-5.823895900000001,43.381034299999996],[-5.8295738,43.3839486],[-5.822710600000001,43.3963922],[-5.821011399999999,43.3982395],[-5.820523399999999,43.3974811],[-5.8200539,43.3937055],[-5.819502199999999,43.3935478],[-5.817940700000001,43.393841699999996],[-5.817080000000001,43.39357040000001],[-5.817141299999999,43.393088099999986],[-5.8183677,43.3912045],[-5.818355799999999,43.3906826],[-5.8138491,43.3885427],[-5.813093499999999,43.388489299999996],[-5.8111387,43.3889336],[-5.809006199999998,43.38839769999999]]]}},{"type":"Feature","properties":{"name":"Otero","level":10},"geometry":{"type":"Polygon","coordinates":[[[-5.843796799999999,43.35446389999999],[-5.841867,43.3546202],[-5.840504799999999,43.35527079999999],[-5.8383464,43.357659700000006],[-5.8383188,43.35956069999999],[-5.8339875,43.35827379999999],[-5.832192499999999,43.3561476],[-5.8311645,43.35533259999999],[-5.8313345,43.35451119999999],[-5.829047599999999,43.3539741],[-5.830206,43.352795199999996],[-5.8316868,43.351999000000006],[-5.836170699999999,43.3510796],[-5.8372403,43.35064139999999],[-5.838156099999999,43.351511599999995],[-5.842774400000001,43.353372900000004],[-5.8435432,43.35394560000001],[-5.843796799999999,43.35446389999999]]]}},{"type":"Feature","properties":{"name":"La Iría","level":10},"geometry":{"type":"Polygon","coordinates":[[[-5.867330400000001,43.3601683],[-5.8710596,43.35960389999999],[-5.8722595,43.36114800000001],[-5.870795700000001,43.3634786],[-5.8689719,43.3646409],[-5.867960899999998,43.36406989999998],[-5.8672761,43.3642483],[-5.865373999999999,43.3634731],[-5.8671305,43.36127210000001],[-5.867330400000001,43.3601683]]]}},{"type":"Feature","properties":{"name":"Colloto / Cualloto","level":10},"geometry":{"type":"Polygon","coordinates":[[[-5.815321800000001,43.3765542],[-5.813335099999999,43.38173559999999],[-5.8120487,43.38428409999999],[-5.809006199999998,43.38839769999999],[-5.8081187,43.38771259999999],[-5.8084533,43.38647990000001],[-5.808097100000001,43.385632],[-5.8077692,43.38539610000001],[-5.8062682,43.3853257],[-5.805591999999999,43.38511729999999],[-5.8053045,43.3847732],[-5.804950800000001,43.383530300000004],[-5.806665899999998,43.3821736],[-5.8067395,43.3813615],[-5.805287899999999,43.38066779999999],[-5.8015759,43.3804798],[-5.7989662,43.380102599999994],[-5.793876999999999,43.3802992],[-5.7906559,43.3765513],[-5.7873001,43.3714714],[-5.792516,43.3709387],[-5.7945416,43.3705264],[-5.7969121999999995,43.3695656],[-5.7992062,43.3694494],[-5.8001366999999995,43.3704453],[-5.8053633,43.369982699999994],[-5.808393199999999,43.37035800000001],[-5.8086458,43.373211999999995],[-5.8100167,43.3742526],[-5.8106761,43.375288499999996],[-5.810308799999998,43.377140400000016],[-5.813152099999999,43.375718000000006],[-5.8141414000000005,43.3762866],[-5.815321800000001,43.3765542]]]}},{"type":"Feature","properties":{"name":"Ventanielles","level":10},"geometry":{"type":"Polygon","coordinates":[[[-5.8199428,43.371792899999996],[-5.819168899999999,43.369909199999995],[-5.819196299999999,43.36926729999999],[-5.823012500000001,43.3685],[-5.8337452999999995,43.3651122],[-5.833265999999999,43.3660667],[-5.8345687,43.36779380000001],[-5.831595499999999,43.36888059999999],[-5.8281715,43.371028200000005],[-5.8254318,43.370395399999985],[-5.8232964,43.3703576],[-5.8216346,43.37089989999999],[-5.8199428,43.371792899999996]]]}},{"type":"Feature","properties":{"name":"El Cristo","level":10},"geometry":{"type":"Polygon","coordinates":[[[-5.872662099999999,43.351382199999996],[-5.8747191,43.3517185],[-5.875559699999999,43.35288479999999],[-5.874223899999999,43.354539599999995],[-5.872853699999999,43.355138399999994],[-5.873659700000001,43.35635990000001],[-5.870563,43.357332299999996],[-5.869824699999999,43.35670060000001],[-5.8658769,43.35762330000001],[-5.865176099999999,43.356945],[-5.8601542,43.356209899999996],[-5.8565011999999985,43.356699199999994],[-5.8552648,43.35673119999999],[-5.854605699999999,43.35649269999999],[-5.8557076,43.3556826],[-5.856183899999999,43.354852599999994],[-5.8568784,43.3548849],[-5.861785200000001,43.35382109999999],[-5.862604500000001,43.35427990000001],[-5.8642387000000005,43.35345319999999],[-5.865682500000001,43.35425239999999],[-5.86665,43.3538419],[-5.8688867,43.3534],[-5.8704415,43.3527061],[-5.8730278,43.3522827],[-5.872662099999999,43.351382199999996]]]}},{"type":"Feature","properties":{"name":"Pumarín","level":10},"geometry":{"type":"Polygon","coordinates":[[[-5.836372700000001,43.3674638],[-5.8390629999999994,43.367014299999994],[-5.841982600000001,43.36591909999999],[-5.850594000000001,43.367382499999984],[-5.852302100000001,43.3674206],[-5.853334299999999,43.367944399999985],[-5.846720100000001,43.37319629999998],[-5.843844,43.3724474],[-5.8412272,43.37136419999999],[-5.840354,43.3713014],[-5.8394833,43.3715562],[-5.8377916999999995,43.371084999999994],[-5.837718699999999,43.3703961],[-5.839002300000001,43.36866539999999],[-5.836596400000001,43.3680804],[-5.836372700000001,43.3674638]]]}},{"type":"Feature","properties":{"name":"Barros","level":10},"geometry":{"type":"Polygon","coordinates":[[[-5.697781600000001,43.31675119999999],[-5.698172400000001,43.3168228],[-5.698152199999999,43.316367499999984],[-5.698672799999998,43.315962000000006],[-5.6998285,43.31614419999999],[-5.7011677,43.3155683],[-5.701381900000001,43.3152081],[-5.705304000000001,43.31251010000001],[-5.7062764,43.3131825],[-5.7070536,43.3143225],[-5.7097073,43.31600079999999],[-5.7109274,43.3165099],[-5.7140322,43.3170007],[-5.7153695,43.31790989999999],[-5.7167411,43.3198403],[-5.717995599999999,43.3209763],[-5.7174423999999995,43.321433199999994],[-5.7174382999999995,43.322241],[-5.7131131,43.3215832],[-5.7109141,43.32165530000001],[-5.709547800000001,43.3220162],[-5.7086537,43.3215604],[-5.7088633,43.321811899999986],[-5.7084724,43.3218971],[-5.7075042,43.3213524],[-5.707042599999999,43.32045389999999],[-5.706212099999999,43.31998740000001],[-5.705599900000002,43.32026890000001],[-5.704838999999999,43.3202806],[-5.704756700000001,43.320104199999996],[-5.7052854,43.32003989999999],[-5.705223,43.3196317],[-5.7056869,43.31929159999999],[-5.705428,43.318711799999996],[-5.7058464,43.31818650000001],[-5.704785099999999,43.3170159],[-5.702411,43.316406799999996],[-5.7017185,43.31636029999999],[-5.701404100000001,43.31659160000001],[-5.7007618,43.3164736],[-5.698928099999999,43.31816739999999],[-5.697644,43.3183774],[-5.697755699999999,43.317844099999995],[-5.697293000000001,43.3175977],[-5.697781600000001,43.31675119999999]]]}},{"type":"Feature","properties":{"name":"Riañu","level":10},"geometry":{"type":"Polygon","coordinates":[[[-5.7140322,43.3170007],[-5.714238199999999,43.3167683],[-5.7145003,43.31683300000001],[-5.716024599999998,43.31789919999999],[-5.717090099999999,43.3182304],[-5.718898599999999,43.319288400000005],[-5.7185153,43.3197263],[-5.7235033,43.322643799999994],[-5.724546699999999,43.323038000000004],[-5.7258821,43.32316569999999],[-5.7273407999999995,43.3229092],[-5.727553999999999,43.322462],[-5.7297668,43.32142170000001],[-5.7330855,43.32056559999999],[-5.734983799999999,43.3207284],[-5.7364804,43.32029260000001],[-5.7394625,43.320262699999994],[-5.738538499999999,43.321025699999986],[-5.740181499999999,43.321983499999995],[-5.735715999999999,43.32331200000001],[-5.731384299999999,43.3257124],[-5.730679,43.32587579999999],[-5.730357899999999,43.3263823],[-5.7269524999999994,43.328661499999995],[-5.7225501,43.33025080000001],[-5.7191651,43.3324527],[-5.718020999999999,43.3311062],[-5.7154566,43.3293631],[-5.7157634,43.3265455],[-5.7162566,43.32605289999999],[-5.715769599999998,43.3253998],[-5.7171518,43.325150199999996],[-5.717950699999999,43.324466500000014],[-5.7178952,43.323204399999995],[-5.717194799999999,43.32230159999999],[-5.7174382999999995,43.322241],[-5.7174423999999995,43.321433199999994],[-5.717995599999999,43.3209763],[-5.7167411,43.3198403],[-5.7153695,43.31790989999999],[-5.7140322,43.3170007]]]}},{"type":"Feature","properties":{"name":"Llangréu / Langreo","level":9},"geometry":{"type":"Polygon","coordinates":[[[-5.6669125,43.290411000000006],[-5.6621256,43.2905947],[-5.6556232,43.2893143],[-5.654541899999999,43.288826099999994],[-5.652666699999999,43.28708679999998],[-5.651000500000001,43.286803000000006],[-5.6507977,43.2858709],[-5.6501818,43.2855187],[-5.6517878999999995,43.285565999999996],[-5.6542267,43.2864194],[-5.6563518,43.28777219999999],[-5.6572043999999995,43.2879756],[-5.658615700000001,43.287878299999996],[-5.658606,43.2876985],[-5.661754899999999,43.28775749999999],[-5.661563600000001,43.286319600000006],[-5.662297999999999,43.2865499],[-5.6623957,43.287525499999994],[-5.662823,43.287572999999995],[-5.6628076,43.2878147],[-5.664816,43.28797140000001],[-5.6648437,43.28779140000001],[-5.666228000000001,43.28767830000001],[-5.666552799999999,43.28714879999998],[-5.667463,43.286986600000006],[-5.669258200000001,43.28528899999999],[-5.669689699999999,43.2852311],[-5.6696282999999985,43.28393689999999],[-5.670128299999999,43.283914799999984],[-5.670258199999999,43.28296019999999],[-5.669298899999999,43.282731700000014],[-5.669257400000001,43.2825479],[-5.670826,43.2801273],[-5.671434199999998,43.2796356],[-5.6736663,43.2790815],[-5.671063699999999,43.28109069999999],[-5.6711884999999995,43.28197829999999],[-5.670454199999999,43.282913799999996],[-5.670529799999999,43.28338779999999],[-5.6709984,43.28379340000001],[-5.670667899999999,43.2840364],[-5.6704277,43.284913800000005],[-5.671059799999999,43.2856388],[-5.6711781,43.2873523],[-5.672363799999999,43.2879571],[-5.673933900000001,43.2874016],[-5.6749789,43.28742909999999],[-5.6754374,43.288562199999994],[-5.6748998,43.289250799999984],[-5.674963,43.2897788],[-5.678608,43.290307199999994],[-5.6794376,43.2902454],[-5.680209199999999,43.28975729999999],[-5.6805864,43.28988400000001],[-5.681189299999999,43.2905584],[-5.681234299999998,43.29123899999999],[-5.684118099999999,43.293246800000006],[-5.684629200000001,43.2932811],[-5.685560899999999,43.29265029999999],[-5.6880823,43.292117],[-5.6881984999999995,43.29189100000001],[-5.690779200000001,43.2915093],[-5.691027,43.29183530000001],[-5.6905309,43.2920355],[-5.690670900000001,43.2922341],[-5.6900229,43.29264429999999],[-5.689942199999999,43.29309539999999],[-5.688942099999999,43.2933061],[-5.689698000000001,43.2939824],[-5.6900687,43.2940175],[-5.690501500000001,43.2935933],[-5.690509999999999,43.29311489999999],[-5.6910978000000005,43.292638499999995],[-5.691653299999999,43.292835999999994],[-5.6924169,43.29247769999999],[-5.6927723,43.29294689999999],[-5.6925459,43.2932117],[-5.690746700000001,43.2940639],[-5.6903865,43.294509299999994],[-5.688238900000001,43.29505170000001],[-5.6878484999999985,43.29485319999999],[-5.687492699999999,43.2952632],[-5.687173799999999,43.2952137],[-5.6865573,43.2959863],[-5.6860993,43.296009700000006],[-5.686085799999999,43.295780799999996],[-5.685411599999999,43.295391599999995],[-5.6853794,43.29629559999999],[-5.6867119,43.2971584],[-5.6881887,43.2961314],[-5.6887789,43.2961913],[-5.6892794,43.296864899999996],[-5.6890977,43.29736629999999],[-5.690001799999999,43.2980114],[-5.6894272,43.29844949999999],[-5.6930471,43.301535300000005],[-5.693767599999999,43.3012808],[-5.695277900000001,43.29999500000001],[-5.6967118999999995,43.296985299999996],[-5.6975826,43.296803700000005],[-5.6980703,43.296965900000004],[-5.7008811999999995,43.29697749999999],[-5.701130999999999,43.29724809999999],[-5.7008317,43.2977232],[-5.7010709,43.29841239999998],[-5.700749000000001,43.2996927],[-5.7011164999999995,43.300208700000006],[-5.7009072000000005,43.3012914],[-5.701148399999999,43.3011474],[-5.702254999999999,43.301508799999986],[-5.7029704,43.3011425],[-5.702707300000001,43.30003610000001],[-5.703645699999999,43.3000933],[-5.704393399999999,43.30107329999999],[-5.7055694,43.301477000000006],[-5.7056072,43.30083740000001],[-5.7062037,43.29987439999999],[-5.7068536,43.299854800000006],[-5.706986299999999,43.300077699999996],[-5.7077586,43.29931150000001],[-5.707928599999998,43.29941449999998],[-5.7072158,43.30060370000001],[-5.707205999999999,43.3008448],[-5.7075782,43.3008513],[-5.707753799999999,43.30120480000001],[-5.706439400000001,43.30182130000001],[-5.7067334,43.3021235],[-5.7066125,43.302360199999995],[-5.7072358,43.30197729999999],[-5.7086568,43.30161089999999],[-5.708297399999999,43.3015935],[-5.7082272,43.3010918],[-5.7088683,43.3009814],[-5.7088478,43.3007931],[-5.709522100000001,43.300435],[-5.710060299999999,43.300793999999996],[-5.710729300000001,43.30048799999999],[-5.711359399999999,43.2997158],[-5.712471999999999,43.298975],[-5.7131059,43.299420899999994],[-5.7117653,43.3000553],[-5.7112308999999994,43.300590899999996],[-5.711468599999999,43.300806899999984],[-5.7128983,43.3003225],[-5.713429499999999,43.30063389999999],[-5.7137759,43.29999389999999],[-5.714658399999999,43.30008289999999],[-5.716922299999998,43.299798599999995],[-5.715895899999998,43.3006207],[-5.7143644,43.300692899999994],[-5.713353000000001,43.301033600000004],[-5.7113849,43.30224029999999],[-5.711069899999999,43.30186280000001],[-5.710385099999999,43.30237290000001],[-5.709978700000001,43.3019413],[-5.7093501,43.3022216],[-5.708646000000001,43.3026617],[-5.7090863999999995,43.303396],[-5.708004700000001,43.3037591],[-5.707581200000001,43.303687700000005],[-5.7071154,43.30439169999999],[-5.705801200000001,43.304677500000004],[-5.705886100000001,43.304901300000004],[-5.705245699999999,43.3052448],[-5.704841299999999,43.3067336],[-5.7066942,43.3080557],[-5.706309000000001,43.30845819999998],[-5.7058918,43.3084264],[-5.7053227,43.3090962],[-5.706114299999999,43.31025460000001],[-5.705980799999998,43.31058829999999],[-5.7056903,43.310553000000006],[-5.706919199999999,43.313418199999994],[-5.7078785,43.314397500000005],[-5.710766,43.316085000000015],[-5.714667999999999,43.31690849999999],[-5.715654799999999,43.317699000000005],[-5.717090099999999,43.3182304],[-5.718898599999999,43.319288400000005],[-5.7185153,43.3197263],[-5.7235033,43.322643799999994],[-5.724546699999999,43.323038000000004],[-5.7258821,43.32316569999999],[-5.7273407999999995,43.3229092],[-5.727553999999999,43.322462],[-5.7297668,43.32142170000001],[-5.7330855,43.32056559999999],[-5.734983799999999,43.3207284],[-5.7364804,43.32029260000001],[-5.7394625,43.320262699999994],[-5.738538499999999,43.321025699999986],[-5.740181499999999,43.321983499999995],[-5.735715999999999,43.32331200000001],[-5.731384299999999,43.3257124],[-5.730679,43.32587579999999],[-5.730357899999999,43.3263823],[-5.7269524999999994,43.328661499999995],[-5.7225501,43.33025080000001],[-5.7191651,43.3324527],[-5.718020999999999,43.3311062],[-5.7157043,43.3296582],[-5.7153855,43.329094299999994],[-5.715780999999999,43.326479799999994],[-5.7162566,43.32605289999999],[-5.715769599999998,43.3253998],[-5.7171518,43.325150199999996],[-5.717950699999999,43.324466500000014],[-5.717908899999999,43.323243999999995],[-5.717384900000002,43.3223764],[-5.7165022,43.3220144],[-5.7131131,43.3215832],[-5.7109141,43.32165530000001],[-5.709547800000001,43.3220162],[-5.7086537,43.3215604],[-5.708795799999999,43.32187999999999],[-5.7081088,43.3217702],[-5.7075042,43.3213524],[-5.707042599999999,43.32045389999999],[-5.706212099999999,43.31998740000001],[-5.705599900000002,43.32026890000001],[-5.704838999999999,43.3202806],[-5.704756700000001,43.320104199999996],[-5.7052854,43.32003989999999],[-5.705223,43.3196317],[-5.7056869,43.31929159999999],[-5.705428,43.318711799999996],[-5.7058464,43.31818650000001],[-5.7048602,43.3170614],[-5.703354100000001,43.316570299999995],[-5.7017185,43.31636029999999],[-5.701404100000001,43.31659160000001],[-5.7007618,43.3164736],[-5.698928099999999,43.31816739999999],[-5.697644,43.3183774],[-5.697755699999999,43.317844099999995],[-5.697293000000001,43.3175977],[-5.697781600000001,43.31675119999999],[-5.6966014,43.315487299999994],[-5.6959862999999995,43.3151657],[-5.694191600000001,43.31475180000002],[-5.693352,43.3151676],[-5.692470599999999,43.314949899999995],[-5.6916942,43.31543159999999],[-5.6913521,43.3151045],[-5.691154999999998,43.3154395],[-5.6903743,43.3151384],[-5.689681799999999,43.31525819999999],[-5.689597699999999,43.31565839999999],[-5.6890066,43.3156136],[-5.6883268000000005,43.31602490000001],[-5.6886828,43.315308],[-5.6879524,43.314950100000004],[-5.687572,43.31527729999999],[-5.687079199999999,43.315329299999995],[-5.686753799999999,43.31580259999999],[-5.6866048,43.3165647],[-5.686997399999999,43.3170924],[-5.6862307,43.317285],[-5.685987199999999,43.316914],[-5.6853613,43.316710699999994],[-5.684900400000001,43.316893900000004],[-5.6849855,43.3172206],[-5.6845936,43.3176806],[-5.6833346,43.317790499999994],[-5.6830893,43.318405299999995],[-5.682029199999999,43.318612899999984],[-5.681696,43.31851559999999],[-5.681766099999999,43.317695699999994],[-5.6812124,43.317121400000005],[-5.681165299999999,43.316614],[-5.6815916999999985,43.316332799999984],[-5.6811444,43.3158309],[-5.682150299999999,43.315601699999995],[-5.682715700000001,43.3157413],[-5.6847779,43.313668],[-5.683349300000001,43.3137916],[-5.683097599999998,43.3139901],[-5.682268400000001,43.3139941],[-5.6821316,43.313793999999994],[-5.6813944,43.31401060000001],[-5.681147599999999,43.3137579],[-5.6806238,43.31378480000001],[-5.679762799999999,43.31388189999999],[-5.6784971,43.314636799999995],[-5.6778863,43.3157376],[-5.676963500000001,43.31515079999999],[-5.675030300000001,43.315609],[-5.6751025,43.3161939],[-5.674193800000001,43.31647469999999],[-5.674183299999999,43.31727979999999],[-5.6735971,43.31756099999999],[-5.672863399999999,43.31866569999998],[-5.672530199999999,43.31840239999998],[-5.671818,43.31881070000001],[-5.671411299999999,43.3194478],[-5.670592100000001,43.319198300000004],[-5.6707622,43.3187358],[-5.670115499999999,43.31847109999999],[-5.6706443,43.3176065],[-5.671744,43.3178885],[-5.6721913,43.317554600000015],[-5.6708951,43.31664469999999],[-5.6723451,43.31525609999999],[-5.6725302,43.3145687],[-5.6734703,43.3142312],[-5.6733163,43.31399580000001],[-5.6742,43.3133986],[-5.6732380000000004,43.31310309999999],[-5.6732381,43.3127849],[-5.6737212,43.312582400000004],[-5.6735694,43.31244720000001],[-5.673917799999999,43.312197000000005],[-5.6737466,43.31191749999999],[-5.6740212,43.311559399999986],[-5.674853299999999,43.3114539],[-5.6760925,43.31032950000001],[-5.678096999999999,43.30949359999999],[-5.6784035,43.308952500000004],[-5.678152899999998,43.3085558],[-5.6783093000000004,43.308284799999996],[-5.679288899999999,43.30863259999998],[-5.6801757,43.308264099999995],[-5.680352399999999,43.3084188],[-5.6818411,43.3079577],[-5.6825211,43.30795239999999],[-5.6834115999999995,43.3074487],[-5.6860384,43.307115],[-5.686717200000001,43.30675509999999],[-5.686904600000001,43.306199100000015],[-5.687165299999999,43.3062401],[-5.6869922,43.305794],[-5.687833100000001,43.3044416],[-5.6871621999999995,43.3043985],[-5.6876007,43.30378890000001],[-5.6873015,43.3029619],[-5.6876194,43.302455400000014],[-5.686751299999998,43.30163299999999],[-5.68497,43.301443099999986],[-5.6843982,43.3012448],[-5.6842004,43.30081189999999],[-5.6835074,43.3011508],[-5.684660599999999,43.302300499999994],[-5.6842646000000006,43.30319719999999],[-5.685058999999999,43.303075],[-5.685020500000001,43.3035363],[-5.6845474,43.3036976],[-5.683909,43.30302880000001],[-5.682821299999999,43.30280139999999],[-5.683190899999999,43.302384399999994],[-5.682988899999999,43.30187399999999],[-5.682567199999999,43.30202119999999],[-5.6824506,43.3013228],[-5.6816694,43.3012666],[-5.681764399999999,43.3009794],[-5.681396399999999,43.30080229999999],[-5.68212,43.30040880000001],[-5.6818726999999996,43.2999149],[-5.681648499999999,43.2999948],[-5.6811378999999995,43.299684600000006],[-5.6821525,43.298923499999994],[-5.6815692,43.298421899999994],[-5.6816796,43.29819849999999],[-5.6793851,43.297610799999994],[-5.6787545999999995,43.29767180000001],[-5.6786237,43.29687950000001],[-5.678154,43.296535899999995],[-5.6776863,43.296550599999996],[-5.677520499999999,43.296265699999985],[-5.6770573,43.296425],[-5.677011499999999,43.2959943],[-5.674837799999999,43.29729009999999],[-5.674733,43.2976191],[-5.67389,43.29793259999999],[-5.672748100000001,43.29822599999999],[-5.670312699999999,43.29841349999999],[-5.6681381,43.29916879999998],[-5.668214599999999,43.29830739999999],[-5.6677977,43.297462800000005],[-5.668000799999999,43.2969956],[-5.669673899999999,43.29556349999999],[-5.6732222000000005,43.293575999999995],[-5.6735535,43.29314010000001],[-5.670843299999999,43.29181679999999],[-5.6700752,43.292924599999985],[-5.667731600000001,43.291126399999996],[-5.668101099999999,43.29066859999999],[-5.666663599999998,43.2905999],[-5.6669125,43.290411000000006]]]}},{"type":"Feature","properties":{"name":"La Felguera","level":9},"geometry":{"type":"Polygon","coordinates":[[[-5.6811489,43.29967220000001],[-5.681648499999999,43.2999948],[-5.6818726999999996,43.2999149],[-5.682078599999999,43.30023709999999],[-5.68212,43.30040880000001],[-5.681393599999999,43.3007286],[-5.681764399999999,43.3009794],[-5.6816694,43.3012666],[-5.6824506,43.3013228],[-5.682567199999999,43.30202119999999],[-5.682988899999999,43.30187399999999],[-5.683190899999999,43.302384399999994],[-5.682799599999999,43.30277799999999],[-5.683909,43.30302880000001],[-5.6845474,43.3036976],[-5.685020500000001,43.3035363],[-5.685058999999999,43.303075],[-5.6842646000000006,43.30319719999999],[-5.684660599999999,43.302300499999994],[-5.683657600000001,43.3014951],[-5.6835074,43.3011508],[-5.6839018,43.30088390000001],[-5.6842004,43.30081189999999],[-5.6843982,43.3012448],[-5.68497,43.301443099999986],[-5.686751299999998,43.30163299999999],[-5.687287599999999,43.302024399999986],[-5.687142899999999,43.30218140000001],[-5.6876194,43.302455400000014],[-5.6873015,43.3029619],[-5.6876056,43.303766999999986],[-5.6871621999999995,43.3043985],[-5.687833100000001,43.3044416],[-5.6869922,43.305794],[-5.687165299999999,43.3062401],[-5.686904600000001,43.306199100000015],[-5.686717200000001,43.30675509999999],[-5.686191899999999,43.30706219999998],[-5.6834115999999995,43.3074487],[-5.6824493,43.30796999999999],[-5.6818411,43.3079577],[-5.680352399999999,43.3084188],[-5.6801757,43.308264099999995],[-5.6792565,43.308638300000005],[-5.6783093000000004,43.308284799999996],[-5.678152899999998,43.3085558],[-5.6784035,43.308952500000004],[-5.678096999999999,43.30949359999999],[-5.6760925,43.31032950000001],[-5.674853299999999,43.3114539],[-5.6740212,43.311559399999986],[-5.6737466,43.31191749999999],[-5.673917799999999,43.312197000000005],[-5.6735694,43.31244720000001],[-5.6737212,43.312582400000004],[-5.6732381,43.3127849],[-5.6732380000000004,43.31310309999999],[-5.6742,43.3133986],[-5.6733163,43.31399580000001],[-5.6734703,43.3142312],[-5.6725302,43.3145687],[-5.6723451,43.31525609999999],[-5.6708951,43.31664469999999],[-5.6721913,43.317554600000015],[-5.671744,43.3178885],[-5.6706443,43.3176065],[-5.670115499999999,43.31847109999999],[-5.6707622,43.3187358],[-5.670592100000001,43.319198300000004],[-5.671411299999999,43.3194478],[-5.671818,43.31881070000001],[-5.672530199999999,43.31840239999998],[-5.672863399999999,43.31866569999998],[-5.6735971,43.31756099999999],[-5.674183299999999,43.31727979999999],[-5.674193800000001,43.31647469999999],[-5.6751025,43.3161939],[-5.675030300000001,43.315609],[-5.676963500000001,43.31515079999999],[-5.6778863,43.3157376],[-5.6784971,43.314636799999995],[-5.679762799999999,43.31388189999999],[-5.681147599999999,43.3137579],[-5.6813944,43.31401060000001],[-5.6821316,43.313793999999994],[-5.682268400000001,43.3139941],[-5.683097599999998,43.3139901],[-5.683349300000001,43.3137916],[-5.6847779,43.313668],[-5.682715700000001,43.3157413],[-5.682150299999999,43.315601699999995],[-5.6811444,43.3158309],[-5.6815916999999985,43.316332799999984],[-5.681165299999999,43.316614],[-5.6812124,43.317121400000005],[-5.681766099999999,43.317695699999994],[-5.681696,43.31851559999999],[-5.682029199999999,43.318612899999984],[-5.6830893,43.318405299999995],[-5.6833346,43.317790499999994],[-5.6845936,43.3176806],[-5.6849855,43.3172206],[-5.684900400000001,43.316893900000004],[-5.6853613,43.316710699999994],[-5.685987199999999,43.316914],[-5.6862307,43.317285],[-5.686997399999999,43.3170924],[-5.6866048,43.3165647],[-5.686753799999999,43.31580259999999],[-5.687079199999999,43.315329299999995],[-5.687572,43.31527729999999],[-5.6879524,43.314950100000004],[-5.6886828,43.315308],[-5.6883268000000005,43.31602490000001],[-5.6890066,43.3156136],[-5.689597699999999,43.31565839999999],[-5.689827299999999,43.31521609999999],[-5.6908713,43.3151882],[-5.691154999999998,43.3154395],[-5.6913521,43.3151045],[-5.6916942,43.31543159999999],[-5.692470599999999,43.314949899999995],[-5.693352,43.3151676],[-5.694191600000001,43.31475180000002],[-5.6966014,43.315487299999994],[-5.697781600000001,43.31675119999999],[-5.697293000000001,43.3175977],[-5.697755699999999,43.317844099999995],[-5.697644,43.3183774],[-5.698928099999999,43.31816739999999],[-5.7007618,43.3164736],[-5.701404100000001,43.31659160000001],[-5.7012236,43.3182142],[-5.700416299999999,43.31972940000001],[-5.697593199999999,43.3217019],[-5.695082599999999,43.3204175],[-5.6941641,43.321191999999996],[-5.691346099999999,43.322401899999996],[-5.691278,43.3235184],[-5.688840900000001,43.32537680000001],[-5.6888552,43.32673439999999],[-5.687334500000001,43.32909999999999],[-5.685598299999999,43.32946959999999],[-5.6837086,43.329463999999994],[-5.6826951999999995,43.32979509999999],[-5.682124699999999,43.33084479999999],[-5.680716999999999,43.332323599999995],[-5.665972499999999,43.33972039999999],[-5.663145699999999,43.3376166],[-5.6626377,43.337568799999985],[-5.6629559999999985,43.3362631],[-5.664374399999999,43.33362139999999],[-5.6654444,43.3330426],[-5.665391999999999,43.33128679999999],[-5.664561699999999,43.33077910000001],[-5.6635794,43.3294197],[-5.661288,43.32337489999999],[-5.659188400000001,43.3205876],[-5.6599034999999995,43.3204079],[-5.6602092,43.320051699999986],[-5.661632200000001,43.31976250000002],[-5.662991599999999,43.31870839999999],[-5.663345200000001,43.3188292],[-5.663882999999999,43.3171371],[-5.6635908,43.316798500000004],[-5.661868500000001,43.3165825],[-5.6619354,43.31624740000001],[-5.6611025999999995,43.3154807],[-5.661237300000001,43.3152036],[-5.6601774,43.3144659],[-5.6596622,43.313501099999996],[-5.659718799999999,43.31292809999999],[-5.6602952,43.31230719999999],[-5.660562200000001,43.3124439],[-5.660465299999999,43.312839199999985],[-5.661258599999999,43.31270159999999],[-5.6621531,43.31301429999999],[-5.66259,43.31293269999999],[-5.6631678999999995,43.31234750000001],[-5.664337399999999,43.3119462],[-5.6650960999999995,43.312285800000005],[-5.6653655,43.3121795],[-5.6654495,43.31119129999999],[-5.664912699999999,43.311225199999996],[-5.664837199999999,43.310841],[-5.662173,43.3110175],[-5.6620824,43.31118399999999],[-5.6611003,43.31110679999998],[-5.6616398,43.3106868],[-5.661406799999999,43.310506499999995],[-5.661544900000001,43.3094098],[-5.6611426,43.3091618],[-5.659302500000001,43.3100551],[-5.658396800000001,43.309933300000004],[-5.6571748,43.31019040000001],[-5.6559084,43.30979430000001],[-5.654140899999998,43.30787589999999],[-5.6520599,43.30656419999999],[-5.6516946,43.30581509999999],[-5.650604599999999,43.30505419999999],[-5.6491372,43.304616499999995],[-5.6486804,43.30415169999999],[-5.654478199999999,43.2998258],[-5.6542546,43.3018921],[-5.6558857,43.301596899999986],[-5.656313399999999,43.30213019999999],[-5.655744099999999,43.302839],[-5.6550326,43.303004400000006],[-5.654895299999998,43.304021299999995],[-5.6562402,43.305838800000004],[-5.657285199999999,43.3049664],[-5.6589011,43.3049193],[-5.659843099999999,43.30467819999999],[-5.660270499999999,43.30430609999999],[-5.660776199999999,43.304532599999995],[-5.663058299999999,43.304614],[-5.6629771,43.305592700000005],[-5.6634587,43.305714900000005],[-5.6642288,43.30482500000001],[-5.6656513,43.30438209999999],[-5.665626499999999,43.30378609999999],[-5.666186500000001,43.3029326],[-5.6679259,43.30183430000001],[-5.669265900000001,43.299658900000004],[-5.6698025,43.299398599999996],[-5.6705949,43.2999138],[-5.6726619000000005,43.3005996],[-5.676732299999999,43.3008141],[-5.6811489,43.29967220000001]]]}},{"type":"Feature","properties":{"name":"Riañu","level":9},"geometry":{"type":"Polygon","coordinates":[[[-5.697875499999999,43.3343883],[-5.701521099999999,43.33041250000001],[-5.701889400000001,43.32900300000001],[-5.702797999999998,43.3295188],[-5.706103799999999,43.3303311],[-5.706322300000001,43.329373],[-5.7085249,43.32665269999999],[-5.709382700000001,43.3242215],[-5.7101559,43.32443899999999],[-5.711319399999999,43.32312449999999],[-5.711214299999998,43.32292489999999],[-5.711581499999999,43.322928099999984],[-5.711807199999999,43.3224999],[-5.7123265000000005,43.32225530000001],[-5.7130796,43.3221302],[-5.7131172999999995,43.322427099999985],[-5.7136057,43.322403599999994],[-5.7148565,43.3219153],[-5.714838299999999,43.32174179999999],[-5.7165022,43.3220144],[-5.7174102,43.32240519999999],[-5.717908899999999,43.323243999999995],[-5.717950699999999,43.324466500000014],[-5.7171518,43.325150199999996],[-5.715769599999998,43.3253998],[-5.7162566,43.32605289999999],[-5.715780999999999,43.326479799999994],[-5.7153855,43.329094299999994],[-5.7157043,43.3296582],[-5.718020999999999,43.3311062],[-5.7191651,43.3324527],[-5.7225501,43.33025080000001],[-5.7269524999999994,43.328661499999995],[-5.730357899999999,43.3263823],[-5.730679,43.32587579999999],[-5.731384299999999,43.3257124],[-5.735715999999999,43.32331200000001],[-5.740181499999999,43.321983499999995],[-5.738538499999999,43.321025699999986],[-5.7394625,43.320262699999994],[-5.7364804,43.32029260000001],[-5.734983799999999,43.3207284],[-5.7329943,43.3205827],[-5.729577699999999,43.3214782],[-5.727553999999999,43.322462],[-5.7273407999999995,43.3229092],[-5.7251620999999995,43.3231282],[-5.7235033,43.322643799999994],[-5.7185153,43.3197263],[-5.7204047,43.318030400000005],[-5.722140400000001,43.317445899999996],[-5.7229814,43.316332400000015],[-5.725116699999998,43.31746079999999],[-5.726328799999998,43.3167672],[-5.727152099999999,43.3159185],[-5.726855799999999,43.31550279999999],[-5.7277685,43.31547499999999],[-5.727503799999999,43.31480950000001],[-5.729140000000001,43.314191499999986],[-5.7291512,43.3133479],[-5.729607400000001,43.3127772],[-5.733111599999998,43.31256479999999],[-5.7342992,43.312858],[-5.734942299999999,43.31279259999999],[-5.734885799999998,43.31240799999999],[-5.7336405,43.3117017],[-5.733480999999999,43.311272],[-5.731812099999998,43.31043039999999],[-5.7323875,43.310166499999994],[-5.732416999999999,43.3098351],[-5.733916899999999,43.310008399999994],[-5.734329,43.309812699999995],[-5.735362299999999,43.31003540000001],[-5.7368252,43.31064949999998],[-5.7372441,43.311258900000006],[-5.7388203,43.3120311],[-5.743625799999999,43.31304699999999],[-5.7438187,43.312185199999995],[-5.744722999999998,43.3118002],[-5.744762399999999,43.31140609999999],[-5.748584300000001,43.3122263],[-5.750110199999999,43.31278519999999],[-5.7517888,43.31238739999999],[-5.7527424,43.31255509999999],[-5.7538442,43.31202819999999],[-5.7567702,43.31180290000001],[-5.759365399999999,43.31260859999999],[-5.7592901,43.31312359999999],[-5.7601254,43.31359870000001],[-5.7598568,43.313929300000005],[-5.7580926,43.3147283],[-5.7573309,43.31697059999999],[-5.7561937,43.31854680000001],[-5.7561291,43.3190255],[-5.7571963,43.32107969999999],[-5.756995899999999,43.322102],[-5.757346200000001,43.323029999999996],[-5.758349,43.324203299999986],[-5.758486199999999,43.32505539999999],[-5.7577916,43.32660289999999],[-5.757831399999999,43.32884389999999],[-5.7562187,43.32972920000001],[-5.7549394,43.33089449999999],[-5.755336300000001,43.3323076],[-5.7551271999999996,43.3334111],[-5.7505698999999995,43.3387432],[-5.744277299999999,43.33378929999999],[-5.741983,43.3351589],[-5.7376564,43.3357759],[-5.7345203,43.3348875],[-5.7326552999999985,43.337309199999986],[-5.7316291,43.3375318],[-5.729821899999999,43.3384934],[-5.7266964,43.33949540000001],[-5.7215289,43.34062699999999],[-5.720556199999998,43.3431534],[-5.715921599999999,43.343245599999996],[-5.711098100000001,43.34546709999999],[-5.710565600000001,43.3459749],[-5.704949500000001,43.343974],[-5.703452899999999,43.3413893],[-5.702281400000001,43.3352852],[-5.697875499999999,43.3343883]]]}},{"type":"Feature","properties":{"name":"Barros","level":9},"geometry":{"type":"Polygon","coordinates":[[[-5.697875499999999,43.3343883],[-5.6828251,43.3312865],[-5.680716999999999,43.332323599999995],[-5.682124699999999,43.33084479999999],[-5.6826951999999995,43.32979509999999],[-5.6837086,43.329463999999994],[-5.685598299999999,43.32946959999999],[-5.687334500000001,43.32909999999999],[-5.6888552,43.32673439999999],[-5.688840900000001,43.32537680000001],[-5.691278,43.3235184],[-5.691346099999999,43.322401899999996],[-5.6941641,43.321191999999996],[-5.695082599999999,43.3204175],[-5.697593199999999,43.3217019],[-5.700416299999999,43.31972940000001],[-5.7012236,43.3182142],[-5.7014039,43.3165883],[-5.7017185,43.31636029999999],[-5.702411,43.316406799999996],[-5.704997199999999,43.3171704],[-5.7058464,43.31818650000001],[-5.705428,43.318711799999996],[-5.7056869,43.31929159999999],[-5.705223,43.3196317],[-5.7052854,43.32003989999999],[-5.704756700000001,43.320104199999996],[-5.704838999999999,43.3202806],[-5.705599900000002,43.32026890000001],[-5.706212099999999,43.31998740000001],[-5.707042599999999,43.32045389999999],[-5.7075042,43.3213524],[-5.7081088,43.3217702],[-5.708795799999999,43.32187999999999],[-5.7086537,43.3215604],[-5.709547800000001,43.3220162],[-5.7109141,43.32165530000001],[-5.7131131,43.3215832],[-5.714838299999999,43.32174179999999],[-5.7148565,43.3219153],[-5.7136057,43.322403599999994],[-5.7131172999999995,43.322427099999985],[-5.7129077,43.32211650000001],[-5.711901799999999,43.3224262],[-5.711581499999999,43.322928099999984],[-5.711214299999998,43.32292489999999],[-5.711319399999999,43.32312449999999],[-5.7101559,43.32443899999999],[-5.709382700000001,43.3242215],[-5.7085249,43.32665269999999],[-5.706322300000001,43.329373],[-5.706103799999999,43.3303311],[-5.702797999999998,43.3295188],[-5.701889400000001,43.32900300000001],[-5.701521099999999,43.33041250000001],[-5.697875499999999,43.3343883]]]}},{"type":"Feature","properties":{"name":"Celles / Ceis","level":9},"geometry":{"type":"MultiPolygon","coordinates":[[[[-5.6810705,43.4058923],[-5.6822714,43.40641479999999],[-5.6815906,43.40809680000001],[-5.679826799999999,43.407337],[-5.6810705,43.4058923]]],[[[-5.685213000000001,43.417813200000005],[-5.6834899,43.4176736],[-5.6835631,43.4168165],[-5.6838736,43.4165752],[-5.6849646,43.41694570000001],[-5.685213000000001,43.417813200000005]]],[[[-5.675296200000001,43.43971849999999],[-5.6758194,43.437572300000014],[-5.674496799999999,43.4364417],[-5.6739891,43.43473379999998],[-5.672814899999999,43.4333207],[-5.6724885999999985,43.430402],[-5.6698322,43.4295547],[-5.6761577,43.423392099999994],[-5.676868000000001,43.42297020000001],[-5.6777028000000005,43.422851599999994],[-5.6815047,43.423905999999995],[-5.6844235,43.422865],[-5.685702099999999,43.4227269],[-5.6872514,43.42312269999999],[-5.6891172,43.42424929999999],[-5.6911917,43.425064799999994],[-5.690464499999999,43.4267747],[-5.6893061,43.428233600000006],[-5.6886651,43.428266699999995],[-5.6871348,43.42914009999999],[-5.685564300000001,43.429105],[-5.6851451,43.429403],[-5.6851721,43.43001459999999],[-5.683318099999999,43.42971599999999],[-5.681190899999999,43.430504299999996],[-5.681075,43.430957199999995],[-5.6818018,43.43314610000001],[-5.680227399999999,43.43890059999999],[-5.679002500000001,43.4394245],[-5.678190899999999,43.440353],[-5.676613999999999,43.44074109999999],[-5.675296200000001,43.43971849999999]]]]}},{"type":"Feature","properties":{"name":"Noreña","level":9},"geometry":{"type":"Polygon","coordinates":[[[-5.72435,43.3862873],[-5.720376700000001,43.38832039999999],[-5.721972300000001,43.3904275],[-5.7209903,43.39121920000001],[-5.720620900000001,43.391202400000005],[-5.7204465,43.3915545],[-5.7199744,43.391524499999996],[-5.719571099999999,43.3918841],[-5.7192738,43.3916356],[-5.7189760000000005,43.3918432],[-5.7193125,43.3931897],[-5.718659,43.3933243],[-5.7184817,43.3944576],[-5.7180384,43.394362799999996],[-5.7177506,43.3947919],[-5.7179827,43.3952511],[-5.7178126,43.3960308],[-5.718473799999999,43.396670499999985],[-5.7189348,43.3985129],[-5.718629600000001,43.399130299999996],[-5.7200259,43.39946799999999],[-5.7182828,43.40090070000001],[-5.718257900000001,43.40148020000001],[-5.7171061000000005,43.401565500000004],[-5.7171717,43.40251369999999],[-5.7158092,43.4047801],[-5.7132674,43.405414099999994],[-5.7124296,43.40626139999999],[-5.7106336,43.40610370000001],[-5.709049,43.4076398],[-5.7067806999999995,43.408970399999994],[-5.706567899999998,43.40762539999999],[-5.7060721,43.407033],[-5.707087899999999,43.406901600000005],[-5.706569200000001,43.4056355],[-5.7051959,43.404575599999994],[-5.703230799999998,43.40368869999999],[-5.702705,43.4031909],[-5.7008253,43.4034624],[-5.699898600000001,43.40166929999999],[-5.7001914,43.401514699999986],[-5.7001065,43.4009501],[-5.699466999999999,43.40050029999999],[-5.6999772,43.399976300000006],[-5.699202499999999,43.3993469],[-5.6983163,43.39774980000001],[-5.6977552,43.395224600000006],[-5.697286199999999,43.394360299999995],[-5.6955112,43.394533],[-5.697538500000001,43.3919034],[-5.6978078,43.391151900000004],[-5.697676900000001,43.390394099999995],[-5.6982349,43.3895433],[-5.6985509,43.38788720000001],[-5.6999859,43.387558],[-5.6999469,43.387100600000004],[-5.702202899999999,43.38596309999999],[-5.7040958,43.38559049999999],[-5.706123399999999,43.384597899999996],[-5.706919100000001,43.3846165],[-5.707172699999999,43.384892099999995],[-5.7100228999999985,43.3853862],[-5.716493300000001,43.3860539],[-5.72435,43.3862873]]]}},{"type":"Feature","properties":{"name":"Santa Marina","level":9},"geometry":{"type":"Polygon","coordinates":[[[-5.7214484,43.340835899999995],[-5.7215289,43.34062699999999],[-5.7266964,43.33949540000001],[-5.729821899999999,43.3384934],[-5.7316291,43.3375318],[-5.7323610999999985,43.33737299999999],[-5.7312147,43.34369149999999],[-5.7278404,43.3438261],[-5.7246384,43.342848999999994],[-5.7231722000000005,43.34123619999999],[-5.7214484,43.340835899999995]]]}},{"type":"Feature","properties":{"name":"Valdesoto","level":9},"geometry":{"type":"Polygon","coordinates":[[[-5.6572639,43.34108590000001],[-5.6639729,43.341037699999994],[-5.664526899999999,43.340448599999995],[-5.6791808,43.3330776],[-5.67975,43.335603299999995],[-5.68152,43.339798099999996],[-5.6821625,43.34070560000001],[-5.679185099999999,43.345041699999996],[-5.678814499999999,43.34524369999999],[-5.679634499999999,43.345966399999995],[-5.6849216,43.34796300000001],[-5.683222099999999,43.34924719999999],[-5.6820943,43.35066259999999],[-5.6811965,43.354632599999995],[-5.6855637,43.35493829999999],[-5.688148600000001,43.35588550000001],[-5.6883298,43.35716180000001],[-5.6892076,43.358038],[-5.689301899999999,43.359661799999984],[-5.6885441,43.36093410000001],[-5.686261400000001,43.362654799999994],[-5.6864254,43.36575580000001],[-5.685281699999999,43.36819479999999],[-5.6837398,43.36967149999999],[-5.6826701,43.3700906],[-5.681365499999998,43.3701614],[-5.6765796,43.3699685],[-5.6702648,43.3721185],[-5.6665586999999995,43.374028899999985],[-5.664761199999999,43.3753385],[-5.6632354,43.3768132],[-5.6615575,43.37930269999998],[-5.6609263,43.37983169999999],[-5.6602582,43.38],[-5.6559088,43.379780200000006],[-5.650433399999999,43.382211099999985],[-5.6482752000000005,43.38282799999999],[-5.6459132,43.38225789999999],[-5.6446279,43.38107169999999],[-5.6439786,43.380780699999995],[-5.641904,43.3805638],[-5.638086999999999,43.3793482],[-5.6370782,43.3780034],[-5.6372792,43.3768895],[-5.637016799999999,43.37649160000001],[-5.6335971,43.37681680000001],[-5.630811499999999,43.3765373],[-5.630532699999999,43.37628759999999],[-5.6308619,43.3751494],[-5.632364,43.37331299999999],[-5.6323502,43.371759299999994],[-5.6329069,43.37087759999999],[-5.631637099999999,43.37047199999999],[-5.6296372,43.37046449999998],[-5.628535499999999,43.370240499999994],[-5.625124499999999,43.3683869],[-5.6229404,43.36772420000001],[-5.6237062,43.3665866],[-5.6252319,43.3655885],[-5.6306778,43.3638784],[-5.6331296,43.3634578],[-5.634185999999999,43.36291489999999],[-5.6354333,43.362680700000006],[-5.636373799999999,43.362006199999996],[-5.638802899999999,43.3612613],[-5.6407702,43.360291399999994],[-5.6429376,43.3568332],[-5.644771899999999,43.355926099999984],[-5.6454606,43.3550315],[-5.646587799999999,43.35153879999999],[-5.6481422,43.3491514],[-5.654971,43.3423285],[-5.6572639,43.34108590000001]]]}},{"type":"Feature","properties":{"name":"La Pola Siero","level":9},"geometry":{"type":"Polygon","coordinates":[[[-5.666467,43.4036212],[-5.664751299999999,43.400322100000004],[-5.664002499999999,43.399616],[-5.6629686,43.3990898],[-5.659548599999999,43.39847979999999],[-5.6586062,43.3985391],[-5.658653599999999,43.398801399999996],[-5.655918599999999,43.39881930000001],[-5.653410299999999,43.3975128],[-5.6517553,43.3973398],[-5.647477,43.39451189999999],[-5.6462303999999985,43.3947636],[-5.643817399999999,43.39461339999998],[-5.643160899999999,43.394369299999994],[-5.6417214,43.3944006],[-5.641056699999999,43.394122800000005],[-5.6415308,43.3936808],[-5.641752500000001,43.3929506],[-5.6415869,43.392340299999994],[-5.6403396,43.391916499999994],[-5.6408016,43.3907864],[-5.6419122999999995,43.3903195],[-5.642743500000001,43.3906184],[-5.6430298,43.3897463],[-5.6448202,43.3901082],[-5.645009600000001,43.389829000000006],[-5.6444655,43.38852269999999],[-5.646937099999999,43.38757119999998],[-5.6481503,43.3865136],[-5.6484264,43.3857131],[-5.650568299999999,43.385082499999996],[-5.6511031,43.38432329999999],[-5.651080099999999,43.3824],[-5.6517424,43.3816724],[-5.6559088,43.379780200000006],[-5.660184599999998,43.3799982],[-5.660324499999999,43.380632500000004],[-5.659674199999999,43.38298180000001],[-5.659909399999999,43.3836096],[-5.662199,43.3852226],[-5.6635238999999995,43.38520559999999],[-5.664060999999999,43.3854542],[-5.666116,43.3892101],[-5.666511599999999,43.3895299],[-5.668639000000001,43.389921400000006],[-5.6702066,43.3907821],[-5.6695009,43.3918058],[-5.6708629,43.392729499999994],[-5.670968199999999,43.3932889],[-5.670549199999999,43.3940134],[-5.669630399999999,43.393734699999996],[-5.669240899999999,43.3950195],[-5.6701221,43.3953348],[-5.6705274999999995,43.3940782],[-5.6712765,43.3940607],[-5.6711783,43.39349839999999],[-5.6717693,43.393429],[-5.6739086,43.394178999999994],[-5.678880900000001,43.394622999999996],[-5.680218599999999,43.395199200000015],[-5.681944499999999,43.3952499],[-5.683877899999999,43.39564089999999],[-5.683083199999998,43.3965448],[-5.6818029999999995,43.3973167],[-5.678775100000001,43.3975363],[-5.678052900000001,43.398177999999994],[-5.6771012999999995,43.3983473],[-5.6760999000000005,43.398882],[-5.672362299999999,43.399343099999996],[-5.6716319,43.39892759999999],[-5.670814599999999,43.39878759999999],[-5.6697518,43.399945900000006],[-5.670922099999999,43.40155539999999],[-5.670566,43.40260119999999],[-5.670684399999999,43.40360029999999],[-5.669729299999999,43.403366399999996],[-5.6688047,43.40350949999999],[-5.6671916,43.403257899999986],[-5.666467,43.4036212]]]}},{"type":"Feature","properties":{"name":"Celles / Ceis","level":9},"geometry":{"type":"Polygon","coordinates":[[[-5.6849646,43.41694570000001],[-5.686083299999999,43.417245],[-5.6860429,43.4180441],[-5.687183000000001,43.41890879999999],[-5.686251099999999,43.420471699999986],[-5.6865176,43.4212466],[-5.6872093,43.4220506],[-5.687935099999999,43.422816],[-5.688560699999999,43.42306929999999],[-5.688673800000001,43.42326640000001],[-5.688214499999999,43.4236572],[-5.6872514,43.42312269999999],[-5.685702099999999,43.4227269],[-5.6844235,43.422865],[-5.6815047,43.423905999999995],[-5.6777028000000005,43.422851599999994],[-5.676868000000001,43.42297020000001],[-5.6761577,43.423392099999994],[-5.670198,43.4291983],[-5.6692466,43.42853569999998],[-5.667940299999999,43.42830469999999],[-5.665302299999999,43.42682659999999],[-5.663595399999999,43.42651619999999],[-5.663384,43.4256688],[-5.662214699999999,43.425423399999985],[-5.6616222,43.42458840000001],[-5.6606474,43.42453600000001],[-5.6590695,43.42271889999999],[-5.658378000000001,43.42177130000001],[-5.6586509,43.4216937],[-5.6597148,43.41997779999999],[-5.660233899999998,43.419623599999994],[-5.6642136999999995,43.418514599999995],[-5.665289999999999,43.4178589],[-5.6658517,43.41717049999998],[-5.666079400000001,43.41619279999998],[-5.665822099999999,43.415193800000004],[-5.6651484,43.41440729999999],[-5.6633184,43.41310039999999],[-5.6631131,43.4121655],[-5.663703699999999,43.411121599999994],[-5.6668278,43.4073567],[-5.666467,43.4036212],[-5.6671916,43.403257899999986],[-5.6688047,43.40350949999999],[-5.669729299999999,43.403366399999996],[-5.670684399999999,43.40360029999999],[-5.670566,43.40260119999999],[-5.670922099999999,43.40155539999999],[-5.6697518,43.399945900000006],[-5.670814599999999,43.39878759999999],[-5.6716319,43.39892759999999],[-5.672362299999999,43.399343099999996],[-5.6732962,43.399279099999994],[-5.6760999000000005,43.398882],[-5.6771012999999995,43.3983473],[-5.6781225,43.398132700000005],[-5.678265099999999,43.399258499999995],[-5.678885600000001,43.399483000000004],[-5.679336900000001,43.400487899999995],[-5.681934499999998,43.4013548],[-5.684643000000001,43.401682],[-5.685931799999999,43.40243079999999],[-5.6861773,43.4029306],[-5.6840439,43.40309479999999],[-5.6834067,43.4033494],[-5.682802799999999,43.40397],[-5.682463399999997,43.4052162],[-5.6837405,43.4058249],[-5.6839883,43.40667719999999],[-5.6853542,43.407102699999996],[-5.685625199999999,43.40804589999999],[-5.684558400000001,43.40873260000001],[-5.681630300000001,43.40819840000001],[-5.6812448,43.4095237],[-5.681661400000002,43.4105439],[-5.681373499999999,43.411274999999996],[-5.681822399999999,43.411746],[-5.681894699999999,43.41261080000001],[-5.6822846,43.4129031],[-5.682113899999999,43.41374080000001],[-5.682358799999999,43.4144193],[-5.683854,43.4151873],[-5.6832277,43.41599180000001],[-5.6838736,43.4165752],[-5.6835631,43.4168165],[-5.6834899,43.4176736],[-5.685213000000001,43.417813200000005],[-5.6849646,43.41694570000001]],[[-5.679826799999999,43.407337],[-5.6815906,43.40809680000001],[-5.6822714,43.40641479999999],[-5.6810705,43.4058923],[-5.679826799999999,43.407337]]]}},{"type":"Feature","properties":{"name":"Anes / Samartindianes","level":9},"geometry":{"type":"Polygon","coordinates":[[[-5.670839000000001,43.45633660000001],[-5.6706408999999995,43.45586169999999],[-5.6708162999999985,43.4551624],[-5.671632099999999,43.45433489999999],[-5.6716771999999995,43.453560499999995],[-5.672140400000001,43.4532583],[-5.6716534,43.4510058],[-5.6724958,43.44994139999999],[-5.672442,43.4491239],[-5.673098,43.4481402],[-5.6732615,43.44659299999999],[-5.674820599999999,43.444931299999986],[-5.6750134,43.4440341],[-5.6763285,43.443376],[-5.676782299999999,43.4426667],[-5.6761412,43.440469099999994],[-5.676613999999999,43.44074109999999],[-5.678190899999999,43.440353],[-5.679002500000001,43.4394245],[-5.680227399999999,43.43890059999999],[-5.6818018,43.43314610000001],[-5.681075,43.430957199999995],[-5.681190899999999,43.430504299999996],[-5.683318099999999,43.42971599999999],[-5.6851721,43.43001459999999],[-5.6851451,43.429403],[-5.685564300000001,43.429105],[-5.6871348,43.42914009999999],[-5.6886651,43.428266699999995],[-5.6893061,43.428233600000006],[-5.690464499999999,43.4267747],[-5.6911917,43.425064799999994],[-5.6891172,43.42424929999999],[-5.688214499999999,43.4236572],[-5.688673800000001,43.42326640000001],[-5.688560699999999,43.42306929999999],[-5.687935099999999,43.422816],[-5.6872093,43.4220506],[-5.6865176,43.4212466],[-5.686251099999999,43.420471699999986],[-5.687131599999999,43.4192474],[-5.687084799999999,43.41870179999999],[-5.6860429,43.4180441],[-5.686083299999999,43.417245],[-5.6838736,43.4165752],[-5.683351599999999,43.41616199999999],[-5.683242899999999,43.4158939],[-5.683854,43.4151873],[-5.6823944,43.4144883],[-5.682121499999999,43.4138157],[-5.6822846,43.4129031],[-5.681894699999999,43.41261080000001],[-5.681822399999999,43.411746],[-5.681373499999999,43.411274999999996],[-5.681661400000002,43.4105439],[-5.681247400000001,43.4094385],[-5.681589799999999,43.408259300000005],[-5.684558400000001,43.40873260000001],[-5.6856643999999985,43.4079634],[-5.6853542,43.407102699999996],[-5.6839883,43.40667719999999],[-5.6837405,43.4058249],[-5.682463399999997,43.4052162],[-5.682853499999999,43.4038755],[-5.683613099999999,43.4032132],[-5.691297299999999,43.4023344],[-5.696483099999998,43.40109709999999],[-5.6997602999999994,43.4005503],[-5.700187499999999,43.401404],[-5.699898600000001,43.40166929999999],[-5.7008253,43.4034624],[-5.702705,43.4031909],[-5.703230799999998,43.40368869999999],[-5.7051959,43.404575599999994],[-5.706569200000001,43.4056355],[-5.707087899999999,43.406901600000005],[-5.7060721,43.407033],[-5.706567899999998,43.40762539999999],[-5.706861,43.4089853],[-5.709049,43.4076398],[-5.7106336,43.40610370000001],[-5.7124296,43.40626139999999],[-5.7132674,43.405414099999994],[-5.7158092,43.4047801],[-5.7171717,43.40251369999999],[-5.717018200000001,43.4016844],[-5.7172996,43.4014652],[-5.720097899999999,43.40164390000001],[-5.722736899999999,43.4025706],[-5.7287758,43.40207689999999],[-5.730183799999999,43.403699599999996],[-5.730430499999999,43.4055769],[-5.7315165,43.4068938],[-5.7327194,43.4077892],[-5.733924099999999,43.4099361],[-5.7384274,43.41244540000001],[-5.742458699999999,43.4134095],[-5.7447425999999995,43.4134901],[-5.7455451,43.413729800000006],[-5.7480239,43.4152186],[-5.7486433,43.41599119999999],[-5.750138700000001,43.41689],[-5.750872400000001,43.41862510000001],[-5.7495176,43.4197346],[-5.7486991,43.41999909999999],[-5.7485804,43.42032559999999],[-5.749708399999999,43.42101720000001],[-5.7506915,43.4220465],[-5.752611599999998,43.4250119],[-5.7557906,43.42688360000001],[-5.756595099999999,43.42764749999999],[-5.7581702,43.4312659],[-5.759956,43.43294780000001],[-5.7605051,43.4344523],[-5.759830799999999,43.43526760000001],[-5.7570977,43.4363382],[-5.7569196,43.4385971],[-5.757149200000001,43.43979869999999],[-5.7560932,43.4413545],[-5.7562784,43.44169539999999],[-5.7574696,43.4422676],[-5.7578518999999995,43.44570050000001],[-5.758240400000002,43.446128800000004],[-5.7574484,43.448452800000005],[-5.756316799999999,43.448979599999994],[-5.756499,43.45054340000001],[-5.7562021,43.4515606],[-5.7515895,43.45030579999999],[-5.748653699999999,43.44865539999999],[-5.7463461,43.44797090000001],[-5.745139399999999,43.448195899999995],[-5.743803699999999,43.44891099999999],[-5.7397317,43.44999039999999],[-5.735522,43.44935749999999],[-5.7340935,43.44967479999998],[-5.732764399999999,43.449154799999995],[-5.731586700000001,43.4493527],[-5.7301608,43.44991359999999],[-5.729780899999999,43.45032969999999],[-5.729991000000001,43.4521551],[-5.7294152999999985,43.452822999999995],[-5.729886099999999,43.45360019999998],[-5.7279209,43.4558821],[-5.727926299999999,43.4563664],[-5.726901399999999,43.456595799999995],[-5.726418499999999,43.457482399999996],[-5.725242699999999,43.457406799999994],[-5.724766700000001,43.45764639999999],[-5.724099600000001,43.4573379],[-5.724388799999999,43.4571851],[-5.724221699999999,43.457012899999995],[-5.723221599999998,43.45686559999999],[-5.722256200000001,43.456343200000006],[-5.720992,43.45658159999999],[-5.7188308,43.4536696],[-5.718076399999999,43.453587199999994],[-5.7180433,43.453356299999996],[-5.7187329,43.4530026],[-5.717707399999999,43.45037479999999],[-5.715708,43.45086909999999],[-5.714132799999999,43.45314059999999],[-5.712519699999999,43.454079699999994],[-5.7111585,43.45537079999998],[-5.710675400000001,43.455368699999994],[-5.7101109999999995,43.45573199999999],[-5.7095769,43.4568134],[-5.7069173,43.4572136],[-5.7049973,43.45874679999999],[-5.697895000000001,43.466081800000005],[-5.6918951,43.46013669999999],[-5.690077,43.4587209],[-5.682468,43.454082699999994],[-5.6733473,43.456340299999994],[-5.670839000000001,43.45633660000001]]]}},{"type":"Feature","properties":{"name":"La Carrera","level":9},"geometry":{"type":"Polygon","coordinates":[[[-5.6886906,43.360779199999996],[-5.689854200000001,43.360987],[-5.6923561,43.36203059999999],[-5.693985799999999,43.36207139999999],[-5.6975177,43.3628409],[-5.700275599999999,43.3631073],[-5.701316599999999,43.3636168],[-5.700741,43.36821249999999],[-5.701109899999999,43.36867709999999],[-5.701646599999999,43.3711575],[-5.7011693999999995,43.371558900000004],[-5.7023261,43.372946799999994],[-5.702045399999999,43.373365899999996],[-5.702215499999999,43.37387309999999],[-5.701444,43.374501300000006],[-5.7019055,43.3747188],[-5.7025026,43.37641980000001],[-5.702917,43.3768889],[-5.704263400000001,43.3772829],[-5.705900499999999,43.37843079999999],[-5.705318099999998,43.379640599999995],[-5.7069858,43.3825142],[-5.7069986,43.384024800000006],[-5.706919100000001,43.3846165],[-5.706123399999999,43.384597899999996],[-5.7040958,43.38559049999999],[-5.702202899999999,43.38596309999999],[-5.6999469,43.387100600000004],[-5.6999859,43.387558],[-5.6985509,43.38788720000001],[-5.6982349,43.3895433],[-5.697676900000001,43.390394099999995],[-5.6978078,43.391151900000004],[-5.697538500000001,43.3919034],[-5.6955112,43.394533],[-5.697286199999999,43.394360299999995],[-5.6977552,43.395224600000006],[-5.6983163,43.39774980000001],[-5.699202499999999,43.3993469],[-5.6999772,43.399976300000006],[-5.6997748,43.400405699999986],[-5.691297299999999,43.4023344],[-5.6861773,43.4029306],[-5.6855857,43.40207749999999],[-5.684643000000001,43.401682],[-5.681934499999998,43.4013548],[-5.679336900000001,43.400487899999995],[-5.678885600000001,43.399483000000004],[-5.678233499999999,43.3991942],[-5.6781225,43.398132700000005],[-5.678775100000001,43.3975363],[-5.681713800000001,43.3973503],[-5.683083199999998,43.3965448],[-5.683877899999999,43.39564089999999],[-5.681944499999999,43.3952499],[-5.680218599999999,43.395199200000015],[-5.678880900000001,43.394622999999996],[-5.6739086,43.394178999999994],[-5.6717693,43.393429],[-5.6711783,43.39349839999999],[-5.6712765,43.3940607],[-5.6705274999999995,43.3940782],[-5.6701221,43.3953348],[-5.669240899999999,43.3950195],[-5.669630399999999,43.393734699999996],[-5.670549199999999,43.3940134],[-5.670968199999999,43.3932889],[-5.6708629,43.392729499999994],[-5.6695009,43.3918058],[-5.6702066,43.3907821],[-5.668639000000001,43.389921400000006],[-5.666511599999999,43.3895299],[-5.666116,43.3892101],[-5.664060999999999,43.3854542],[-5.6635238999999995,43.38520559999999],[-5.662199,43.3852226],[-5.660082600000001,43.38376850000001],[-5.659674199999999,43.38298180000001],[-5.660324499999999,43.380632500000004],[-5.660184599999998,43.3799982],[-5.6613853999999995,43.379502099999996],[-5.6622632,43.3779829],[-5.663681799999999,43.376337599999985],[-5.6665586999999995,43.374028899999985],[-5.6702648,43.3721185],[-5.6765796,43.3699685],[-5.6826701,43.3700906],[-5.684297,43.369316500000004],[-5.685281699999999,43.36819479999999],[-5.6864254,43.36575580000001],[-5.686261400000001,43.362654799999994],[-5.6886906,43.360779199999996]]]}},{"type":"Feature","properties":{"name":"Hevia","level":9},"geometry":{"type":"Polygon","coordinates":[[[-5.706919100000001,43.3846165],[-5.7069858,43.3825142],[-5.705318099999998,43.379640599999995],[-5.705900499999999,43.37843079999999],[-5.704263400000001,43.3772829],[-5.702917,43.3768889],[-5.7025026,43.37641980000001],[-5.7019055,43.3747188],[-5.701444,43.374501300000006],[-5.702215499999999,43.37387309999999],[-5.702045399999999,43.373365899999996],[-5.7023261,43.372946799999994],[-5.7011693999999995,43.371558900000004],[-5.701646599999999,43.3711575],[-5.701109899999999,43.36867709999999],[-5.700741,43.36821249999999],[-5.701162499999999,43.3634279],[-5.700275599999999,43.3631073],[-5.6975177,43.3628409],[-5.693985799999999,43.36207139999999],[-5.6923561,43.36203059999999],[-5.689854200000001,43.360987],[-5.6886906,43.360779199999996],[-5.689301899999999,43.359661799999984],[-5.689317300000001,43.358798699999994],[-5.6892076,43.358038],[-5.6883298,43.35716180000001],[-5.688148600000001,43.35588550000001],[-5.6855637,43.35493829999999],[-5.6811965,43.354632599999995],[-5.6820943,43.35066259999999],[-5.683222099999999,43.34924719999999],[-5.6849216,43.34796300000001],[-5.679634499999999,43.345966399999995],[-5.678814499999999,43.34524369999999],[-5.679185099999999,43.345041699999996],[-5.6821625,43.34070560000001],[-5.68152,43.339798099999996],[-5.67975,43.335603299999995],[-5.6791808,43.3330776],[-5.6828251,43.3312865],[-5.702281400000001,43.3352852],[-5.703452899999999,43.3413893],[-5.704949500000001,43.343974],[-5.710565600000001,43.3459749],[-5.709753799999999,43.347226199999994],[-5.709589899999999,43.34842389999999],[-5.709256700000001,43.348624],[-5.712862399999999,43.35327979999999],[-5.7146959,43.356294899999995],[-5.716828799999999,43.35866479999999],[-5.717130299999999,43.3595476],[-5.7182311,43.360065000000006],[-5.721530099999999,43.36046749999999],[-5.722084999999999,43.3616716],[-5.7240061,43.3622722],[-5.7255721,43.36404679999998],[-5.7257781,43.366151599999995],[-5.726534,43.3667248],[-5.7260684,43.3674277],[-5.7273648999999995,43.368603300000004],[-5.7268412,43.36922059999999],[-5.7242768,43.3699198],[-5.724184499999999,43.37153059999999],[-5.724827899999999,43.3729904],[-5.725270000000001,43.3735129],[-5.730726099999999,43.373891799999996],[-5.729985799999999,43.37455479999999],[-5.727540799999999,43.37527989999998],[-5.725772999999999,43.375632299999985],[-5.7251405,43.3755458],[-5.7233834,43.3763045],[-5.722950699999999,43.376142699999996],[-5.721531799999999,43.3779278],[-5.720622099999999,43.378637000000005],[-5.719490299999999,43.378844199999996],[-5.7193507,43.379524700000005],[-5.718693600000001,43.38015140000001],[-5.7170331999999995,43.3804654],[-5.716834199999999,43.3809113],[-5.719142599999999,43.381199499999994],[-5.7195348,43.381948],[-5.720564400000001,43.382425],[-5.720525099999999,43.38419369999999],[-5.7183549,43.3848807],[-5.716493300000001,43.3860539],[-5.7100228999999985,43.3853862],[-5.707172699999999,43.384892099999995],[-5.706919100000001,43.3846165]]]}},{"type":"Feature","properties":{"name":"Santa Marina","level":9},"geometry":{"type":"Polygon","coordinates":[[[-5.709753799999999,43.347226199999994],[-5.711098100000001,43.34546709999999],[-5.715921599999999,43.343245599999996],[-5.720556199999998,43.3431534],[-5.7214484,43.340835899999995],[-5.7231722000000005,43.34123619999999],[-5.7246384,43.342848999999994],[-5.7278404,43.3438261],[-5.7314961,43.3437175],[-5.7319632,43.3450964],[-5.7331805,43.3459279],[-5.738083300000001,43.34754240000001],[-5.741509899999999,43.34747850000001],[-5.747373999999999,43.3441803],[-5.747661099999998,43.34453979999999],[-5.7491506,43.34473799999999],[-5.7500744,43.345526199999995],[-5.7512611,43.3459835],[-5.748877199999999,43.34770689999999],[-5.746948800000001,43.3505615],[-5.7450493,43.3517227],[-5.742461500000001,43.355170099999995],[-5.7424504,43.3560936],[-5.7413618999999985,43.35769689999999],[-5.741478699999999,43.3591175],[-5.739137799999998,43.36414789999999],[-5.738973199999998,43.36677909999999],[-5.7386262,43.3674529],[-5.738752699999999,43.3685168],[-5.738277100000002,43.3694805],[-5.736991,43.37032949999999],[-5.736639599999998,43.3720472],[-5.736270599999999,43.37257369999999],[-5.7318092,43.3728765],[-5.7316985,43.3731903],[-5.732744100000001,43.373631599999996],[-5.732367999999999,43.37408070000001],[-5.725270000000001,43.3735129],[-5.724227,43.3717214],[-5.7242768,43.3699198],[-5.7268412,43.36922059999999],[-5.7273648999999995,43.368603300000004],[-5.7260684,43.3674277],[-5.726534,43.3667248],[-5.7257781,43.366151599999995],[-5.7255721,43.36404679999998],[-5.7240061,43.3622722],[-5.722084999999999,43.3616716],[-5.721530099999999,43.36046749999999],[-5.7182311,43.360065000000006],[-5.717130299999999,43.3595476],[-5.716828799999999,43.35866479999999],[-5.7146959,43.356294899999995],[-5.712862399999999,43.35327979999999],[-5.709256700000001,43.348624],[-5.709589899999999,43.34842389999999],[-5.709753799999999,43.347226199999994]]]}},{"type":"Feature","properties":{"name":"Tiñana","level":9},"geometry":{"type":"Polygon","coordinates":[[[-5.7685018,43.346131599999985],[-5.767293999999999,43.34816219999999],[-5.7671755,43.3493631],[-5.7676259,43.35109889999999],[-5.7696299,43.352568099999985],[-5.7706837,43.353732900000004],[-5.7714652,43.3557642],[-5.7697114,43.357378],[-5.7653817,43.3595524],[-5.765393999999999,43.360369000000006],[-5.764692900000001,43.3621769],[-5.765407499999999,43.367504600000004],[-5.7649784,43.36958789999999],[-5.765058400000001,43.371341500000014],[-5.7596599,43.37384120000001],[-5.7591193999999994,43.373474],[-5.758187799999998,43.3733445],[-5.7576828,43.3736408],[-5.757310299999999,43.374318099999996],[-5.7565115,43.3742443],[-5.7561222999999995,43.3752191],[-5.756818399999999,43.3757856],[-5.755872999999999,43.3767988],[-5.754632399999999,43.3771448],[-5.7535507,43.37610490000001],[-5.7533725,43.3764009],[-5.7537329,43.3771026],[-5.7514484999999995,43.3776192],[-5.749025999999999,43.37736960000001],[-5.7484535,43.37760209999999],[-5.7488131,43.3784514],[-5.7498160999999985,43.37956200000001],[-5.749557899999999,43.38038600000001],[-5.750788299999999,43.38168929999999],[-5.7511678999999996,43.38254549999999],[-5.7523296,43.38321199999999],[-5.7540943,43.3832768],[-5.754993699999998,43.3862728],[-5.7439489,43.3853374],[-5.741953499999999,43.3835907],[-5.740387,43.3842314],[-5.7397177,43.38505550000001],[-5.7392331,43.38413719999999],[-5.7372373,43.38346570000001],[-5.736243,43.38340360000001],[-5.7352999,43.383648199999996],[-5.7342494,43.3847163],[-5.732111199999999,43.385229299999985],[-5.7297443999999995,43.38543189999999],[-5.7272719,43.38368150000001],[-5.728467100000001,43.3823342],[-5.7299536,43.381568599999994],[-5.719231599999999,43.3812085],[-5.716834199999999,43.3809113],[-5.717094299999999,43.380428099999996],[-5.718736799999999,43.380117799999994],[-5.7193507,43.379524700000005],[-5.719490299999999,43.378844199999996],[-5.720622099999999,43.378637000000005],[-5.721531799999999,43.3779278],[-5.722950699999999,43.376142699999996],[-5.7233834,43.3763045],[-5.7251405,43.3755458],[-5.725772999999999,43.375632299999985],[-5.727540799999999,43.37527989999998],[-5.729985799999999,43.37455479999999],[-5.730706999999999,43.37394170000001],[-5.7324634,43.37406839999999],[-5.732744100000001,43.373631599999996],[-5.7316985,43.3731903],[-5.731906699999999,43.3728492],[-5.736270599999999,43.37257369999999],[-5.736639599999998,43.3720472],[-5.736991,43.37032949999999],[-5.738277100000002,43.3694805],[-5.738752699999999,43.3685168],[-5.7386262,43.3674529],[-5.738973199999998,43.36677909999999],[-5.739137799999998,43.36414789999999],[-5.741478699999999,43.3591175],[-5.7413618999999985,43.35769689999999],[-5.7424504,43.3560936],[-5.742461500000001,43.355170099999995],[-5.7450493,43.3517227],[-5.746948800000001,43.3505615],[-5.748877199999999,43.34770689999999],[-5.7512611,43.3459835],[-5.7520104,43.3465961],[-5.7551989,43.3469874],[-5.758246300000001,43.3467158],[-5.7594902999999995,43.346397700000004],[-5.7615993,43.34665289999999],[-5.7685018,43.346131599999985]]]}},{"type":"Feature","properties":{"name":"La Paranza","level":9},"geometry":{"type":"Polygon","coordinates":[[[-5.742524500000001,43.3348578],[-5.744524900000001,43.33736689999999],[-5.7444087999999995,43.33780189999999],[-5.7430397,43.338627100000004],[-5.742393999999999,43.33935389999999],[-5.7435731,43.3408833],[-5.7433835,43.3413291],[-5.742551799999999,43.341763199999995],[-5.743025399999999,43.343237499999994],[-5.7471250000000005,43.3438684],[-5.747373999999999,43.3441803],[-5.741509899999999,43.34747850000001],[-5.738083300000001,43.34754240000001],[-5.7331805,43.3459279],[-5.7319632,43.3450964],[-5.7314961,43.3437175],[-5.7312147,43.34369149999999],[-5.7323610999999985,43.33737299999999],[-5.7326552999999985,43.337309199999986],[-5.7345203,43.3348875],[-5.7376564,43.3357759],[-5.741983,43.3351589],[-5.742524500000001,43.3348578]]]}},{"type":"Feature","properties":{"name":"Argüelles / Argüeyes","level":9},"geometry":{"type":"Polygon","coordinates":[[[-5.719142599999999,43.381199499999994],[-5.7299536,43.381568599999994],[-5.728467100000001,43.3823342],[-5.7272719,43.38368150000001],[-5.7297443999999995,43.38543189999999],[-5.732111199999999,43.385229299999985],[-5.7342494,43.3847163],[-5.7352999,43.383648199999996],[-5.736243,43.38340360000001],[-5.7372373,43.38346570000001],[-5.7392331,43.38413719999999],[-5.7397177,43.38505550000001],[-5.738714,43.3863681],[-5.7389886,43.38943650000001],[-5.7421778,43.39110779999999],[-5.7436115999999995,43.3933133],[-5.7429388999999995,43.393958399999995],[-5.7426586,43.39523369999999],[-5.7429037,43.39558019999999],[-5.7410204,43.397479100000005],[-5.7405112,43.39771249999998],[-5.7403427,43.3981781],[-5.7366272,43.40039649999999],[-5.737140300000001,43.4013378],[-5.736781200000001,43.4016839],[-5.7352989,43.401948],[-5.734716299999999,43.403500099999995],[-5.7347472,43.4041846],[-5.7335647,43.40440699999999],[-5.733491300000001,43.40500050000001],[-5.732920499999999,43.4054904],[-5.732826599999999,43.406039299999996],[-5.732400299999999,43.40611249999999],[-5.7323561000000005,43.4068664],[-5.7319258,43.4072368],[-5.730430499999999,43.4055769],[-5.730183799999999,43.403699599999996],[-5.728891999999999,43.4021144],[-5.722736899999999,43.4025706],[-5.7202818,43.4016882],[-5.718331599999999,43.4014521],[-5.7182828,43.40090070000001],[-5.7200259,43.39946799999999],[-5.718629600000001,43.399130299999996],[-5.7189348,43.3985129],[-5.718473799999999,43.396670499999985],[-5.7178126,43.3960308],[-5.7179827,43.3952511],[-5.7177506,43.3947919],[-5.7180384,43.394362799999996],[-5.7184817,43.3944576],[-5.718659,43.3933243],[-5.7193125,43.3931897],[-5.7189760000000005,43.3918432],[-5.7192738,43.3916356],[-5.719571099999999,43.3918841],[-5.7199744,43.391524499999996],[-5.7204465,43.3915545],[-5.720620900000001,43.391202400000005],[-5.7209903,43.39121920000001],[-5.721972300000001,43.3904275],[-5.720376700000001,43.38832039999999],[-5.7243477,43.386357799999985],[-5.716493300000001,43.3860539],[-5.7183549,43.3848807],[-5.720525099999999,43.38419369999999],[-5.720564400000001,43.382425],[-5.7195348,43.381948],[-5.719142599999999,43.381199499999994]]]}},{"type":"Feature","properties":{"name":"Samiguel","level":9},"geometry":{"type":"Polygon","coordinates":[[[-5.7439489,43.3853374],[-5.757203099999998,43.3864824],[-5.7570896,43.38860699999999],[-5.7566605,43.38919],[-5.7537348,43.3905957],[-5.752949100000001,43.391419],[-5.752367299999999,43.39301389999999],[-5.7525873,43.3950434],[-5.7524220999999995,43.39591649999999],[-5.7519829,43.396514999999994],[-5.7521432,43.3978053],[-5.750174799999999,43.3992313],[-5.7501634,43.3999827],[-5.748755499999999,43.40368019999998],[-5.7488083,43.405428099999995],[-5.7493728,43.40776559999999],[-5.749984199999999,43.40896399999999],[-5.749867600000001,43.41031089999999],[-5.7502732,43.4113276],[-5.749735500000001,43.41150609999999],[-5.7494457,43.41249049999998],[-5.748527800000001,43.4132835],[-5.747493999999999,43.414877800000006],[-5.744816799999999,43.41350289999998],[-5.742458699999999,43.4134095],[-5.738058799999999,43.41229090000001],[-5.733790399999999,43.4098316],[-5.7327194,43.4077892],[-5.7319258,43.4072368],[-5.7323561000000005,43.4068664],[-5.732400299999999,43.40611249999999],[-5.732826599999999,43.406039299999996],[-5.732920499999999,43.4054904],[-5.733491300000001,43.40500050000001],[-5.7335647,43.40440699999999],[-5.7347472,43.4041846],[-5.734716299999999,43.403500099999995],[-5.7352989,43.401948],[-5.736781200000001,43.4016839],[-5.737140300000001,43.4013378],[-5.7366272,43.40039649999999],[-5.7403427,43.3981781],[-5.7405112,43.39771249999998],[-5.7410204,43.397479100000005],[-5.7429037,43.39558019999999],[-5.7426586,43.39523369999999],[-5.7429388999999995,43.393958399999995],[-5.7436115999999995,43.3933133],[-5.7421778,43.39110779999999],[-5.7389886,43.38943650000001],[-5.7387991,43.388675599999985],[-5.738714,43.3863681],[-5.740387,43.3842314],[-5.741953499999999,43.3835907],[-5.7439489,43.3853374]]]}},{"type":"Feature","properties":{"name":"Llimanes","level":9},"geometry":{"type":"Polygon","coordinates":[[[-5.7620408,43.3727121],[-5.765058400000001,43.371341500000014],[-5.7649784,43.36958789999999],[-5.765407499999999,43.367504600000004],[-5.764692900000001,43.3621769],[-5.765393999999999,43.360369000000006],[-5.765450500000001,43.3594237],[-5.7697114,43.357378],[-5.7714652,43.3557642],[-5.7706837,43.353732900000004],[-5.7696299,43.352568099999985],[-5.7676259,43.35109889999999],[-5.7671755,43.3493631],[-5.767293999999999,43.34816219999999],[-5.7685018,43.346131599999985],[-5.770161200000001,43.34583330000002],[-5.771476300000001,43.34491009999999],[-5.7723431000000005,43.344709],[-5.7739891,43.3448221],[-5.7775403,43.3458613],[-5.777633300000001,43.35249499999999],[-5.776687499999998,43.353940599999994],[-5.7815392,43.3556144],[-5.781518799999999,43.360566999999996],[-5.783511899999999,43.3644802],[-5.7839184,43.36635210000001],[-5.788645899999999,43.3735087],[-5.7878577,43.373446],[-5.786495499999998,43.374044999999995],[-5.785231200000001,43.3735988],[-5.784261399999998,43.37353829999999],[-5.783243800000001,43.3738373],[-5.7815861,43.3737847],[-5.778982899999999,43.374161199999996],[-5.776349199999999,43.3738592],[-5.774141099999999,43.37388749999999],[-5.7729613,43.37352849999999],[-5.7645479,43.372746600000006],[-5.7620408,43.3727121]]]}},{"type":"Feature","properties":{"name":"Granda","level":9},"geometry":{"type":"Polygon","coordinates":[[[-5.788645899999999,43.3735087],[-5.7906559,43.3765513],[-5.793876999999999,43.3802992],[-5.7989662,43.380102599999994],[-5.8015759,43.3804798],[-5.805287899999999,43.38066779999999],[-5.8067395,43.3813615],[-5.806665899999998,43.3821736],[-5.804950800000001,43.383530300000004],[-5.805591999999999,43.38511729999999],[-5.8077692,43.38539610000001],[-5.808097100000001,43.385632],[-5.8084431,43.3861727],[-5.808274,43.38677779999999],[-5.807578299999999,43.38647400000001],[-5.806885299999999,43.386372699999995],[-5.806719300000001,43.386528999999996],[-5.8064678999999995,43.3854779],[-5.8045487,43.385504899999994],[-5.8047566999999995,43.38644420000001],[-5.8043043,43.3868055],[-5.8037377999999995,43.386895399999986],[-5.8028927999999995,43.386468],[-5.8010529,43.38638100000001],[-5.7993426,43.3873156],[-5.795701199999999,43.38829869999999],[-5.7946641,43.38717389999999],[-5.793599699999999,43.3850538],[-5.7927045,43.38473989999999],[-5.790322799999999,43.38506499999999],[-5.788803499999999,43.384648399999996],[-5.786689099999999,43.38575700000001],[-5.784613600000001,43.38595329999999],[-5.7855128,43.3881232],[-5.783696900000001,43.3875929],[-5.782584899999999,43.3879219],[-5.780413799999999,43.3888603],[-5.780189300000001,43.3895976],[-5.7785218,43.39034490000001],[-5.778304,43.390652800000005],[-5.7763329,43.391166999999996],[-5.772433799999999,43.389707699999995],[-5.7678961,43.38765570000001],[-5.765143899999999,43.3868255],[-5.7625737,43.38648779999999],[-5.7581238,43.3865111],[-5.754993699999998,43.3862728],[-5.7540943,43.3832768],[-5.7523296,43.38321199999999],[-5.7511678999999996,43.38254549999999],[-5.750788299999999,43.38168929999999],[-5.749557899999999,43.38038600000001],[-5.7498160999999985,43.37956200000001],[-5.7484386,43.37771399999999],[-5.748510799999998,43.37744809999999],[-5.749025999999999,43.37736960000001],[-5.7514484999999995,43.3776192],[-5.7537329,43.3771026],[-5.7533725,43.3764009],[-5.7535507,43.37610490000001],[-5.754632399999999,43.3771448],[-5.755872999999999,43.3767988],[-5.756818399999999,43.3757856],[-5.7561222999999995,43.3752191],[-5.7565115,43.3742443],[-5.757310299999999,43.374318099999996],[-5.7576828,43.3736408],[-5.758187799999998,43.3733445],[-5.7591193999999994,43.373474],[-5.7596599,43.37384120000001],[-5.7620408,43.3727121],[-5.7645479,43.372746600000006],[-5.7729613,43.37352849999999],[-5.774141099999999,43.37388749999999],[-5.776349199999999,43.3738592],[-5.778982899999999,43.374161199999996],[-5.7815861,43.3737847],[-5.783243800000001,43.3738373],[-5.784261399999998,43.37353829999999],[-5.785231200000001,43.3735988],[-5.786495499999998,43.374044999999995],[-5.7878577,43.373446],[-5.788645899999999,43.3735087]]]}},{"type":"Feature","properties":{"name":"Bobes / Valbona","level":9},"geometry":{"type":"Polygon","coordinates":[[[-5.7570475,43.3864292],[-5.7625737,43.38648779999999],[-5.7656483,43.38694280000001],[-5.7678961,43.38765570000001],[-5.772433799999999,43.389707699999995],[-5.7763329,43.391166999999996],[-5.775684,43.397925],[-5.775963900000001,43.3986901],[-5.777329499999999,43.399537899999984],[-5.777261099999999,43.4009306],[-5.776778,43.4023072],[-5.777273299999999,43.403815399999985],[-5.7769755,43.4043952],[-5.777357200000001,43.404936],[-5.7772322,43.4067417],[-5.7778935,43.4080744],[-5.776581499999999,43.41061249999999],[-5.776679999999999,43.4111465],[-5.776354900000001,43.411926],[-5.774884000000001,43.4141076],[-5.7749429,43.41544449999999],[-5.7754705,43.41640619999999],[-5.776950299999999,43.4172232],[-5.7774704,43.418418199999984],[-5.778742799999999,43.41890629999999],[-5.7791559999999995,43.4193619],[-5.779394599999999,43.420637699999986],[-5.7790876,43.42200929999999],[-5.7794279,43.42370510000001],[-5.779123399999999,43.4243766],[-5.7792859,43.42519450000001],[-5.7798969,43.42632510000001],[-5.7809499,43.426867300000005],[-5.781885599999999,43.42777439999999],[-5.782794300000001,43.43002700000001],[-5.7819091,43.4303111],[-5.7793183,43.42877150000001],[-5.776896299999997,43.43145959999999],[-5.776283800000001,43.4329241],[-5.7755852999999995,43.4335893],[-5.773339,43.4376957],[-5.768954299999999,43.43745989999999],[-5.7670480999999985,43.4379293],[-5.766365499999999,43.438405],[-5.765898000000001,43.439532799999995],[-5.765010999999999,43.4395903],[-5.765386,43.4404996],[-5.765081499999999,43.4411373],[-5.758240400000002,43.446128800000004],[-5.7578518999999995,43.44570050000001],[-5.7574696,43.4422676],[-5.7562784,43.44169539999999],[-5.7560932,43.4413545],[-5.757149200000001,43.43979869999999],[-5.7569196,43.4385971],[-5.7570977,43.4363382],[-5.759830799999999,43.43526760000001],[-5.7605051,43.4344523],[-5.759956,43.43294780000001],[-5.7581702,43.4312659],[-5.756595099999999,43.42764749999999],[-5.7557906,43.42688360000001],[-5.752611599999998,43.4250119],[-5.7506915,43.4220465],[-5.749708399999999,43.42101720000001],[-5.7485804,43.42032559999999],[-5.748629800000001,43.42005300000001],[-5.7495176,43.4197346],[-5.7509168,43.418414799999994],[-5.750138700000001,43.41689],[-5.7486433,43.41599119999999],[-5.747493999999999,43.414877800000006],[-5.748527800000001,43.4132835],[-5.7494457,43.41249049999998],[-5.749735500000001,43.41150609999999],[-5.7502732,43.4113276],[-5.749867600000001,43.41031089999999],[-5.749984199999999,43.40896399999999],[-5.7493728,43.40776559999999],[-5.7486965,43.4044097],[-5.7488128,43.4034633],[-5.750195199999999,43.39987839999999],[-5.750174799999999,43.3992313],[-5.7521432,43.3978053],[-5.7519829,43.396514999999994],[-5.7524220999999995,43.39591649999999],[-5.7525873,43.3950434],[-5.752367299999999,43.39301389999999],[-5.753184600000001,43.3909773],[-5.756771400000001,43.38909989999999],[-5.7572441,43.3873499],[-5.7570475,43.3864292]]]}},{"type":"Feature","properties":{"name":"Viella","level":9},"geometry":{"type":"Polygon","coordinates":[[[-5.791484299999999,43.421190599999996],[-5.7883153,43.4291105],[-5.785189599999999,43.4299161],[-5.784246700000001,43.429560900000006],[-5.782794300000001,43.43002700000001],[-5.781885599999999,43.42777439999999],[-5.7809499,43.426867300000005],[-5.7798969,43.42632510000001],[-5.7792859,43.42519450000001],[-5.779123399999999,43.4243766],[-5.7794279,43.42370510000001],[-5.7790876,43.42200929999999],[-5.779394599999999,43.420637699999986],[-5.7791559999999995,43.4193619],[-5.778742799999999,43.41890629999999],[-5.7774704,43.418418199999984],[-5.776897099999999,43.4171613],[-5.7754164999999995,43.416357599999984],[-5.7749429,43.41544449999999],[-5.774875999999998,43.41425029999999],[-5.776354900000001,43.411926],[-5.776679999999999,43.4111465],[-5.776581499999999,43.41061249999999],[-5.7778935,43.4080744],[-5.7772322,43.4067417],[-5.777357200000001,43.404936],[-5.7769755,43.4043952],[-5.777273299999999,43.403815399999985],[-5.776778,43.4023072],[-5.777261099999999,43.4009306],[-5.777329499999999,43.399537899999984],[-5.775963900000001,43.3986901],[-5.775684,43.397925],[-5.7763329,43.391166999999996],[-5.778304,43.390652800000005],[-5.7785218,43.39034490000001],[-5.780189300000001,43.3895976],[-5.780413799999999,43.3888603],[-5.782584899999999,43.3879219],[-5.783696900000001,43.3875929],[-5.7855128,43.3881232],[-5.784613600000001,43.38595329999999],[-5.786689099999999,43.38575700000001],[-5.788803499999999,43.384648399999996],[-5.790322799999999,43.38506499999999],[-5.7927045,43.38473989999999],[-5.793599699999999,43.3850538],[-5.7946641,43.38717389999999],[-5.795701199999999,43.38829869999999],[-5.794751600000001,43.38915999999999],[-5.7941856,43.3909665],[-5.794384899999999,43.3913303],[-5.7954677000000006,43.3916383],[-5.7976025,43.39341650000001],[-5.797577400000001,43.3940268],[-5.7967288,43.394785799999994],[-5.797114699999999,43.3952742],[-5.796299799999999,43.39552859999999],[-5.795856400000001,43.39600319999999],[-5.7970348,43.3983609],[-5.7957653,43.39984609999999],[-5.792747900000001,43.40139880000001],[-5.796287,43.4025215],[-5.797674399999999,43.403428899999994],[-5.798363199999999,43.4097737],[-5.7998666,43.41394789999999],[-5.7960864,43.4178547],[-5.791484299999999,43.421190599999996]]]}},{"type":"Feature","properties":{"name":"Lugones / Llugones","level":9},"geometry":{"type":"Polygon","coordinates":[[[-5.820523399999999,43.3974811],[-5.821680399999998,43.40004549999999],[-5.823024800000001,43.4012134],[-5.8237222,43.4023826],[-5.8236962,43.404642],[-5.8240761999999995,43.405882500000004],[-5.824634100000002,43.40670090000001],[-5.826347999999999,43.40775479999999],[-5.8269256,43.410190699999994],[-5.827590799999999,43.41079860000001],[-5.828245300000001,43.41065840000002],[-5.8292667,43.4120855],[-5.829349000000001,43.4130559],[-5.8289214000000005,43.4131565],[-5.827005099999998,43.4127519],[-5.8243923,43.41297140000001],[-5.822550000000001,43.413458199999994],[-5.821354099999999,43.41403700000001],[-5.8201267,43.4142023],[-5.8196899,43.413573800000016],[-5.8185284,43.4132964],[-5.8161964,43.41414619999999],[-5.8148498,43.4152059],[-5.8116961,43.41618389999999],[-5.810284799999999,43.41638069999999],[-5.809933699999999,43.416002199999994],[-5.8106770999999995,43.41498450000001],[-5.809371,43.41425129999999],[-5.809468299999999,43.4139517],[-5.810319399999999,43.4136607],[-5.810336499999999,43.41322809999999],[-5.8094666,43.4131144],[-5.809066599999999,43.412476],[-5.8052339,43.4126602],[-5.803952600000001,43.41193289999999],[-5.803529099999999,43.4129181],[-5.8030463,43.412893999999994],[-5.801404699999999,43.4121149],[-5.7998666,43.41394789999999],[-5.798363199999999,43.4097737],[-5.797674399999999,43.403428899999994],[-5.796287,43.4025215],[-5.792747900000001,43.40139880000001],[-5.7957653,43.39984609999999],[-5.7970348,43.3983609],[-5.795856400000001,43.39600319999999],[-5.796299799999999,43.39552859999999],[-5.797114699999999,43.3952742],[-5.7967288,43.394785799999994],[-5.797577400000001,43.3940268],[-5.7976025,43.39341650000001],[-5.7954677000000006,43.3916383],[-5.794384899999999,43.3913303],[-5.7941856,43.3909665],[-5.794751600000001,43.38915999999999],[-5.795701199999999,43.38829869999999],[-5.7993426,43.3873156],[-5.8010529,43.38638100000001],[-5.8028927999999995,43.386468],[-5.8037377999999995,43.386895399999986],[-5.8043043,43.3868055],[-5.8047566999999995,43.38644420000001],[-5.8045487,43.385504899999994],[-5.8064678999999995,43.3854779],[-5.8066109,43.386436800000006],[-5.808067699999999,43.386586999999984],[-5.808274,43.38677779999999],[-5.8081187,43.38771259999999],[-5.809129500000001,43.3884698],[-5.8111387,43.3889336],[-5.813093499999999,43.388489299999996],[-5.8138491,43.3885427],[-5.818355799999999,43.3906826],[-5.8183677,43.3912045],[-5.817141299999999,43.393088099999986],[-5.817080000000001,43.39357040000001],[-5.817940700000001,43.393841699999996],[-5.819502199999999,43.3935478],[-5.8200539,43.3937055],[-5.820523399999999,43.3974811]]]}},{"type":"Feature","properties":{"name":"Perera","level":9},"geometry":{"type":"Polygon","coordinates":[[[-5.8688387,43.30790890000001],[-5.86803,43.3085534],[-5.866835100000001,43.30778399999999],[-5.8644140999999985,43.30769169999999],[-5.863304100000001,43.3074224],[-5.8622707,43.3082586],[-5.854685100000001,43.310834400000005],[-5.8498896,43.310594],[-5.8486591,43.310912800000004],[-5.8461608,43.31233459999999],[-5.8403924,43.317412399999995],[-5.8418304999999995,43.3188983],[-5.842766899999999,43.3191451],[-5.843268299999999,43.3195828],[-5.842654699999998,43.32149789999999],[-5.842930199999999,43.32185129999999],[-5.8436946,43.32211139999998],[-5.8436228,43.3237429],[-5.844091299999999,43.32532489999999],[-5.8432991,43.326055900000014],[-5.843706299999999,43.327117300000005],[-5.8435901999999995,43.328065599999995],[-5.8433013,43.32821679999999],[-5.8405816999999995,43.32597049999998],[-5.839938299999999,43.324338700000006],[-5.834487900000001,43.32197099999999],[-5.83315,43.3218421],[-5.832173700000002,43.32153310000001],[-5.8315475999999995,43.32106240000001],[-5.831074,43.31989459999999],[-5.838191899999999,43.31093909999999],[-5.837245799999999,43.309422999999995],[-5.8373556,43.30913209999999],[-5.838834200000001,43.3080509],[-5.840506699999999,43.3076942],[-5.8410269,43.3064207],[-5.842764,43.30454069999999],[-5.844608499999999,43.3039095],[-5.844963000000001,43.3033154],[-5.845468500000001,43.30305070000001],[-5.845631100000001,43.30151599999999],[-5.844835499999999,43.30119419999998],[-5.845276799999999,43.3008623],[-5.846625599999999,43.3005846],[-5.8482155,43.3007534],[-5.848951300000001,43.3014914],[-5.8494231999999995,43.30251599999999],[-5.850462599999999,43.30318809999999],[-5.8527512999999995,43.303302499999994],[-5.8601136999999985,43.30615830000001],[-5.8646166,43.3072938],[-5.868274399999999,43.30765949999999],[-5.8688387,43.30790890000001]]]}},{"type":"Feature","properties":{"name":"Ferreros","level":9},"geometry":{"type":"Polygon","coordinates":[[[-5.86803,43.3085534],[-5.8689273,43.307948],[-5.871803300000001,43.310808400000006],[-5.8724953,43.31277550000001],[-5.8733591,43.313935400000005],[-5.8741012,43.31445029999999],[-5.8751071,43.314749000000006],[-5.8773908,43.314748699999996],[-5.878586,43.314356499999995],[-5.8805429,43.3132399],[-5.887224299999999,43.311584800000006],[-5.891384000000001,43.31179410000001],[-5.8936348,43.31000279999999],[-5.896925000000001,43.309490700000005],[-5.898506999999999,43.309555399999994],[-5.8999871,43.309946599999996],[-5.9061877,43.312457299999984],[-5.9100742,43.312682399999986],[-5.911080999999999,43.312723399999996],[-5.912410300000001,43.31159370000001],[-5.9140057,43.3122106],[-5.9145729,43.3120627],[-5.9168271,43.31035659999999],[-5.9171026,43.31038770000001],[-5.9186429,43.311215499999996],[-5.919756099999997,43.3123878],[-5.923036999999999,43.31379729999999],[-5.920732299999999,43.3155762],[-5.920081799999999,43.318213],[-5.919099999999999,43.3190845],[-5.917802199999998,43.31747889999999],[-5.9147284,43.31792649999999],[-5.913025500000001,43.31842009999999],[-5.9099796,43.3204876],[-5.909262399999999,43.320704],[-5.908436699999999,43.32071599999998],[-5.9073593,43.32036519999999],[-5.906108499999999,43.31947859999999],[-5.9049185,43.3206434],[-5.9044011,43.32169199999999],[-5.898966999999999,43.321010599999994],[-5.893871400000001,43.322027000000006],[-5.890591399999999,43.321604999999984],[-5.890330400000001,43.3212735],[-5.8892505,43.32183140000001],[-5.889543499999999,43.320852899999984],[-5.8855084,43.3219725],[-5.8809887000000005,43.324193499999986],[-5.8808511,43.32467420000001],[-5.877123199999999,43.32695609999999],[-5.873890900000001,43.32719949999999],[-5.8718822,43.325143099999984],[-5.871949299999999,43.3247362],[-5.870326699999999,43.3243268],[-5.868417900000001,43.3209802],[-5.867861200000001,43.317014399999984],[-5.8684258,43.3161719],[-5.870430699999999,43.315014],[-5.8702414,43.3136142],[-5.870805999999998,43.31277159999999],[-5.869126800000001,43.3119404],[-5.8687103,43.311473600000014],[-5.8684029,43.31070699999999],[-5.868700900000001,43.3091779],[-5.86803,43.3085534]]]}},{"type":"Feature","properties":{"name":"Cayés","level":9},"geometry":{"type":"Polygon","coordinates":[[[-5.816423799999999,43.41408799999998],[-5.817553099999998,43.4135725],[-5.8191588,43.413307800000005],[-5.8196899,43.413573800000016],[-5.8201267,43.4142023],[-5.821354099999999,43.41403700000001],[-5.821464899999999,43.4149517],[-5.825976,43.4159486],[-5.830845799999999,43.4152247],[-5.8323147,43.41467509999999],[-5.8329595,43.4141999],[-5.835076,43.41191439999999],[-5.835747099999998,43.41068219999999],[-5.841790400000001,43.4091814],[-5.8425279,43.409370200000005],[-5.8428051,43.4097504],[-5.842826499999999,43.4102091],[-5.841816099999999,43.4113147],[-5.841913299999998,43.411807499999995],[-5.843998400000001,43.41387160000001],[-5.845426,43.41402510000001],[-5.8468204,43.413207],[-5.847217099999999,43.41165739999999],[-5.846476999999999,43.4103613],[-5.846642400000001,43.4096729],[-5.847395999999999,43.40888879999999],[-5.847898499999999,43.4085431],[-5.851421200000001,43.4078159],[-5.857051500000001,43.4085757],[-5.857943299999999,43.41117979999999],[-5.856705799999999,43.4129163],[-5.854527,43.4129336],[-5.852594699999999,43.41334199999999],[-5.8490278,43.415502],[-5.841110799999999,43.418940500000005],[-5.838961599999999,43.422640599999994],[-5.8380774,43.4236785],[-5.8395784,43.42478820000001],[-5.84026,43.4243325],[-5.8455627,43.42834140000001],[-5.8409295,43.43169999999999],[-5.8391626,43.4303764],[-5.837703399999999,43.4311356],[-5.832009599999999,43.4282605],[-5.823949500000001,43.4263585],[-5.8238912,43.429481800000005],[-5.8181282,43.42495770000001],[-5.8181667,43.42331240000001],[-5.817091899999999,43.4192273],[-5.817016399999999,43.41792140000001],[-5.8174529,43.4171294],[-5.8165051,43.41633099999999],[-5.8166746,43.41547340000001],[-5.816423799999999,43.41408799999998]]]}},{"type":"Feature","properties":{"name":"Ables","level":9},"geometry":{"type":"Polygon","coordinates":[[[-5.873431100000001,43.424165300000006],[-5.872333700000001,43.4248679],[-5.872074199999999,43.42590989999999],[-5.871039799999999,43.4272865],[-5.869481999999999,43.4280459],[-5.865714399999999,43.430931699999995],[-5.860319,43.43205729999999],[-5.8542232,43.43247980000001],[-5.8495862999999995,43.43239599999999],[-5.841572500000001,43.4311623],[-5.8455627,43.42834140000001],[-5.84026,43.4243325],[-5.8395784,43.42478820000001],[-5.8380774,43.4236785],[-5.838961599999999,43.422640599999994],[-5.841110799999999,43.418940500000005],[-5.8490278,43.415502],[-5.852594699999999,43.41334199999999],[-5.854527,43.4129336],[-5.856705799999999,43.4129163],[-5.857943299999999,43.41117979999999],[-5.8614229,43.41380569999999],[-5.862385999999999,43.41406069999999],[-5.862889700000001,43.413742000000006],[-5.8631825,43.4131404],[-5.864092900000001,43.4099211],[-5.8651453,43.4094536],[-5.865838199999999,43.40948119999999],[-5.866797799999999,43.4099254],[-5.8681121,43.4116031],[-5.868274999999999,43.41295869999999],[-5.867965599999999,43.41399289999999],[-5.8651832,43.41627760000001],[-5.862104199999999,43.41777739999999],[-5.861169799999999,43.4189173],[-5.860991799999999,43.4195971],[-5.8611398,43.4198545],[-5.865317599999999,43.42095630000001],[-5.869526600000001,43.4211479],[-5.8729123,43.42299859999999],[-5.873431100000001,43.424165300000006]]]}},{"type":"Feature","properties":{"name":"Pruvia","level":9},"geometry":{"type":"Polygon","coordinates":[[[-5.792024399999999,43.4762234],[-5.7912805,43.4757743],[-5.790857599999998,43.475145799999986],[-5.7898428,43.47497740000001],[-5.789810499999999,43.47541460000001],[-5.7894531,43.47564229999999],[-5.7892269999999995,43.4752693],[-5.7887716,43.47516799999999],[-5.7879368,43.4760237],[-5.7877391000000005,43.4758256],[-5.7873853,43.4760491],[-5.7871931,43.47592379999999],[-5.787398800000001,43.47476559999999],[-5.7871109,43.4741935],[-5.787630100000001,43.472574200000004],[-5.7872076,43.4707032],[-5.787461999999999,43.470259799999994],[-5.785831399999999,43.46986499999999],[-5.785916499999999,43.4691528],[-5.785542200000001,43.469140599999996],[-5.7854772,43.46879],[-5.783942,43.4678115],[-5.784438299999999,43.46767189999999],[-5.784157799999998,43.466916299999994],[-5.7824072,43.4657507],[-5.7820076,43.4657463],[-5.781218199999998,43.4645714],[-5.7804877999999995,43.464032499999995],[-5.780449300000001,43.4636717],[-5.7781277,43.46365469999999],[-5.777971199999999,43.463173399999995],[-5.7765833,43.4632442],[-5.7743085,43.46290489999999],[-5.773726500000001,43.4630939],[-5.772756300000001,43.46302200000002],[-5.766903499999999,43.46167419999998],[-5.766036699999998,43.461248100000006],[-5.7643601,43.460188800000005],[-5.7631552,43.4588551],[-5.7622378,43.458314200000004],[-5.760874199999999,43.45666879999999],[-5.758866,43.4550312],[-5.758337099999999,43.455016],[-5.757045799999999,43.454437999999996],[-5.756991999999999,43.45344009999999],[-5.756445900000001,43.4531784],[-5.757154899999999,43.45246670000001],[-5.7569678,43.451946099999994],[-5.7562021,43.4515606],[-5.756499,43.45054340000001],[-5.756316799999999,43.448979599999994],[-5.7574484,43.448452800000005],[-5.758240400000002,43.446128800000004],[-5.765081499999999,43.4411373],[-5.765386,43.4404996],[-5.765010999999999,43.4395903],[-5.765898000000001,43.439532799999995],[-5.766365499999999,43.438405],[-5.7670480999999985,43.4379293],[-5.768954299999999,43.43745989999999],[-5.773339,43.4376957],[-5.7755852999999995,43.4335893],[-5.776283800000001,43.4329241],[-5.776896299999997,43.43145959999999],[-5.7793183,43.42877150000001],[-5.7819091,43.4303111],[-5.784246700000001,43.429560900000006],[-5.785189599999999,43.4299161],[-5.7883153,43.4291105],[-5.789652399999999,43.4257689],[-5.7915863,43.4255749],[-5.792873899999999,43.4264072],[-5.793762699999999,43.43610029999999],[-5.7966641999999995,43.4376399],[-5.7973379000000005,43.4404597],[-5.7960988,43.4408275],[-5.7956382,43.44312209999999],[-5.7958861,43.44792420000001],[-5.793850999999999,43.453555699999995],[-5.795565899999998,43.456439999999986],[-5.796931300000001,43.45951300000001],[-5.796911600000001,43.4617644],[-5.797385200000001,43.462653200000005],[-5.8009813999999995,43.4650412],[-5.801702100000001,43.46592390000001],[-5.8026539,43.468061500000005],[-5.8001477999999995,43.4694736],[-5.7962068,43.47033540000001],[-5.794823899999999,43.4709095],[-5.7940101,43.47444089999999],[-5.792024399999999,43.4762234]]]}},{"type":"Feature","properties":{"name":"Llugo","level":9},"geometry":{"type":"Polygon","coordinates":[[[-5.8409295,43.43169999999999],[-5.8458045,43.439732199999995],[-5.8457479,43.443337],[-5.848211099999999,43.44537970000001],[-5.848694699999999,43.446303799999995],[-5.848099999999999,43.44784930000001],[-5.845979600000001,43.448487400000005],[-5.844858799999999,43.4506762],[-5.8445725999999985,43.452214],[-5.8440634,43.453217200000005],[-5.838849399999999,43.45298669999999],[-5.8355063,43.453384799999995],[-5.8339222,43.45360420000001],[-5.8325422,43.454223699999986],[-5.824079099999999,43.456414099999996],[-5.820186400000001,43.4569604],[-5.815484699999999,43.45712139999999],[-5.802850500000001,43.461618900000005],[-5.798838499999999,43.4636081],[-5.797385200000001,43.462653200000005],[-5.796911600000001,43.4617644],[-5.796931300000001,43.45951300000001],[-5.795565899999998,43.456439999999986],[-5.793850999999999,43.453555699999995],[-5.7958861,43.44792420000001],[-5.7956382,43.44312209999999],[-5.7960988,43.4408275],[-5.7973379000000005,43.4404597],[-5.7966641999999995,43.4376399],[-5.793762699999999,43.43610029999999],[-5.792873899999999,43.4264072],[-5.7915863,43.4255749],[-5.789652399999999,43.4257689],[-5.791484299999999,43.421190599999996],[-5.7960864,43.4178547],[-5.801404699999999,43.4121149],[-5.8030463,43.412893999999994],[-5.803529099999999,43.4129181],[-5.803952600000001,43.41193289999999],[-5.8052339,43.4126602],[-5.809066599999999,43.412476],[-5.8094666,43.4131144],[-5.810336499999999,43.41322809999999],[-5.810319399999999,43.4136607],[-5.809468299999999,43.4139517],[-5.809371,43.41425129999999],[-5.8106770999999995,43.41498450000001],[-5.809933699999999,43.416002199999994],[-5.810284799999999,43.41638069999999],[-5.8116961,43.41618389999999],[-5.8148498,43.4152059],[-5.816423799999999,43.41408799999998],[-5.8166746,43.41547340000001],[-5.8165051,43.41633099999999],[-5.8174529,43.4171294],[-5.817016399999999,43.41792140000001],[-5.817091899999999,43.4192273],[-5.8181667,43.42331240000001],[-5.8181282,43.42495770000001],[-5.8238912,43.429481800000005],[-5.823949500000001,43.4263585],[-5.832009599999999,43.4282605],[-5.837703399999999,43.4311356],[-5.8391626,43.4303764],[-5.8409295,43.43169999999999]]]}},{"type":"Feature","properties":{"name":"Posada","level":9},"geometry":{"type":"Polygon","coordinates":[[[-5.866908600000002,43.4575084],[-5.8691912,43.46055739999999],[-5.869337999999999,43.461048999999996],[-5.869063399999999,43.4617762],[-5.867161599999999,43.46285939999999],[-5.8652878999999984,43.46349159999999],[-5.857174,43.4652254],[-5.8542963,43.460030100000004],[-5.8529082,43.4591643],[-5.850110700000001,43.458288700000004],[-5.848532999999998,43.45706749999999],[-5.847482499999998,43.454437599999984],[-5.845960599999999,43.45335000000001],[-5.8440634,43.453217200000005],[-5.8445725999999985,43.452214],[-5.844858799999999,43.4506762],[-5.845979600000001,43.448487400000005],[-5.848099999999999,43.44784930000001],[-5.848694699999999,43.446303799999995],[-5.848211099999999,43.44537970000001],[-5.8457479,43.443337],[-5.8458045,43.439732199999995],[-5.8409295,43.43169999999999],[-5.8413809,43.4312431],[-5.8495862999999995,43.43239599999999],[-5.8542232,43.43247980000001],[-5.860319,43.43205729999999],[-5.865714399999999,43.430931699999995],[-5.8651912,43.43493289999999],[-5.865639300000001,43.4355257],[-5.8679568999999985,43.43595669999999],[-5.8698595,43.43910720000001],[-5.8698443,43.4411149],[-5.867177799999999,43.445166199999996],[-5.8646864,43.4520717],[-5.864884199999999,43.45364239999999],[-5.866908600000002,43.4575084]]]}},{"type":"Feature","properties":{"name":"San Cucao","level":9},"geometry":{"type":"Polygon","coordinates":[[[-5.918150300000001,43.44022940000001],[-5.9132815999999995,43.4384065],[-5.9104624,43.43856730000001],[-5.909270299999999,43.438908399999995],[-5.908236999999999,43.4388476],[-5.903793300000001,43.44077519999998],[-5.9021052,43.4411332],[-5.8975662,43.44363440000001],[-5.8936117,43.4464808],[-5.890844600000001,43.44754129999999],[-5.8881502999999995,43.45013049999999],[-5.8848252,43.4521954],[-5.8823965,43.45518289999999],[-5.8776867,43.4551666],[-5.870868899999999,43.4583994],[-5.8680711,43.4588298],[-5.866908600000002,43.4575084],[-5.864884199999999,43.45364239999999],[-5.8646864,43.4520717],[-5.867177799999999,43.445166199999996],[-5.8698443,43.4411149],[-5.8698595,43.43910720000001],[-5.8679568999999985,43.43595669999999],[-5.865639300000001,43.4355257],[-5.8651912,43.43493289999999],[-5.865705900000001,43.4307518],[-5.869481999999999,43.4280459],[-5.871039799999999,43.4272865],[-5.872074199999999,43.42590989999999],[-5.872333700000001,43.4248679],[-5.873431100000001,43.424165300000006],[-5.8749233,43.427116899999994],[-5.8757224,43.4272949],[-5.8791944,43.4270454],[-5.8813064,43.4262538],[-5.881915199999999,43.4258063],[-5.88211,43.42522509999999],[-5.881479699999998,43.4244397],[-5.8769436,43.42230299999999],[-5.8763193,43.42033779999999],[-5.8780417,43.4181065],[-5.881833500000001,43.41523769999999],[-5.8821677,43.414211900000005],[-5.881421199999999,43.41201569999999],[-5.881490000000001,43.4113837],[-5.882963599999999,43.409122599999996],[-5.8841847000000005,43.4083084],[-5.884993699999999,43.4081799],[-5.885993300000001,43.4084248],[-5.888372099999999,43.41221839999999],[-5.8884017,43.413100099999994],[-5.885820600000001,43.4159655],[-5.8858441,43.416460099999995],[-5.8868488,43.4178484],[-5.8873845,43.418204],[-5.8892809,43.418858400000005],[-5.891029400000001,43.4190032],[-5.892674,43.41852039999999],[-5.8959225,43.416187199999996],[-5.897050600000001,43.4160145],[-5.89807,43.4161507],[-5.900307299999999,43.417219499999995],[-5.9025248,43.4176134],[-5.9052404,43.41705820000001],[-5.906900199999999,43.416124599999996],[-5.9080874,43.41589630000001],[-5.9086399,43.41634140000001],[-5.9083885,43.4177975],[-5.9088412,43.41796599999999],[-5.9093971000000005,43.417708799999986],[-5.916095499999999,43.4237477],[-5.9200458,43.4249021],[-5.921398899999999,43.4281953],[-5.921801500000001,43.428860300000004],[-5.922217999999999,43.428786599999995],[-5.9227306,43.42968290000001],[-5.9219957,43.43058399999999],[-5.921636999999998,43.43057519999999],[-5.921772099999999,43.430814899999994],[-5.9200647,43.4305074],[-5.919295499999998,43.431211299999994],[-5.918999099999999,43.43301060000001],[-5.9193576,43.43327159999999],[-5.918171299999998,43.4350666],[-5.9184209,43.43537539999999],[-5.917953999999999,43.4356297],[-5.918241,43.43701930000002],[-5.917529099999999,43.43758909999998],[-5.917457500000001,43.438671400000004],[-5.918150300000001,43.44022940000001]]]}},{"type":"Feature","properties":{"name":"Bonielles","level":9},"geometry":{"type":"Polygon","coordinates":[[[-5.880717099999999,43.45729619999999],[-5.8848252,43.4521954],[-5.8881502999999995,43.45013049999999],[-5.890844600000001,43.44754129999999],[-5.8936117,43.4464808],[-5.8975662,43.44363440000001],[-5.9021052,43.4411332],[-5.903793300000001,43.44077519999998],[-5.908236999999999,43.4388476],[-5.909270299999999,43.438908399999995],[-5.9104624,43.43856730000001],[-5.9132815999999995,43.4384065],[-5.918150300000001,43.44022940000001],[-5.919785199999999,43.4451848],[-5.9194152,43.4487958],[-5.919988699999998,43.44941149999999],[-5.924156,43.4507455],[-5.9221831,43.4541725],[-5.9188644,43.45763369999999],[-5.9187246,43.458582699999994],[-5.915905399999999,43.4611308],[-5.9109094,43.4603127],[-5.908960999999999,43.46040730000001],[-5.9002617,43.462789400000005],[-5.8993208,43.4635336],[-5.8997333,43.4659542],[-5.8994778000000005,43.46681600000001],[-5.897276300000001,43.46705200000001],[-5.8958172,43.46704389999999],[-5.8825433,43.464768400000004],[-5.880841299999999,43.46355079999999],[-5.880095999999999,43.46217389999999],[-5.8798550999999994,43.45970389999999],[-5.880717099999999,43.45729619999999]]]}},{"type":"Feature","properties":{"name":"Santa Cruz","level":9},"geometry":{"type":"Polygon","coordinates":[[[-5.919785199999999,43.4451848],[-5.917457500000001,43.438671400000004],[-5.917529099999999,43.43758909999998],[-5.918241,43.43701930000002],[-5.9180313,43.4355873],[-5.927681200000001,43.441800300000004],[-5.930166899999997,43.44194459999998],[-5.933978699999998,43.44104540000001],[-5.9380438,43.442570700000005],[-5.940479799999999,43.444389799999996],[-5.940974099999999,43.4466225],[-5.941682199999998,43.44720749999998],[-5.9414977,43.4477345],[-5.942574,43.45056099999999],[-5.9435929,43.4517557],[-5.9435411,43.4532336],[-5.944321699999999,43.454294],[-5.9432662999999994,43.4552125],[-5.9436929,43.45661510000001],[-5.9434735,43.457188],[-5.942141899999999,43.4575104],[-5.9419659,43.457704],[-5.9423826,43.458395599999996],[-5.9422312999999995,43.45858859999999],[-5.941310399999999,43.459224500000005],[-5.9405561,43.4592169],[-5.940277700000001,43.45959330000001],[-5.9406689,43.4602675],[-5.940547799999999,43.4608288],[-5.9411803,43.46189299999999],[-5.942516599999999,43.46293899999999],[-5.944032599999999,43.464628700000006],[-5.9454159,43.465367300000004],[-5.946608399999999,43.46675919999999],[-5.947173599999998,43.46694269999999],[-5.9477219,43.4675408],[-5.9521518,43.46813770000001],[-5.953401699999999,43.4689247],[-5.956022499999999,43.46943319999999],[-5.957864500000001,43.470699999999994],[-5.9595485,43.4710076],[-5.9624602,43.4711392],[-5.9652617,43.47198010000001],[-5.9668171,43.47193070000001],[-5.9676787,43.472358499999984],[-5.968303100000001,43.4734948],[-5.968191,43.47474019999999],[-5.966937199999999,43.474889800000014],[-5.965387000000001,43.47555140000001],[-5.962116,43.476167399999994],[-5.9603478999999995,43.47692459999998],[-5.9601394999999995,43.477974399999994],[-5.9564816,43.479788799999994],[-5.953996999999999,43.48385979999998],[-5.9537263000000005,43.486424],[-5.952667300000001,43.4865143],[-5.949268100000001,43.48806969999999],[-5.947761800000001,43.4891351],[-5.946145499999999,43.489464899999994],[-5.9458828,43.489912800000006],[-5.9437472,43.4912644],[-5.941906299999999,43.49155489999999],[-5.9407762,43.492223300000006],[-5.9390991,43.491303],[-5.936756700000001,43.4889476],[-5.936365699999997,43.48746779999999],[-5.9342378,43.4859174],[-5.9334481,43.4846772],[-5.9333211,43.48332979999999],[-5.932699999999999,43.48199519999999],[-5.9315682,43.48134890000001],[-5.9309269,43.479339499999995],[-5.929066,43.477676499999994],[-5.9226183,43.47473519999999],[-5.919149000000001,43.4725279],[-5.917530200000001,43.472029],[-5.9185013999999985,43.46934809999999],[-5.916875499999998,43.46587809999999],[-5.916779199999999,43.46516019999999],[-5.915549399999999,43.463750999999995],[-5.915905399999999,43.4611308],[-5.9187246,43.458582699999994],[-5.9188644,43.45763369999999],[-5.9221831,43.4541725],[-5.924156,43.4507455],[-5.919988699999998,43.44941149999999],[-5.9194152,43.4487958],[-5.919785199999999,43.4451848]]]}},{"type":"Feature","properties":{"name":"Biedes","level":9},"geometry":{"type":"Polygon","coordinates":[[[-5.9180313,43.4355873],[-5.9184209,43.43537539999999],[-5.918171299999998,43.4350666],[-5.9193576,43.43327159999999],[-5.918999099999999,43.43301060000001],[-5.919295499999998,43.431211299999994],[-5.9200647,43.4305074],[-5.921772099999999,43.430814899999994],[-5.921636999999998,43.43057519999999],[-5.9219957,43.43058399999999],[-5.9227306,43.42968290000001],[-5.922217999999999,43.428786599999995],[-5.921801500000001,43.428860300000004],[-5.921398899999999,43.4281953],[-5.9200458,43.4249021],[-5.921580999999999,43.4196039],[-5.929967300000001,43.4008951],[-5.9310231,43.39795079999998],[-5.935693400000001,43.40006639999999],[-5.9380798,43.4014644],[-5.943528500000001,43.40382100000001],[-5.945571500000001,43.4042568],[-5.946060299999998,43.40395779999999],[-5.9474319,43.40494739999999],[-5.9500134000000005,43.4052664],[-5.950011599999999,43.4062789],[-5.9510665,43.4071781],[-5.952533,43.4099902],[-5.952992599999999,43.41216070000001],[-5.952840000000001,43.412857],[-5.950043699999999,43.415441000000015],[-5.9515257,43.4159951],[-5.953929699999998,43.418298099999994],[-5.954511199999999,43.4184328],[-5.953043999999999,43.4206449],[-5.954128399999999,43.4218292],[-5.9532007,43.4228943],[-5.954195400000001,43.4235878],[-5.9538183,43.42426270000001],[-5.9541887,43.42502300000001],[-5.9536821,43.425837300000005],[-5.9544709000000005,43.42623950000001],[-5.954970000000001,43.4273665],[-5.954741399999998,43.42866459999998],[-5.9556521,43.430058700000004],[-5.956345200000001,43.4305774],[-5.9564131,43.4313416],[-5.9570099,43.4319887],[-5.956591199999998,43.4336571],[-5.957311,43.43429560000001],[-5.9574571,43.4349665],[-5.9572183,43.435817799999995],[-5.9565119,43.4363767],[-5.956375399999999,43.4374688],[-5.9579046,43.4382659],[-5.9593557,43.43987839999999],[-5.9587516,43.440777099999984],[-5.9576663,43.441491500000005],[-5.955901900000001,43.44166599999999],[-5.955623700000001,43.442323200000004],[-5.9558338,43.443022100000015],[-5.954786199999999,43.443766000000004],[-5.9511141,43.4450116],[-5.9491724,43.4469537],[-5.947420599999999,43.447693099999995],[-5.9466796,43.4487738],[-5.9443278,43.4487253],[-5.942122800000001,43.4493762],[-5.9414977,43.4477345],[-5.941682199999998,43.44720749999998],[-5.940974099999999,43.4466225],[-5.940479799999999,43.444389799999996],[-5.937942,43.4425102],[-5.933978699999998,43.44104540000001],[-5.930166899999997,43.44194459999998],[-5.927681200000001,43.441800300000004],[-5.9180313,43.4355873]]]}},{"type":"Feature","properties":{"name":"Villaperi","level":9},"geometry":{"type":"Polygon","coordinates":[[[-5.843465600000001,43.388945799999995],[-5.850571999999999,43.3902015],[-5.8539378,43.39238579999999],[-5.8595997,43.3929693],[-5.866298099999999,43.3917417],[-5.870246999999999,43.39168329999999],[-5.879747999999999,43.3923425],[-5.891458299999999,43.3926464],[-5.8950298,43.39322529999998],[-5.9045559,43.3954331],[-5.9056147,43.396782],[-5.903107099999999,43.3982285],[-5.9028014,43.4035723],[-5.895526399999999,43.404482],[-5.8941352,43.4057908],[-5.8930932,43.406133200000006],[-5.889873699999999,43.4086782],[-5.8868903999999995,43.40981349999999],[-5.885993300000001,43.4084248],[-5.8845875,43.4082082],[-5.8835092,43.40864960000001],[-5.8818336,43.4105557],[-5.881421199999999,43.41201569999999],[-5.8821644,43.414662099999994],[-5.881833500000001,43.41523769999999],[-5.8780417,43.4181065],[-5.8763193,43.42033779999999],[-5.876744799999999,43.422019899999995],[-5.8772009999999995,43.4225216],[-5.881801,43.4247017],[-5.88211,43.42522509999999],[-5.881915199999999,43.4258063],[-5.8813064,43.4262538],[-5.8791944,43.4270454],[-5.8770457,43.4273246],[-5.8749233,43.427116899999994],[-5.8729123,43.42299859999999],[-5.8700813,43.421386],[-5.869526600000001,43.4211479],[-5.865317599999999,43.42095630000001],[-5.8611398,43.4198545],[-5.861169799999999,43.4189173],[-5.862104199999999,43.41777739999999],[-5.8651832,43.41627760000001],[-5.867965599999999,43.41399289999999],[-5.868274999999999,43.41295869999999],[-5.8681121,43.4116031],[-5.866797799999999,43.4099254],[-5.865838199999999,43.40948119999999],[-5.8645715,43.409594],[-5.864092900000001,43.4099211],[-5.8631825,43.4131404],[-5.862889700000001,43.413742000000006],[-5.862385999999999,43.41406069999999],[-5.8614229,43.41380569999999],[-5.8578361999999995,43.41107719999999],[-5.857051500000001,43.4085757],[-5.851421200000001,43.4078159],[-5.847898499999999,43.4085431],[-5.847395999999999,43.40888879999999],[-5.846642400000001,43.4096729],[-5.846476999999999,43.4103613],[-5.847217099999999,43.41165739999999],[-5.8468204,43.413207],[-5.845426,43.41402510000001],[-5.843998400000001,43.41387160000001],[-5.841913299999998,43.411807499999995],[-5.841816099999999,43.4113147],[-5.842826499999999,43.4102091],[-5.8428051,43.4097504],[-5.8425279,43.409370200000005],[-5.841790400000001,43.4091814],[-5.835747099999998,43.41068219999999],[-5.835076,43.41191439999999],[-5.8329595,43.4141999],[-5.8323147,43.41467509999999],[-5.830845799999999,43.4152247],[-5.825976,43.4159486],[-5.821464899999999,43.4149517],[-5.821354099999999,43.41403700000001],[-5.8234631,43.41317449999998],[-5.827005099999998,43.4127519],[-5.8289214000000005,43.4131565],[-5.829438099999999,43.412846599999995],[-5.8292667,43.4120855],[-5.828245300000001,43.41065840000002],[-5.827590799999999,43.41079860000001],[-5.8269256,43.410190699999994],[-5.826347999999999,43.40775479999999],[-5.824634100000002,43.40670090000001],[-5.8240761999999995,43.405882500000004],[-5.8236962,43.404642],[-5.8237222,43.4023826],[-5.825845799999999,43.40205939999999],[-5.827000999999999,43.40058059999999],[-5.835170299999998,43.39915109999998],[-5.8349462,43.3987198],[-5.8350799,43.39775889999999],[-5.8362642,43.39691150000001],[-5.836764900000001,43.39234389999999],[-5.8406234999999995,43.389124499999994],[-5.843465600000001,43.388945799999995]]]}},{"type":"Feature","properties":{"name":"Brañes","level":9},"geometry":{"type":"Polygon","coordinates":[[[-5.8868903999999995,43.40981349999999],[-5.889873699999999,43.4086782],[-5.8930932,43.406133200000006],[-5.8941352,43.4057908],[-5.895526399999999,43.404482],[-5.9028014,43.4035723],[-5.903107099999999,43.3982285],[-5.9056147,43.396782],[-5.9097936,43.3949977],[-5.910098199999999,43.396074299999995],[-5.9113564,43.397000000000006],[-5.9118256,43.39797099999999],[-5.9127977,43.3978236],[-5.9138611,43.3982826],[-5.9143914,43.399003900000004],[-5.915217200000001,43.3991511],[-5.915792899999999,43.3987451],[-5.917389799999999,43.39874639999999],[-5.9185156999999995,43.397770799999996],[-5.919741099999999,43.397827899999996],[-5.9206303,43.39838559999999],[-5.9226315,43.400914300000004],[-5.926412099999999,43.4043273],[-5.9265688,43.4044298],[-5.9270814,43.40413960000001],[-5.927604099999999,43.4045199],[-5.928224799999999,43.40457889999999],[-5.921580999999999,43.4196039],[-5.9200458,43.4249021],[-5.916095499999999,43.4237477],[-5.9093971000000005,43.417708799999986],[-5.9088412,43.41796599999999],[-5.9083885,43.4177975],[-5.9086399,43.41634140000001],[-5.9080874,43.41589630000001],[-5.906900199999999,43.416124599999996],[-5.9052404,43.41705820000001],[-5.9025248,43.4176134],[-5.900307299999999,43.417219499999995],[-5.89807,43.4161507],[-5.897050600000001,43.4160145],[-5.8959225,43.416187199999996],[-5.892674,43.41852039999999],[-5.891029400000001,43.4190032],[-5.8892809,43.418858400000005],[-5.8873845,43.418204],[-5.8868488,43.4178484],[-5.8858441,43.416460099999995],[-5.885820600000001,43.4159655],[-5.8884017,43.413100099999994],[-5.888506199999999,43.412701199999994],[-5.8868903999999995,43.40981349999999]]]}},{"type":"Feature","properties":{"name":"Naranco","level":9},"geometry":{"type":"Polygon","coordinates":[[[-5.879747999999999,43.3923425],[-5.870246999999999,43.39168329999999],[-5.866298099999999,43.3917417],[-5.8595997,43.3929693],[-5.8539378,43.39238579999999],[-5.850571999999999,43.3902015],[-5.843465600000001,43.388945799999995],[-5.8453081,43.38777090000001],[-5.8474617,43.3874473],[-5.8464489,43.3850229],[-5.8471259,43.38253709999999],[-5.8466292,43.3816965],[-5.853837,43.3795921],[-5.855125899999999,43.378884799999994],[-5.8550921,43.37771219999999],[-5.855933199999999,43.378160199999996],[-5.858166199999999,43.377336799999995],[-5.8602435999999996,43.3778027],[-5.8618777,43.377193299999995],[-5.8627207,43.37722469999999],[-5.8626689999999995,43.37653349999999],[-5.864563,43.37649269999999],[-5.864498300000001,43.3754349],[-5.8657848,43.3752342],[-5.866075,43.3749118],[-5.8654234999999995,43.37436300000001],[-5.864702099999999,43.37422899999999],[-5.8643237,43.374732900000005],[-5.8625153,43.37397409999999],[-5.8624028,43.3734825],[-5.8627731,43.37312140000001],[-5.8622199,43.37244530000001],[-5.860582900000001,43.371687599999994],[-5.8606244,43.371410799999985],[-5.8625427,43.3701281],[-5.864307799999998,43.369862999999995],[-5.8650771,43.369962300000005],[-5.865060699999999,43.370967199999996],[-5.8659301,43.3716009],[-5.867559099999999,43.3719805],[-5.868953199999999,43.372094499999996],[-5.868863100000001,43.3716094],[-5.869795099999999,43.371565399999994],[-5.8708738,43.3716434],[-5.8719361,43.3721381],[-5.8716705,43.3713585],[-5.872062499999999,43.371026699999994],[-5.873046900000001,43.37082439999999],[-5.874272299999999,43.37099239999999],[-5.874535099999999,43.369957100000015],[-5.8796286,43.37060220000001],[-5.8822597,43.3700877],[-5.882943600000001,43.37032159999999],[-5.882645700000001,43.37105179999998],[-5.881618099999999,43.37173469999999],[-5.881583399999999,43.37260990000001],[-5.882607800000001,43.3728823],[-5.8835092,43.3727534],[-5.8850284,43.3719165],[-5.885301699999999,43.37110609999999],[-5.884486399999999,43.368528600000005],[-5.8859684,43.367983],[-5.8890962,43.36735540000001],[-5.8896239,43.3698799],[-5.889508,43.37173279999999],[-5.8883788,43.3737135],[-5.8892605,43.3753739],[-5.8892967,43.3761352],[-5.8770307,43.3741207],[-5.875670300000001,43.374457],[-5.8741582,43.37428130000001],[-5.8724289,43.374496699999995],[-5.871851399999999,43.37468319999999],[-5.872324899999999,43.37509609999999],[-5.872585399999999,43.37642889999999],[-5.869389400000001,43.378719100000005],[-5.868352299999998,43.380065300000005],[-5.867892199999999,43.3803092],[-5.8687266,43.3815154],[-5.868438999999999,43.3819038],[-5.868822300000001,43.384353],[-5.868142099999998,43.3861456],[-5.869471800000001,43.3860983],[-5.872808499999999,43.38482459999999],[-5.8744017999999985,43.3850959],[-5.8759407,43.3847551],[-5.8770279,43.385239],[-5.878543999999999,43.3853588],[-5.880054,43.388039899999995],[-5.879747999999999,43.3923425]]]}},{"type":"Feature","properties":{"name":"Samiguel","level":9},"geometry":{"type":"Polygon","coordinates":[[[-5.8890962,43.36735540000001],[-5.8924977,43.365840899999995],[-5.894469799999999,43.36565889999999],[-5.8938171,43.3684959],[-5.896162799999999,43.370645599999996],[-5.900974,43.3706571],[-5.901017899999999,43.3700225],[-5.9035763,43.36967539999999],[-5.905621,43.36967989999999],[-5.904712899999999,43.3733728],[-5.907866599999999,43.3796939],[-5.904498899999999,43.38057619999999],[-5.903652600000001,43.381371699999995],[-5.9042978,43.38654739999999],[-5.9041673999999995,43.387518099999994],[-5.904632499999999,43.388254499999995],[-5.904821499999999,43.389323299999994],[-5.905477599999999,43.3900146],[-5.9061184,43.3914798],[-5.908670099999999,43.39245539999999],[-5.9097936,43.3949977],[-5.9056147,43.396782],[-5.9045559,43.3954331],[-5.902383899999999,43.39480029999999],[-5.8925068,43.3927128],[-5.879747999999999,43.3923425],[-5.880054,43.388039899999995],[-5.878543999999999,43.3853588],[-5.8770279,43.385239],[-5.8759407,43.3847551],[-5.8744017999999985,43.3850959],[-5.872808499999999,43.38482459999999],[-5.869471800000001,43.3860983],[-5.868142099999998,43.3861456],[-5.868822300000001,43.384353],[-5.868438999999999,43.3819038],[-5.8687266,43.3815154],[-5.867892199999999,43.3803092],[-5.868352299999998,43.380065300000005],[-5.869389400000001,43.378719100000005],[-5.872585399999999,43.37642889999999],[-5.872324899999999,43.37509609999999],[-5.871851399999999,43.37468319999999],[-5.8741582,43.37428130000001],[-5.875670300000001,43.374457],[-5.8770307,43.3741207],[-5.8892967,43.3761352],[-5.8892605,43.3753739],[-5.8883788,43.3737135],[-5.889508,43.37173279999999],[-5.8896239,43.3698799],[-5.8890962,43.36735540000001]]]}},{"type":"Feature","properties":{"name":"Lloriana","level":9},"geometry":{"type":"Polygon","coordinates":[[[-5.9310231,43.39795079999998],[-5.928224799999999,43.40457889999999],[-5.927604099999999,43.4045199],[-5.9270814,43.40413960000001],[-5.9265688,43.4044298],[-5.926412099999999,43.4043273],[-5.9226315,43.400914300000004],[-5.9206303,43.39838559999999],[-5.919741099999999,43.397827899999996],[-5.9185156999999995,43.397770799999996],[-5.917389799999999,43.39874639999999],[-5.9163603,43.398659200000004],[-5.9156909,43.398782],[-5.9153792,43.39913529999999],[-5.914694500000001,43.39908390000001],[-5.9138611,43.3982826],[-5.9127977,43.3978236],[-5.911884100000001,43.398012900000005],[-5.9113564,43.397000000000006],[-5.910098199999999,43.396074299999995],[-5.908670099999999,43.39245539999999],[-5.9061184,43.3914798],[-5.905477599999999,43.3900146],[-5.904821499999999,43.389323299999994],[-5.904632499999999,43.388254499999995],[-5.9041673999999995,43.387518099999994],[-5.9042978,43.38654739999999],[-5.903652600000001,43.381371699999995],[-5.904498899999999,43.38057619999999],[-5.907866599999999,43.3796939],[-5.904712899999999,43.3733728],[-5.905621,43.36967989999999],[-5.9107479,43.37035559999999],[-5.9144395,43.370132500000004],[-5.916470099999999,43.3696131],[-5.9276292,43.37398520000001],[-5.9273728000000006,43.3744631],[-5.927045699999999,43.378181099999985],[-5.927745599999999,43.37938760000001],[-5.928256299999999,43.379482599999996],[-5.9296435999999995,43.3790689],[-5.932461,43.377592],[-5.933404499999999,43.3777029],[-5.934345200000001,43.378525100000004],[-5.9348078,43.37941359999999],[-5.9294059,43.38515260000001],[-5.9290681,43.3863408],[-5.929663299999999,43.3871629],[-5.931275499999999,43.38782379999999],[-5.9373643,43.388126699999994],[-5.9387922,43.3885492],[-5.938704599999999,43.38928979999999],[-5.9354727,43.3916508],[-5.9350389,43.3923823],[-5.935097399999999,43.3930831],[-5.9356256,43.393537699999996],[-5.9382315000000006,43.3943172],[-5.9397234999999995,43.39453089999999],[-5.9417025,43.39434489999999],[-5.942202699999998,43.39447609999999],[-5.9431282,43.39573980000001],[-5.943062699999999,43.396425799999996],[-5.942611299999999,43.3970497],[-5.941030399999999,43.3980628],[-5.939032200000001,43.398618499999984],[-5.937533199999999,43.398260799999996],[-5.936856099999999,43.39702669999999],[-5.9361175,43.39630729999998],[-5.9349603,43.395868799999995],[-5.934169300000001,43.3958531],[-5.9331138,43.39624040000001],[-5.9310231,43.39795079999998]]]}},{"type":"Feature","properties":{"name":"Llimanes","level":9},"geometry":{"type":"Polygon","coordinates":[[[-5.7873001,43.3714714],[-5.7839184,43.36635210000001],[-5.783511899999999,43.3644802],[-5.781518799999999,43.360566999999996],[-5.7815392,43.3556144],[-5.776687499999998,43.353940599999994],[-5.777633300000001,43.35249499999999],[-5.7775403,43.3458613],[-5.7741437,43.3448629],[-5.7744339,43.3431239],[-5.777149299999999,43.3442406],[-5.783868999999999,43.34578760000001],[-5.786373700000001,43.345824199999996],[-5.788188999999999,43.3429074],[-5.7888871,43.343410999999996],[-5.7908775,43.344041],[-5.7915913,43.34599440000001],[-5.7983486,43.346684400000015],[-5.799227899999999,43.348354799999996],[-5.799383,43.3533895],[-5.803827499999999,43.3570874],[-5.807606899999999,43.35947670000001],[-5.807398399999999,43.36075540000001],[-5.807970600000001,43.36349069999999],[-5.8097353,43.36583650000001],[-5.811131099999999,43.3665292],[-5.8120404,43.3666733],[-5.8107288,43.368265400000006],[-5.8105137,43.369278200000004],[-5.810719699999999,43.3703686],[-5.808393199999999,43.37035800000001],[-5.8053633,43.369982699999994],[-5.8001366999999995,43.3704453],[-5.7992062,43.3694494],[-5.7969121999999995,43.3695656],[-5.7945416,43.3705264],[-5.792516,43.3709387],[-5.7873001,43.3714714]]]}},{"type":"Feature","properties":{"name":"Pando","level":9},"geometry":{"type":"Polygon","coordinates":[[[-5.814852899999999,43.355821699999986],[-5.8129426,43.3569378],[-5.8141991,43.3584872],[-5.810742099999998,43.3607383],[-5.807599299999998,43.36151979999999],[-5.807398399999999,43.36075540000001],[-5.807606899999999,43.35947670000001],[-5.803827499999999,43.3570874],[-5.799383,43.3533895],[-5.799227899999999,43.348354799999996],[-5.7983486,43.346684400000015],[-5.8006313,43.34636119999999],[-5.805298999999999,43.346862599999994],[-5.8055165,43.34660619999999],[-5.8095391,43.346275],[-5.811742399999999,43.351092099999995],[-5.814852899999999,43.355821699999986]]]}},{"type":"Feature","properties":{"name":"Naves","level":9},"geometry":{"type":"Polygon","coordinates":[[[-5.796469999999999,43.32551970000001],[-5.800565399999999,43.32931829999999],[-5.8019655000000006,43.3329263],[-5.8019746,43.333701],[-5.7992106,43.33592889999999],[-5.797228299999999,43.3379874],[-5.7965991,43.3398917],[-5.797184200000001,43.3416501],[-5.7959763,43.34634270000001],[-5.7915913,43.34599440000001],[-5.7908775,43.344041],[-5.7888871,43.343410999999996],[-5.788188999999999,43.3429074],[-5.786373700000001,43.345824199999996],[-5.783868999999999,43.34578760000001],[-5.777149299999999,43.3442406],[-5.7744339,43.3431239],[-5.777262500000001,43.3397496],[-5.782365800000001,43.335400799999995],[-5.782701900000001,43.3340543],[-5.7811901,43.33312130000001],[-5.780620100000001,43.33224260000001],[-5.7799012,43.331736],[-5.779467699999999,43.33109809999999],[-5.7797805,43.330892600000006],[-5.7822049,43.33038830000001],[-5.783454800000001,43.329389899999995],[-5.786967299999999,43.328512499999995],[-5.7941329999999995,43.3260612],[-5.796469999999999,43.32551970000001]]]}},{"type":"Feature","properties":{"name":"Bendones","level":9},"geometry":{"type":"Polygon","coordinates":[[[-5.7991561,43.32781270000001],[-5.805352899999999,43.3258008],[-5.807667199999999,43.32419409999999],[-5.809271699999999,43.3261889],[-5.816663999999999,43.3283368],[-5.815011100000001,43.331421999999996],[-5.8118361,43.3302479],[-5.810953100000001,43.33075899999999],[-5.8115765,43.3328824],[-5.810916800000001,43.3348695],[-5.809977899999999,43.3354968],[-5.8096586,43.3374104],[-5.810518499999998,43.33893239999999],[-5.8106892000000006,43.3401461],[-5.812201999999999,43.34144160000001],[-5.812703699999999,43.34140169999999],[-5.813467700000001,43.3425425],[-5.8080475,43.343485599999994],[-5.802809599999999,43.3439767],[-5.8041805,43.346638999999996],[-5.8006313,43.34636119999999],[-5.7983486,43.346684400000015],[-5.7959763,43.34634270000001],[-5.797184200000001,43.3416501],[-5.7965991,43.3398917],[-5.797228299999999,43.3379874],[-5.7992106,43.33592889999999],[-5.8019746,43.333701],[-5.8019655000000006,43.3329263],[-5.800565399999999,43.32931829999999],[-5.7991561,43.32781270000001]]]}},{"type":"Feature","properties":{"name":"Veguín","level":9},"geometry":{"type":"Polygon","coordinates":[[[-5.7512611,43.3459835],[-5.7500744,43.345526199999995],[-5.7491506,43.34473799999999],[-5.747661099999998,43.34453979999999],[-5.7471250000000005,43.3438684],[-5.743025399999999,43.343237499999994],[-5.742551799999999,43.341763199999995],[-5.7433835,43.3413291],[-5.7435731,43.3408833],[-5.742393999999999,43.33935389999999],[-5.7430397,43.338627100000004],[-5.7444087999999995,43.33780189999999],[-5.744524900000001,43.33736689999999],[-5.742524500000001,43.3348578],[-5.744277299999999,43.33378929999999],[-5.7505698999999995,43.3387432],[-5.7551271999999996,43.3334111],[-5.755336300000001,43.3323076],[-5.7549394,43.33089449999999],[-5.7562187,43.32972920000001],[-5.7577648,43.329007600000004],[-5.7577916,43.32660289999999],[-5.7585218,43.32529770000001],[-5.758349,43.324203299999986],[-5.757346200000001,43.323029999999996],[-5.756995899999999,43.322102],[-5.757048199999999,43.3205341],[-5.7561291,43.3190255],[-5.757893499999999,43.31577750000001],[-5.7580926,43.3147283],[-5.759995899999999,43.3137581],[-5.767335699999999,43.31332829999999],[-5.7747006999999995,43.31257829999999],[-5.7785741,43.3125012],[-5.7806994000000005,43.3207026],[-5.779483099999999,43.3283842],[-5.7818586000000005,43.3291327],[-5.783454800000001,43.329389899999995],[-5.7822049,43.33038830000001],[-5.780831499999999,43.3305415],[-5.779467699999999,43.33109809999999],[-5.7811901,43.33312130000001],[-5.782701900000001,43.3340543],[-5.782365800000001,43.335400799999995],[-5.777262500000001,43.3397496],[-5.7744339,43.3431239],[-5.7741437,43.3448629],[-5.7723431000000005,43.344709],[-5.771476300000001,43.34491009999999],[-5.770161200000001,43.34583330000002],[-5.769320700000001,43.34606980000001],[-5.7615993,43.34665289999999],[-5.7594902999999995,43.346397700000004],[-5.7565533,43.3469278],[-5.7551989,43.3469874],[-5.7520104,43.3465961],[-5.7512611,43.3459835]]]}},{"type":"Feature","properties":{"name":"Tudela Agüeria","level":9},"geometry":{"type":"Polygon","coordinates":[[[-5.807667199999999,43.32419409999999],[-5.805352899999999,43.3258008],[-5.7991561,43.32781270000001],[-5.796469999999999,43.32551970000001],[-5.7941329999999995,43.3260612],[-5.786967299999999,43.328512499999995],[-5.783454800000001,43.329389899999995],[-5.7818586000000005,43.3291327],[-5.779483099999999,43.3283842],[-5.7806994000000005,43.3207026],[-5.7785741,43.3125012],[-5.790329799999999,43.31197259999998],[-5.796979000000001,43.31103029999999],[-5.805985299999999,43.3091369],[-5.809343899999999,43.315267500000004],[-5.812170399999999,43.31452339999999],[-5.8134875,43.3146185],[-5.8162355,43.3156648],[-5.8170949,43.3156726],[-5.8162228,43.31638019999999],[-5.812270700000001,43.3169883],[-5.810263899999999,43.31770680000001],[-5.8109931,43.318779799999994],[-5.8108395999999995,43.3191904],[-5.8093373999999995,43.32257899999999],[-5.807667199999999,43.32419409999999]]]}},{"type":"Feature","properties":{"name":"San Esteban / San Isteba","level":9},"geometry":{"type":"Polygon","coordinates":[[[-5.8259575,43.35960169999999],[-5.8250631,43.3592324],[-5.823243000000001,43.3574879],[-5.821579899999999,43.3565157],[-5.814852899999999,43.355821699999986],[-5.811742399999999,43.351092099999995],[-5.8095391,43.346275],[-5.8055165,43.34660619999999],[-5.805298999999999,43.346862599999994],[-5.8041805,43.346638999999996],[-5.802809599999999,43.3439767],[-5.8080475,43.343485599999994],[-5.813467700000001,43.3425425],[-5.812703699999999,43.34140169999999],[-5.812201999999999,43.34144160000001],[-5.8106892000000006,43.3401461],[-5.810518499999998,43.33893239999999],[-5.8096586,43.3374104],[-5.809977899999999,43.3354968],[-5.810916800000001,43.3348695],[-5.8115765,43.3328824],[-5.810953100000001,43.33075899999999],[-5.8118361,43.3302479],[-5.815011100000001,43.331421999999996],[-5.817027199999999,43.3276532],[-5.817905499999999,43.3268742],[-5.8192067,43.3243461],[-5.821523200000001,43.32309789999999],[-5.825537899999999,43.32033669999999],[-5.8288145999999985,43.31988379999999],[-5.831012699999999,43.31825859999999],[-5.831984,43.3187497],[-5.831074,43.31989459999999],[-5.831780999999999,43.321308699999996],[-5.83315,43.3218421],[-5.834487900000001,43.32197099999999],[-5.839938299999999,43.324338700000006],[-5.8405816999999995,43.32597049999998],[-5.8433013,43.32821679999999],[-5.843592300000001,43.3280483],[-5.844195399999999,43.32916579999999],[-5.8462572999999995,43.33022509999998],[-5.8429461,43.332129599999995],[-5.839658899999999,43.33755670000001],[-5.8346531,43.34137619999999],[-5.834810600000001,43.34434710000001],[-5.835434300000001,43.34515900000001],[-5.834330500000001,43.34552570000001],[-5.834402099999999,43.3459702],[-5.8361253,43.3474148],[-5.8361266,43.3488092],[-5.837144300000001,43.34877929999999],[-5.8375963,43.349047000000006],[-5.8371626999999995,43.3494482],[-5.8369355999999994,43.3503137],[-5.8372403,43.35064139999999],[-5.836170699999999,43.3510796],[-5.8322582999999995,43.351799899999996],[-5.830032699999999,43.352929499999995],[-5.829047599999999,43.3539741],[-5.8313345,43.35451119999999],[-5.830857100000001,43.35723670000001],[-5.828460699999999,43.3573842],[-5.827847900000001,43.35864359999999],[-5.827257099999999,43.3584636],[-5.8259575,43.35960169999999]]]}},{"type":"Feature","properties":{"name":"San Claudio / San Cloyo","level":9},"geometry":{"type":"Polygon","coordinates":[[[-5.8873311,43.35914660000001],[-5.887992599999999,43.3593065],[-5.8898523,43.35919839999999],[-5.892341199999999,43.358527900000006],[-5.8931214,43.3576457],[-5.894171099999999,43.3578771],[-5.895207200000001,43.35759279999999],[-5.8961190000000006,43.357714900000005],[-5.897810699999999,43.3570431],[-5.8998976999999995,43.357248199999994],[-5.900542899999999,43.3568771],[-5.901073399999998,43.3568797],[-5.902773100000001,43.3573042],[-5.903365999999999,43.357224599999995],[-5.903851899999999,43.3562932],[-5.904952300000001,43.3562007],[-5.905807200000002,43.35651760000001],[-5.9068707,43.35565209999999],[-5.9095022,43.356345999999995],[-5.9095564,43.3567854],[-5.9105715,43.3561469],[-5.9125787999999995,43.35626179999999],[-5.9142735,43.35488329999999],[-5.916219099999999,43.3540294],[-5.917648000000001,43.3535223],[-5.9196292999999995,43.353569],[-5.919826099999999,43.3533039],[-5.920768,43.3538504],[-5.920859999999999,43.35432089999999],[-5.922821999999998,43.354293799999994],[-5.922941799999999,43.35379900000001],[-5.923903599999999,43.35404040000001],[-5.926241999999999,43.35373059999999],[-5.9272305,43.3540681],[-5.9276731,43.354540500000006],[-5.929591999999999,43.35492669999999],[-5.9297936,43.3556713],[-5.9307115,43.3561476],[-5.9311151,43.355580999999994],[-5.931628099999999,43.35568070000001],[-5.9323276,43.3552919],[-5.9328151,43.3553197],[-5.933495199999999,43.355906899999994],[-5.9334396,43.3570451],[-5.9338638999999995,43.3573648],[-5.935679999999999,43.35722139999999],[-5.937783100000001,43.3559257],[-5.9399582,43.3552087],[-5.941132299999999,43.35572669999999],[-5.9428698,43.35784269999999],[-5.9448312,43.3572761],[-5.946103,43.3566145],[-5.9465226,43.3575228],[-5.944996199999999,43.35840059999999],[-5.9445311,43.35838029999999],[-5.9432979999999995,43.35892809999999],[-5.9435636,43.359622699999996],[-5.9427144,43.3607974],[-5.9435351,43.361316499999994],[-5.944720499999999,43.361608399999994],[-5.9469813,43.3615179],[-5.947151300000001,43.36297269999999],[-5.946287500000001,43.363390100000004],[-5.945842299999998,43.36446579999999],[-5.946721200000002,43.364588200000014],[-5.947194699999999,43.364326099999985],[-5.9500285,43.3647689],[-5.950251799999999,43.365271099999994],[-5.9506182999999995,43.3654229],[-5.950575,43.366125399999994],[-5.9509656,43.3666595],[-5.950707399999999,43.3680569],[-5.952335,43.369941700000005],[-5.951793100000001,43.370504000000004],[-5.950621299999999,43.370610799999994],[-5.950234399999999,43.37117889999999],[-5.9459086,43.3726002],[-5.944628699999999,43.372678199999996],[-5.943162,43.3722117],[-5.94143,43.3685557],[-5.9399341,43.3677389],[-5.9390237,43.3677983],[-5.937404100000001,43.368506200000006],[-5.935015,43.3709176],[-5.934175500000001,43.3714254],[-5.928444600000001,43.373139099999996],[-5.9279165,43.373449699999995],[-5.9276292,43.37398520000001],[-5.916470099999999,43.3696131],[-5.9144395,43.370132500000004],[-5.9107479,43.37035559999999],[-5.906416499999999,43.3696757],[-5.904534600000001,43.3696107],[-5.901017899999999,43.3700225],[-5.900974,43.3706571],[-5.896162799999999,43.370645599999996],[-5.8938171,43.3684959],[-5.894469799999999,43.36565889999999],[-5.8924977,43.365840899999995],[-5.892979499999999,43.3613418],[-5.8921609,43.35992739999999],[-5.891640299999999,43.3595818],[-5.8895146,43.360131900000006],[-5.8890561,43.3598285],[-5.887717699999999,43.359638999999994],[-5.8873311,43.35914660000001]]]}},{"type":"Feature","properties":{"name":"Santolaya","level":9},"geometry":{"type":"Polygon","coordinates":[[[-5.8162228,43.31638019999999],[-5.820101600000001,43.31319960000001],[-5.822398,43.30964349999999],[-5.822618699999998,43.30797579999999],[-5.8224221,43.3069423],[-5.823477099999999,43.30574599999999],[-5.824141099999999,43.30547769999999],[-5.825075099999999,43.305309399999985],[-5.825813199999999,43.3054945],[-5.831798499999998,43.307492399999994],[-5.832917300000001,43.3067431],[-5.837671799999998,43.30890089999999],[-5.837245799999999,43.309422999999995],[-5.838191899999999,43.31093909999999],[-5.831984,43.3187497],[-5.831012699999999,43.31825859999999],[-5.8288145999999985,43.31988379999999],[-5.825537899999999,43.32033669999999],[-5.821523200000001,43.32309789999999],[-5.8192067,43.3243461],[-5.817905499999999,43.3268742],[-5.816663999999999,43.3283368],[-5.809271699999999,43.3261889],[-5.807667199999999,43.32419409999999],[-5.8093373999999995,43.32257899999999],[-5.8108395999999995,43.3191904],[-5.8109931,43.318779799999994],[-5.810263899999999,43.31770680000001],[-5.812270700000001,43.3169883],[-5.8162228,43.31638019999999]]]}},{"type":"Feature","properties":{"name":"La Manxoya","level":9},"geometry":{"type":"Polygon","coordinates":[[[-5.866967600000001,43.341861699999995],[-5.865734499999999,43.341956],[-5.8646846,43.34251689999999],[-5.864049700000001,43.34336940000001],[-5.8640077999999995,43.34409539999999],[-5.858471000000001,43.348174900000004],[-5.8561961,43.3482753],[-5.8544655,43.3479531],[-5.8527095,43.3479108],[-5.8488052,43.348844199999995],[-5.8464806,43.3489787],[-5.8454889,43.3488423],[-5.8453772,43.3473118],[-5.845773899999998,43.34711909999999],[-5.844997000000001,43.34613209999999],[-5.8453895,43.345876000000004],[-5.8451395999999995,43.345658300000004],[-5.8444259999999995,43.34574899999999],[-5.843975100000001,43.3460753],[-5.8443251,43.3474575],[-5.8441585,43.3485972],[-5.842850399999999,43.3484679],[-5.8409415,43.347746099999995],[-5.8383859,43.3479862],[-5.8373431,43.34720329999999],[-5.8361253,43.3474148],[-5.834402099999999,43.3459702],[-5.834330500000001,43.34552570000001],[-5.835434300000001,43.34515900000001],[-5.834810600000001,43.34434710000001],[-5.8346531,43.34137619999999],[-5.839658899999999,43.33755670000001],[-5.841058599999998,43.3353466],[-5.845228099999999,43.3352824],[-5.8499284000000005,43.3358439],[-5.856009200000001,43.3304025],[-5.858628100000001,43.33030910000001],[-5.8586091,43.32942880000001],[-5.8608626,43.32881],[-5.860650800000001,43.3275533],[-5.861590400000001,43.326818599999996],[-5.8618692,43.32482459999999],[-5.8649628,43.323998700000004],[-5.8655197999999995,43.32352459999999],[-5.8672758,43.3237687],[-5.8693962,43.3235063],[-5.8696635,43.32305579999999],[-5.870326699999999,43.3243268],[-5.871949299999999,43.3247362],[-5.8718822,43.325143099999984],[-5.873890900000001,43.32719949999999],[-5.8754214,43.32702510000001],[-5.874563599999999,43.32840029999999],[-5.8715448,43.33019780000001],[-5.8704495,43.3312821],[-5.8700952,43.332253300000005],[-5.8694869999999995,43.33839939999999],[-5.8685429000000005,43.3401885],[-5.866967600000001,43.341861699999995]]]}},{"type":"Feature","properties":{"name":"Perera","level":9},"geometry":{"type":"Polygon","coordinates":[[[-5.843592300000001,43.3280483],[-5.8436411,43.3267768],[-5.843247599999999,43.326273300000004],[-5.844091299999999,43.32532489999999],[-5.8436228,43.3237429],[-5.8436946,43.32211139999998],[-5.842930199999999,43.32185129999999],[-5.842654699999998,43.32149789999999],[-5.843268299999999,43.3195828],[-5.842766899999999,43.3191451],[-5.8418304999999995,43.3188983],[-5.8403924,43.317412399999995],[-5.8461608,43.31233459999999],[-5.8486591,43.310912800000004],[-5.8498896,43.310594],[-5.854685100000001,43.310834400000005],[-5.8622707,43.3082586],[-5.863304100000001,43.3074224],[-5.8644140999999985,43.30769169999999],[-5.866835100000001,43.30778399999999],[-5.8676177,43.3081696],[-5.868700900000001,43.3091779],[-5.8684029,43.31070699999999],[-5.8687103,43.311473600000014],[-5.869126800000001,43.3119404],[-5.870805999999998,43.31277159999999],[-5.8702414,43.3136142],[-5.870430699999999,43.315014],[-5.8684258,43.3161719],[-5.867861200000001,43.317014399999984],[-5.868417900000001,43.3209802],[-5.8696635,43.32305579999999],[-5.8693962,43.3235063],[-5.8668947000000005,43.3237876],[-5.8655197999999995,43.32352459999999],[-5.8649628,43.323998700000004],[-5.8618692,43.32482459999999],[-5.861590400000001,43.326818599999996],[-5.860650800000001,43.3275533],[-5.8608626,43.32881],[-5.8586091,43.32942880000001],[-5.858628100000001,43.33030910000001],[-5.856009200000001,43.3304025],[-5.8499284000000005,43.3358439],[-5.845228099999999,43.3352824],[-5.841058599999998,43.3353466],[-5.8429461,43.332129599999995],[-5.8462572999999995,43.33022509999998],[-5.844195399999999,43.32916579999999],[-5.843592300000001,43.3280483]]]}},{"type":"Feature","properties":{"name":"Llatores","level":9},"geometry":{"type":"Polygon","coordinates":[[[-5.909576699999999,43.3206092],[-5.909654599999999,43.322536599999985],[-5.9089499,43.323272100000004],[-5.9075778,43.3281595],[-5.904448300000001,43.3308512],[-5.9034482,43.331416799999985],[-5.903518699999999,43.3326647],[-5.9048939,43.33371],[-5.905303900000001,43.3360538],[-5.904581,43.33895849999999],[-5.901577200000001,43.3416369],[-5.902091299999999,43.3432685],[-5.9009294,43.343689],[-5.899467399999999,43.34326049999999],[-5.8972599,43.3441106],[-5.896108900000001,43.3438919],[-5.894929899999998,43.344592999999996],[-5.895081099999999,43.3451011],[-5.894290699999998,43.34532269999999],[-5.894373999999998,43.34591309999998],[-5.8914626,43.3477897],[-5.8900132,43.34756990000001],[-5.888412999999999,43.3480699],[-5.8818497,43.3488167],[-5.8802829999999995,43.34762189999999],[-5.880412999999999,43.3465401],[-5.878605699999998,43.346488099999995],[-5.8769587,43.3460028],[-5.876220199999999,43.346077799999996],[-5.8762758,43.34644170000001],[-5.8758888,43.3465073],[-5.8706624,43.34703729999999],[-5.8686028,43.3457763],[-5.867318899999999,43.344309599999995],[-5.866967600000001,43.341861699999995],[-5.8685429000000005,43.3401885],[-5.8694869999999995,43.33839939999999],[-5.8702015,43.33181929999999],[-5.8705913999999995,43.3310342],[-5.871326899999998,43.33035749999999],[-5.874563599999999,43.32840029999999],[-5.8754214,43.32702510000001],[-5.877123199999999,43.32695609999999],[-5.8808511,43.32467420000001],[-5.8809887000000005,43.324193499999986],[-5.8855084,43.3219725],[-5.889543499999999,43.320852899999984],[-5.8892505,43.32183140000001],[-5.890330400000001,43.3212735],[-5.890591399999999,43.321604999999984],[-5.893871400000001,43.322027000000006],[-5.898966999999999,43.321010599999994],[-5.9044011,43.32169199999999],[-5.9049185,43.3206434],[-5.906108499999999,43.31947859999999],[-5.9073593,43.32036519999999],[-5.908436699999999,43.32071599999998],[-5.909576699999999,43.3206092]]]}},{"type":"Feature","properties":{"name":"Santa Mariña de Piedramuelle","level":9},"geometry":{"type":"Polygon","coordinates":[[[-5.9173475,43.35358919999999],[-5.9142735,43.35488329999999],[-5.9125787999999995,43.35626179999999],[-5.9105715,43.3561469],[-5.9095564,43.3567854],[-5.9095022,43.356345999999995],[-5.9068707,43.35565209999999],[-5.905807200000002,43.35651760000001],[-5.904952300000001,43.3562007],[-5.903851899999999,43.3562932],[-5.903365999999999,43.357224599999995],[-5.902773100000001,43.3573042],[-5.901073399999998,43.3568797],[-5.900542899999999,43.3568771],[-5.8998976999999995,43.357248199999994],[-5.897810699999999,43.3570431],[-5.8961190000000006,43.357714900000005],[-5.895207200000001,43.35759279999999],[-5.894171099999999,43.3578771],[-5.8931214,43.3576457],[-5.892341199999999,43.358527900000006],[-5.8898523,43.35919839999999],[-5.887992599999999,43.3593065],[-5.8873311,43.35914660000001],[-5.8874191,43.3585247],[-5.888156699999999,43.3574308],[-5.891869899999999,43.354159999999986],[-5.8923518,43.3528108],[-5.8924975,43.3516068],[-5.892211200000001,43.351090000000006],[-5.890489200000001,43.350555400000005],[-5.8912089,43.3477412],[-5.8914626,43.3477897],[-5.894373999999998,43.34591309999998],[-5.894290699999998,43.34532269999999],[-5.895081099999999,43.3451011],[-5.894929899999998,43.344592999999996],[-5.895332299999996,43.34422799999999],[-5.896108900000001,43.3438919],[-5.8967431999999995,43.3441056],[-5.897906100000001,43.3439955],[-5.899467399999999,43.34326049999999],[-5.9009294,43.343689],[-5.903053399999999,43.342798899999984],[-5.907052300000001,43.3429204],[-5.9096482,43.34236859999999],[-5.9122411,43.342521000000005],[-5.9160006,43.343494199999995],[-5.918709299999999,43.342871899999984],[-5.9198256,43.3435081],[-5.919973999999999,43.34434329999999],[-5.9213805,43.3465129],[-5.9218312,43.35012919999999],[-5.9213679,43.350829],[-5.9199646,43.351980399999995],[-5.917378799999999,43.3527831],[-5.9173475,43.35358919999999]]]}},{"type":"Feature","properties":{"name":"Sograndio","level":9},"geometry":{"type":"Polygon","coordinates":[[[-5.9301553,43.3333806],[-5.931276499999999,43.3341862],[-5.9331337,43.33410629999999],[-5.9411255,43.3360122],[-5.942136799999999,43.33605369999999],[-5.943192799999999,43.33573629999999],[-5.944975499999998,43.3380536],[-5.944944199999999,43.3403763],[-5.950228599999999,43.3445694],[-5.953086999999999,43.348841099999994],[-5.954443699999998,43.35198259999999],[-5.9571373,43.3528481],[-5.958222199999999,43.35414229999999],[-5.9586801,43.35787929999999],[-5.9550399,43.3587342],[-5.949390400000001,43.359410000000004],[-5.9469813,43.3615179],[-5.944720499999999,43.361608399999994],[-5.9435351,43.361316499999994],[-5.9427144,43.3607974],[-5.9435636,43.359622699999996],[-5.9432979999999995,43.35892809999999],[-5.9445311,43.35838029999999],[-5.944996199999999,43.35840059999999],[-5.9465226,43.3575228],[-5.946103,43.3566145],[-5.9448312,43.3572761],[-5.9428698,43.35784269999999],[-5.941132299999999,43.35572669999999],[-5.9399582,43.3552087],[-5.937783100000001,43.3559257],[-5.935679999999999,43.35722139999999],[-5.9338638999999995,43.3573648],[-5.9334396,43.3570451],[-5.933495199999999,43.355906899999994],[-5.9328151,43.3553197],[-5.9323276,43.3552919],[-5.931628099999999,43.35568070000001],[-5.9311151,43.355580999999994],[-5.9307115,43.3561476],[-5.9297936,43.3556713],[-5.929591999999999,43.35492669999999],[-5.9276731,43.354540500000006],[-5.9272305,43.3540681],[-5.926241999999999,43.35373059999999],[-5.923903599999999,43.35404040000001],[-5.922941799999999,43.35379900000001],[-5.922821999999998,43.354293799999994],[-5.920859999999999,43.35432089999999],[-5.920768,43.3538504],[-5.919826099999999,43.3533039],[-5.9193671000000005,43.3536121],[-5.918569300000001,43.35345960000001],[-5.9173475,43.35358919999999],[-5.917378799999999,43.3527831],[-5.9199646,43.351980399999995],[-5.9213679,43.350829],[-5.9218312,43.35012919999999],[-5.9213805,43.3465129],[-5.919973999999999,43.34434329999999],[-5.9198918,43.3435936],[-5.9233996,43.3423721],[-5.928177000000001,43.3421289],[-5.929056799999999,43.34135340000001],[-5.9295595,43.3388305],[-5.9307686,43.335638800000005],[-5.9301553,43.3333806]]]}},{"type":"Feature","properties":{"name":"Les Caldes","level":9},"geometry":{"type":"Polygon","coordinates":[[[-5.928361499999999,43.325819800000005],[-5.929270999999999,43.328198999999984],[-5.9314131,43.3297969],[-5.9316793,43.3303947],[-5.9301688,43.3327433],[-5.9307686,43.335638800000005],[-5.9295595,43.3388305],[-5.929056799999999,43.34135340000001],[-5.928177000000001,43.3421289],[-5.9233996,43.3423721],[-5.9198918,43.3435936],[-5.918709299999999,43.342871899999984],[-5.9160006,43.343494199999995],[-5.9122411,43.342521000000005],[-5.9096482,43.34236859999999],[-5.907052300000001,43.3429204],[-5.903053399999999,43.342798899999984],[-5.902091299999999,43.3432685],[-5.901577200000001,43.3416369],[-5.904581,43.33895849999999],[-5.905303900000001,43.3360538],[-5.9048939,43.33371],[-5.903518699999999,43.3326647],[-5.9034482,43.331416799999985],[-5.904448300000001,43.3308512],[-5.9075778,43.3281595],[-5.9089499,43.323272100000004],[-5.909654599999999,43.322536599999985],[-5.909576699999999,43.3206092],[-5.9136778,43.31813340000001],[-5.917802199999998,43.31747889999999],[-5.919099999999999,43.3190845],[-5.9200401000000005,43.3182646],[-5.920563899999999,43.31852969999999],[-5.921020000000001,43.31971759999999],[-5.921419900000001,43.324206700000005],[-5.921990399999999,43.324819599999984],[-5.922681099999999,43.3250158],[-5.9233089,43.3248324],[-5.926921999999999,43.3214537],[-5.9286989,43.32067380000001],[-5.929161699999999,43.3207642],[-5.9298527,43.32176439999999],[-5.928462699999999,43.323175799999994],[-5.928361499999999,43.325819800000005]]]}},{"type":"Feature","properties":{"name":"L'Abadía Cenero","level":9},"geometry":{"type":"Polygon","coordinates":[[[-5.784297,43.4680978],[-5.783741900000001,43.46821729999999],[-5.783113200000001,43.468780900000006],[-5.783273699999999,43.469095800000005],[-5.7838668,43.4688685],[-5.784361999999999,43.46894149999999],[-5.7838585,43.47017639999999],[-5.782945500000001,43.4707706],[-5.782628300000001,43.4705167],[-5.781978799999999,43.47047129999999],[-5.7818283,43.4706422],[-5.7828731,43.4711136],[-5.7818206,43.4725493],[-5.7806826000000004,43.4728191],[-5.780961799999999,43.4733017],[-5.779885499999999,43.474192099999996],[-5.779223900000001,43.47399500000001],[-5.7779096,43.4728507],[-5.7771029,43.472952400000004],[-5.7753011,43.4726784],[-5.774750499999999,43.473059000000006],[-5.776059899999999,43.4742065],[-5.7772383000000005,43.4747567],[-5.777230699999999,43.475526699999996],[-5.7768072,43.475598599999984],[-5.7769294,43.4759619],[-5.7774085999999985,43.47620309999999],[-5.775653000000001,43.476865800000006],[-5.775944,43.477684800000006],[-5.7757456,43.4781591],[-5.7760899000000006,43.4793812],[-5.7777039,43.4809866],[-5.777638099999998,43.4825701],[-5.778371899999999,43.4843302],[-5.777240800000001,43.4860805],[-5.7786521,43.48655959999999],[-5.778616099999999,43.48798179999999],[-5.778225199999999,43.488311599999996],[-5.7774404,43.48779280000001],[-5.7751617,43.4887369],[-5.7742461,43.4893936],[-5.773651500000001,43.4890097],[-5.773516399999998,43.48941899999999],[-5.7739191,43.490181199999995],[-5.7737415,43.490376299999994],[-5.772465399999998,43.48993949999999],[-5.7718281000000005,43.4899618],[-5.7712593000000005,43.4892039],[-5.770706699999999,43.4894941],[-5.7709098,43.48979],[-5.769420599999999,43.490294599999984],[-5.7691964,43.49033419999999],[-5.7687723,43.489779],[-5.7682649,43.49001059999999],[-5.768073,43.4901168],[-5.7684396,43.490729399999985],[-5.7666555,43.491252800000005],[-5.7664007999999995,43.4910605],[-5.7656363,43.49109889999999],[-5.765465099999999,43.4917145],[-5.7659348999999995,43.49238540000001],[-5.7657055,43.492678299999994],[-5.764429699999999,43.4928223],[-5.764832199999999,43.4929401],[-5.764293099999999,43.4930616],[-5.7643946999999995,43.49338879999999],[-5.7641058,43.49352919999999],[-5.7649918,43.494609999999994],[-5.7650965,43.4954423],[-5.764796099999999,43.49602720000001],[-5.7654168,43.4972154],[-5.7638589,43.4985645],[-5.7615101,43.49907120000001],[-5.7588041,43.4983109],[-5.7576260999999995,43.4997769],[-5.7569888,43.50010879999999],[-5.756143699999999,43.50021399999999],[-5.7550193,43.499800199999996],[-5.7532057,43.500691],[-5.7530081,43.5008932],[-5.753198399999999,43.50237979999999],[-5.753963699999998,43.50240779999999],[-5.753027899999999,43.5044075],[-5.749409699999999,43.50370370000001],[-5.7475121,43.5035829],[-5.7450864,43.5039215],[-5.743316699999999,43.5045917],[-5.742009399999999,43.505417300000005],[-5.7410068999999995,43.506406299999995],[-5.7392645,43.5094508],[-5.7374717,43.51149469999999],[-5.736846299999999,43.511211],[-5.736816,43.5105432],[-5.7357374,43.51024850000001],[-5.734625899999998,43.5105991],[-5.734160199999999,43.5104765],[-5.7329638,43.5107732],[-5.731882399999999,43.5104478],[-5.7312394,43.51119930000001],[-5.730304600000001,43.5113461],[-5.7290939,43.511077799999995],[-5.729011399999999,43.51151699999999],[-5.724970400000001,43.510254399999994],[-5.724705099999999,43.50996419999999],[-5.7242759,43.5099495],[-5.7241044,43.5095675],[-5.7237082,43.50972579999999],[-5.723212800000001,43.5095714],[-5.7228834,43.50874799999999],[-5.7222701,43.50834710000001],[-5.721406399999999,43.5085812],[-5.720750399999999,43.50793249999999],[-5.7197283,43.5078682],[-5.719403399999999,43.50580409999999],[-5.7196091,43.50509799999999],[-5.7204926,43.50476499999999],[-5.7214775,43.503775600000004],[-5.720958,43.5031256],[-5.721359199999999,43.5020229],[-5.720976000000001,43.50144499999999],[-5.7217359,43.50062830000001],[-5.721554199999999,43.499506],[-5.721860699999999,43.49901529999999],[-5.721654699999999,43.4987037],[-5.721805499999999,43.49767979999999],[-5.721010599999999,43.49713589999999],[-5.7218428,43.4959281],[-5.721161399999999,43.49568769999998],[-5.721345999999999,43.49485669999999],[-5.7200882,43.49409319999999],[-5.720260499999999,43.49353219999999],[-5.720462999999999,43.49356519999999],[-5.720365900000001,43.49278629999999],[-5.722602199999999,43.492325499999986],[-5.720377099999999,43.49134719999999],[-5.7210959,43.4902321],[-5.7206945,43.4894888],[-5.719544699999999,43.4889188],[-5.718240299999999,43.4855379],[-5.7182961,43.48523770000001],[-5.7193293,43.485277700000005],[-5.720145499999999,43.484932],[-5.720192399999999,43.48384999999999],[-5.7210073,43.4845446],[-5.7210369000000005,43.48332760000001],[-5.721455899999999,43.48312730000001],[-5.721984499999999,43.48329189999999],[-5.7221821,43.482563],[-5.7230828,43.4818324],[-5.7218817,43.48116249999999],[-5.7217376,43.480227700000015],[-5.7226635,43.47919340000001],[-5.722434699999999,43.47808429999999],[-5.721536900000001,43.4773385],[-5.721759199999999,43.4767508],[-5.7212935,43.47581649999999],[-5.721520999999999,43.4747805],[-5.7205718,43.474492899999994],[-5.7208331999999995,43.4741236],[-5.720313099999999,43.473907399999995],[-5.7228773,43.4721379],[-5.72453,43.47194679999999],[-5.7258089,43.47136449999999],[-5.726716400000001,43.47049869999999],[-5.7260192,43.469777999999984],[-5.7251633,43.46809410000001],[-5.725077399999998,43.46607529999999],[-5.7256917,43.4648262],[-5.727024300000001,43.464624699999995],[-5.727739699999999,43.46343589999999],[-5.727066899999999,43.46303159999999],[-5.727406099999999,43.46169569999999],[-5.7269945,43.4607508],[-5.726592000000001,43.4605229],[-5.7270744,43.459776700000006],[-5.7260819,43.4596278],[-5.726124299999999,43.45926239999999],[-5.725755799999999,43.45908479999999],[-5.725374599999999,43.4581995],[-5.7258325,43.4579228],[-5.7258499,43.45754259999999],[-5.726418499999999,43.457482399999996],[-5.726901399999999,43.456595799999995],[-5.727926299999999,43.4563664],[-5.7279209,43.4558821],[-5.729886099999999,43.45360019999998],[-5.7294152999999985,43.452822999999995],[-5.729991000000001,43.4521551],[-5.729710799999999,43.45076209999999],[-5.7301608,43.44991359999999],[-5.732764399999999,43.449154799999995],[-5.7340935,43.44967479999998],[-5.735522,43.44935749999999],[-5.7397317,43.44999039999999],[-5.744435799999999,43.448714900000006],[-5.7452616,43.44815439999999],[-5.7463461,43.44797090000001],[-5.7476424,43.448313600000006],[-5.748653699999999,43.44865539999999],[-5.7515895,43.45030579999999],[-5.7565051,43.45156329999999],[-5.757154899999999,43.45246670000001],[-5.756445900000001,43.4531784],[-5.756991999999999,43.45344009999999],[-5.757045799999999,43.454437999999996],[-5.758337099999999,43.455016],[-5.758866,43.4550312],[-5.760874199999999,43.45666879999999],[-5.7622378,43.458314200000004],[-5.7631552,43.4588551],[-5.7643601,43.460188800000005],[-5.766036699999998,43.461248100000006],[-5.766903499999999,43.46167419999998],[-5.772756300000001,43.46302200000002],[-5.773726500000001,43.4630939],[-5.7743085,43.46290489999999],[-5.7765833,43.4632442],[-5.777971199999999,43.463173399999995],[-5.7781277,43.46365469999999],[-5.780449300000001,43.4636717],[-5.7804877999999995,43.464032499999995],[-5.781218199999998,43.4645714],[-5.7820076,43.4657463],[-5.7824072,43.4657507],[-5.784157799999998,43.466916299999994],[-5.784438299999999,43.46767189999999],[-5.783942,43.4678115],[-5.784297,43.4680978]]]}}]}