{"type":"FeatureCollection","features":[{"type":"Feature","properties":{"zona":"Nalon-65-AST","rio":"R\u00edo Nora"},"geometry":{"type":"MultiPolygon","coordinates":[[[[-5.872385031005717,43.426197241000075],[-5.871713862005721,43.42626435700005],[-5.8716094480056995,43.42618407600004],[-5.871797041005723,43.42603052400006],[-5.8723121200057,43.42583947000004],[-5.87318730000569,43.42573330500008],[-5.873311240005731,43.425550482000084],[-5.872810168005702,43.42497183100008],[-5.871850896005701,43.424907298000065],[-5.872362354005715,43.424777852000055],[-5.87270240800571,43.42450180300008],[-5.871833170005694,43.42321247800006],[-5.87073994600569,43.4229232700001],[-5.869460059005663,43.42231720800006],[-5.869086215005636,43.42233196000008],[-5.868302581005666,43.42186702200009],[-5.867268270005639,43.42158095500004],[-5.865281676005595,43.42144918400006],[-5.864574499005605,43.42132070100009],[-5.864154840005611,43.42135635200005],[-5.863655922005599,43.421226994000065],[-5.863432647005601,43.421050711000106],[-5.863077689005594,43.42110803900007],[-5.862506099005592,43.42092443500008],[-5.861888214005586,43.42053903300008],[-5.861223350005534,43.42045304000007],[-5.860541611005565,43.420177416000065],[-5.8599802080055525,43.41963496900009],[-5.860056236005521,43.41949289100008],[-5.860573060005573,43.41925704100006],[-5.860692873005544,43.41895001200006],[-5.860590528005526,43.418773433000084],[-5.860739064005569,43.41862379500005],[-5.8609196960055385,43.41799431900007],[-5.861645909005557,43.41740736400006],[-5.8619738260055545,43.41693434600008],[-5.863042833005581,43.416460365000034],[-5.863331028005582,43.41642360200008],[-5.864674459005611,43.41568435400007],[-5.864681882005609,43.41549372800008],[-5.865040006005617,43.415081398000055],[-5.865353587005622,43.41480309200008],[-5.865733611005608,43.414704360000044],[-5.8658109270055965,43.41443691400009],[-5.8663415820056395,43.41403563100007],[-5.866634771005633,43.41340328000008],[-5.867198862005644,43.4129191150001],[-5.86765267300565,43.41233779200009],[-5.867640822005639,43.41202215500006],[-5.867216065005672,43.41135551200007],[-5.8664354260056335,43.41050748300009],[-5.865660065005599,43.4099458840001],[-5.865106370005641,43.410054319000054],[-5.864957308005591,43.41016066000005],[-5.864771743005607,43.41050673600008],[-5.864652640005631,43.41112081700005],[-5.864000159005591,43.412007591000105],[-5.863096478005565,43.41301079500006],[-5.863030834005603,43.413387471000085],[-5.863196287005571,43.413804789000054],[-5.862873106005565,43.41456234900006],[-5.862593137005602,43.414845191000055],[-5.861781012005553,43.41492228600006],[-5.861155075005548,43.414805444000095],[-5.860228170005563,43.414330089000046],[-5.859888804005568,43.414235022000085],[-5.85982061400553,43.41415949500005],[-5.8598999750055505,43.414020840000056],[-5.859779627005553,43.41393110600008],[-5.8594706490055275,43.41391934200006],[-5.859103017005517,43.41410570900009],[-5.858714907005551,43.41397280800007],[-5.858492254005511,43.41376969600006],[-5.858097899005536,43.414352949000055],[-5.857590598005501,43.41461540700006],[-5.856712102005504,43.41468943000008],[-5.856095705005508,43.415151803000086],[-5.855906135005474,43.415454057000055],[-5.8554702240054555,43.415616085000075],[-5.854981625005457,43.41557050200005],[-5.854730588005455,43.415326697000076],[-5.8543742150054605,43.41524118100007],[-5.854055309005439,43.41546218300006],[-5.853875801005464,43.415729217000056],[-5.853602258005467,43.41575414000006],[-5.853120861005474,43.4155530720001],[-5.852757882005426,43.415161266000055],[-5.852400576005465,43.4151443200001],[-5.852372402005442,43.41523324200006],[-5.852623322005429,43.415321804000044],[-5.852466042005433,43.41536645700007],[-5.85230904200543,43.41554976400006],[-5.85239641900543,43.41579153900007],[-5.852018632005433,43.41612834500007],[-5.851645923005453,43.41587060800006],[-5.85173381200544,43.41574378900003],[-5.851619066005429,43.41566143900008],[-5.851781370005446,43.415626242000044],[-5.851966550005409,43.41542247600009],[-5.852168368005462,43.414603426000056],[-5.85249399800543,43.41437658600008],[-5.853182562005469,43.414204719000075],[-5.853089952005443,43.41468836900005],[-5.852917615005459,43.41476942300007],[-5.8530440120054354,43.414981020000035],[-5.853383050005434,43.41512796900005],[-5.8536263320054776,43.415032515000085],[-5.854105945005466,43.414606805000076],[-5.854913518005453,43.41433846300004],[-5.855324037005472,43.41440291500005],[-5.855587095005505,43.41472148900006],[-5.85591092800549,43.41478415400008],[-5.856524902005475,43.41417213800005],[-5.857025266005485,43.41399577600006],[-5.857545937005497,43.41294297800005],[-5.858302316005504,43.412379168000044],[-5.858393502005525,43.41216275200004],[-5.857910674005488,43.411916366000085],[-5.857594361005499,43.41153417300008],[-5.8576277940055,43.41126961000005],[-5.857464735005508,43.41113869800008],[-5.857384817005523,43.410916723000085],[-5.857218238005526,43.410908940000084],[-5.857074932005483,43.41049378900004],[-5.856442702005525,43.410449475000085],[-5.856174321005509,43.41024516400007],[-5.855543193005491,43.409956035000064],[-5.854900219005468,43.40979731400007],[-5.854647090005479,43.40954026000005],[-5.853978734005463,43.40933825900006],[-5.853543668005436,43.409340388000054],[-5.8531878210054495,43.408990648000064],[-5.851914346005428,43.40853926700006],[-5.851566647005449,43.40850448700008],[-5.851358098005411,43.408593338000074],[-5.851192852005413,43.408472178000075],[-5.8503625130054,43.408468549000084],[-5.849575644005422,43.40864264000006],[-5.849061355005391,43.408674862000076],[-5.848868446005369,43.40878673500005],[-5.8485547320054065,43.408747508000054],[-5.847776304005405,43.408907084000084],[-5.84652485200537,43.409437825000055],[-5.845783692005342,43.41022255300006],[-5.845728018005331,43.41059354100003],[-5.846071863005367,43.41089035900008],[-5.846460667005381,43.41156238800006],[-5.846578989005374,43.411985225000095],[-5.846306186005341,43.41315552700009],[-5.84606833200536,43.413624437000074],[-5.8458682890053515,43.41373299600009],[-5.845708133005357,43.41396428600009],[-5.845298805005362,43.414157439000086],[-5.844775561005333,43.41419809200007],[-5.844411908005307,43.414318722000104],[-5.844155220005323,43.41449997100007],[-5.843867281005345,43.414523971000065],[-5.843524373005346,43.414448849000074],[-5.842879902005295,43.41412579900005],[-5.842512197005316,43.41380773600009],[-5.842490595005313,43.41348445600008],[-5.842343474005313,43.41321855900004],[-5.8415569440052755,43.412683364000046],[-5.841675828005295,43.412345991000066],[-5.841572578005296,43.412119986000064],[-5.841041478005302,43.41165809300005],[-5.840941594005291,43.41145754000009],[-5.84106927900529,43.410888774000064],[-5.840948823005297,43.410421702000065],[-5.840404397005258,43.41017551300008],[-5.839737793005246,43.410115841000064],[-5.839409559005247,43.41017519800006],[-5.839070034005287,43.40925937700009],[-5.839627406005295,43.40909904100007],[-5.839598502005264,43.40875765700009],[-5.839936954005263,43.40854249400009],[-5.840172687005276,43.40861111900007],[-5.840475263005305,43.408532366000045],[-5.840641923005297,43.408727962000064],[-5.841042175005267,43.40867332700005],[-5.8415454650053125,43.408726933000054],[-5.841893851005302,43.40882767300009],[-5.842294837005295,43.40906530000009],[-5.842480161005326,43.40991482600004],[-5.842214819005288,43.41073561700008],[-5.841792253005284,43.41122928100003],[-5.8417750030052975,43.41154376100008],[-5.84220914600531,43.41211514800007],[-5.842833334005336,43.41256140700008],[-5.842845392005317,43.412812453000086],[-5.843177815005297,43.41299752600004],[-5.8432748970053225,43.413326463000054],[-5.843543689005311,43.41336392300009],[-5.843797650005313,43.41332493400007],[-5.844029147005333,43.4129948820001],[-5.8444514970053465,43.41274259400007],[-5.844804029005317,43.412204868000074],[-5.8448468830053315,43.411533496000075],[-5.844519842005338,43.41062145700006],[-5.844775917005322,43.41011551700008],[-5.84627499200537,43.40890161000006],[-5.846542976005378,43.408547896000094],[-5.847105073005386,43.408454602000084],[-5.84738240100537,43.40829703800008],[-5.847803620005409,43.408194764000044],[-5.848099128005377,43.40799408600006],[-5.848554716005406,43.407871238000055],[-5.850175604005419,43.40772094200004],[-5.85095527800543,43.40782457600008],[-5.851174905005412,43.4076604570001],[-5.852290411005446,43.40786593700007],[-5.85326916100546,43.40788667200009],[-5.853773106005456,43.408014348000066],[-5.854502671005497,43.408023897000085],[-5.854796647005467,43.40795975800007],[-5.855249067005461,43.40800100600006],[-5.855739095005468,43.40789932300005],[-5.856282668005492,43.40799026900005],[-5.856479904005513,43.407927343000054],[-5.856855157005478,43.40758342900007],[-5.856981152005499,43.407591936000095],[-5.857405938005501,43.40779515300007],[-5.857337288005499,43.408291081000094],[-5.857666485005487,43.40884682500009],[-5.857669201005525,43.40967929500006],[-5.85819356000553,43.41020078600009],[-5.8584420520055005,43.410758510000065],[-5.859977433005518,43.4118091760001],[-5.860345770005576,43.41188209800006],[-5.860639463005529,43.41180431900008],[-5.860983143005546,43.41132408800008],[-5.861272356005582,43.410283798000094],[-5.861674727005595,43.40987404200009],[-5.862242410005589,43.409503489000045],[-5.862670096005561,43.40937411400008],[-5.863321270005612,43.409340783000076],[-5.864538130005627,43.409038306000085],[-5.864804322005599,43.409071478000065],[-5.865108170005592,43.409270243000066],[-5.865874667005632,43.40912819500007],[-5.866311871005618,43.40930433800005],[-5.8664628880056275,43.40924713500006],[-5.86673890200564,43.409299069000056],[-5.867381772005626,43.410101945000086],[-5.867620593005669,43.41022729300006],[-5.867922151005662,43.410599547000096],[-5.868376629005662,43.41079339900007],[-5.86854008600565,43.41098405800007],[-5.868548253005682,43.41132283400004],[-5.8684386880056785,43.41134991500009],[-5.868498767005659,43.41146633600005],[-5.868350140005668,43.411494730000086],[-5.86871462600564,43.41204902900006],[-5.86872945300567,43.41234882600004],[-5.8685594110056885,43.41253982000009],[-5.868479283005649,43.413432161000074],[-5.86840255100568,43.41351788800008],[-5.86848786500567,43.413696822000105],[-5.86843157100568,43.41390109400007],[-5.868258889005652,43.414243305000106],[-5.867423778005623,43.414926276000095],[-5.866237452005624,43.41634278300007],[-5.864875285005581,43.417015629000076],[-5.864099208005615,43.41768400100008],[-5.863756246005618,43.418102319000084],[-5.863437271005587,43.41829163200006],[-5.863055395005574,43.41882061200006],[-5.863060832005602,43.41903007000009],[-5.863265910005569,43.41908348500006],[-5.863003505005566,43.41912776900007],[-5.862884585005586,43.41924871400006],[-5.863228258005565,43.419155458000056],[-5.865070358005624,43.419596472000094],[-5.865511559005632,43.419800998000035],[-5.866249517005644,43.419751733000076],[-5.8668307220056555,43.419958903000094],[-5.86744919200567,43.41996264900009],[-5.868842834005671,43.42040216800008],[-5.869211845005651,43.420266083000065],[-5.869472557005656,43.42058904800008],[-5.870164924005663,43.4210286680001],[-5.871117770005695,43.42142083000006],[-5.871196882005675,43.42163673300009],[-5.871993739005698,43.422417262000074],[-5.8724610130057195,43.42259509100008],[-5.8735814520057135,43.42328760800009],[-5.873660140005742,43.42452951600009],[-5.873843864005756,43.424621249000054],[-5.874115436005733,43.42502623300006],[-5.874321078005761,43.424977341000066],[-5.874652175005723,43.42531885800005],[-5.874766032005754,43.42623102100004],[-5.873879922005731,43.42684522900005],[-5.8737425640057115,43.42714845100007],[-5.873159157005739,43.42661642300006],[-5.8730266050057125,43.426387911000084],[-5.872385031005717,43.426197241000075]]],[[[-5.878557401005807,43.427801534000054],[-5.876182375005734,43.42781193200007],[-5.874544700005728,43.42762620300005],[-5.874232960005751,43.427729863000046],[-5.873920242005714,43.42708783500008],[-5.874049889005711,43.426890962000094],[-5.87451902100575,43.42658045900005],[-5.875129661005753,43.42632027900006],[-5.87588872300575,43.42632140500009],[-5.8770212540057605,43.42648402900006],[-5.877879277005809,43.42638399100009],[-5.878240289005797,43.42643578700008],[-5.879150888005819,43.42639004700006],[-5.879941276005813,43.42537942300005],[-5.879928067005841,43.42519197100008],[-5.879679998005829,43.42504707500007],[-5.879630416005799,43.42480309500009],[-5.8794153620058305,43.42461242300006],[-5.879355413005781,43.424266979000045],[-5.879117084005824,43.424081626000046],[-5.878754358005826,43.42401703500009],[-5.878203673005809,43.42375965900006],[-5.877616704005764,43.42367080100009],[-5.877458587005804,43.42350276500009],[-5.876972414005786,43.423316364000094],[-5.876612183005779,43.423067635000066],[-5.876462278005777,43.422760282000105],[-5.876348644005773,43.42208897200006],[-5.876113630005772,43.421805043000084],[-5.87613850600577,43.42161954300009],[-5.875866782005754,43.421027255000084],[-5.8758367330057775,43.420755108000044],[-5.876175244005779,43.41980392200004],[-5.877134873005757,43.41873118100006],[-5.878450838005782,43.416650006000076],[-5.878779997005833,43.41627921900007],[-5.8794097100058105,43.41515746200004],[-5.879722988005835,43.414947547000075],[-5.879908376005816,43.41437095600005],[-5.880290962005821,43.41398107000005],[-5.88037456600582,43.41291141100006],[-5.880679351005853,43.411614359000076],[-5.881233914005839,43.410596365000075],[-5.883146360005876,43.40782990400005],[-5.883199593005893,43.407543230000066],[-5.883388897005899,43.40724633900007],[-5.8833405780058685,43.40707550700007],[-5.882919228005853,43.40661418600009],[-5.883184716005882,43.406512529000075],[-5.883454342005862,43.40686529000006],[-5.88402512600586,43.40680898200006],[-5.884806956005922,43.40700994700008],[-5.88477558200592,43.40707822300006],[-5.884268065005895,43.407259514000046],[-5.884189336005899,43.40742883700009],[-5.884321482005899,43.407737021000074],[-5.885028957005922,43.407947131000086],[-5.885710920005908,43.40797986700007],[-5.886281624005901,43.408232689000066],[-5.886524077005903,43.40843526300009],[-5.886635523005908,43.408939910000086],[-5.886848582005943,43.40929609800004],[-5.887390569005914,43.40956788600007],[-5.887927798005952,43.40960993300009],[-5.88848509600595,43.410324911000046],[-5.888567862005942,43.4107351320001],[-5.888453440005972,43.410988814000085],[-5.888865464005933,43.41164951400004],[-5.8886804150059495,43.412003521000045],[-5.888813274005971,43.41218836000009],[-5.8890075250059555,43.4128835760001],[-5.888863294005974,43.41316940600008],[-5.888581056005959,43.4133619070001],[-5.888345080005957,43.413764308000076],[-5.88807282900594,43.41389081000008],[-5.887661612005912,43.414380593000054],[-5.887080955005902,43.415649685000076],[-5.887282286005932,43.41631799600004],[-5.88757213500595,43.416544823000066],[-5.887910687005913,43.416591860000054],[-5.887985547005955,43.416978959000076],[-5.887936255005924,43.417857610000056],[-5.888506716005928,43.41836121900008],[-5.888660549005944,43.41840821300009],[-5.889130941005961,43.41836812600009],[-5.890041847005975,43.41862212700007],[-5.891858129005995,43.41870310300006],[-5.892803890005979,43.4181583700001],[-5.893530290006008,43.41737823700005],[-5.8941570330060165,43.41703492100005],[-5.895031031006059,43.41630714800006],[-5.895740255006062,43.41593805600009],[-5.897507135006079,43.41577316200007],[-5.898137981006068,43.415828223000084],[-5.898599207006102,43.416100784000065],[-5.8982087530060845,43.41632250000006],[-5.897490213006094,43.41613076200011],[-5.896152886006029,43.416208559000054],[-5.894999161006015,43.41670980100004],[-5.894168153006026,43.4173297770001],[-5.893531328006004,43.41801944400007],[-5.892654785005984,43.41872680200004],[-5.892694269005997,43.41895170200009],[-5.8925822240060155,43.41910406500007],[-5.892620593005996,43.419309801000075],[-5.892464070006008,43.41974641200007],[-5.892326041005979,43.41959321300007],[-5.892359450006004,43.41927971300006],[-5.892024328005975,43.41900390200005],[-5.890897901005983,43.41915463100005],[-5.890462276005954,43.41931910800004],[-5.889825813005968,43.4192459700001],[-5.889191913005933,43.419267452000064],[-5.887009918005901,43.41900209400009],[-5.885870284005915,43.41818527000006],[-5.885670997005926,43.41771431600007],[-5.885330448005878,43.417625426000036],[-5.8854569220058925,43.41740628400006],[-5.885420411005873,43.41727705400009],[-5.884912825005897,43.41717331900004],[-5.884833154005915,43.417039803000094],[-5.8851658230059085,43.41697513800007],[-5.885281957005906,43.416870192000054],[-5.885239848005914,43.41621507300006],[-5.885409728005904,43.415947785000085],[-5.8857431340058906,43.41484052100005],[-5.886960860005903,43.412793312000105],[-5.8869076300059096,43.41252330300008],[-5.887150730005948,43.412075518000066],[-5.887092020005929,43.41151330900006],[-5.886548492005943,43.41075763400006],[-5.886262104005933,43.41013635000011],[-5.886013411005925,43.41006329000006],[-5.885483528005904,43.41007404500006],[-5.885304035005884,43.40968533000009],[-5.885189125005901,43.409634955000065],[-5.884845613005869,43.40964083200005],[-5.884294235005906,43.4098347980001],[-5.88397740500587,43.41006628500005],[-5.883808703005871,43.41031266300009],[-5.883656168005883,43.4108221050001],[-5.882894983005885,43.411983485000086],[-5.882629129005861,43.41400562700007],[-5.882402448005842,43.414496111000076],[-5.881842506005837,43.415260297000046],[-5.88156806100583,43.416204165000096],[-5.881403865005814,43.416368750000075],[-5.881160424005857,43.4171563290001],[-5.880854551005852,43.41753573400009],[-5.87989303300584,43.418304130000095],[-5.879102556005819,43.418642695000095],[-5.878959995005798,43.41892699000007],[-5.878554692005813,43.41889715800007],[-5.877678850005772,43.41941118600006],[-5.877317992005802,43.42005396600009],[-5.877413275005809,43.42056203100006],[-5.877655742005777,43.421026258000055],[-5.877988997005769,43.42139231600006],[-5.878317751005782,43.42136675300006],[-5.878193858005814,43.4216345400001],[-5.878438712005776,43.4221964210001],[-5.878678709005773,43.42246244800006],[-5.879888352005829,43.42329467100008],[-5.880278285005842,43.423473082000065],[-5.880609024005839,43.42383521200005],[-5.880946192005831,43.423889306000056],[-5.881042895005828,43.42401466500008],[-5.881433941005838,43.42413199800009],[-5.881848515005833,43.42418659500006],[-5.88224932600586,43.4244390900001],[-5.88235651200584,43.42470085100009],[-5.882234113005875,43.42602583400006],[-5.881973480005833,43.42643104600007],[-5.8811611550058505,43.426758506000084],[-5.880956041005807,43.426986709000076],[-5.879257988005799,43.42766383700008],[-5.878557401005807,43.427801534000054]]],[[[-5.908262223006236,43.41815729200006],[-5.9077549390062485,43.417952070000084],[-5.907707120006218,43.417844329000076],[-5.907925995006251,43.41728304900006],[-5.908244862006232,43.41680522900005],[-5.908167908006223,43.41648943400005],[-5.908250783006257,43.416226437000056],[-5.908137136006221,43.4161413730001],[-5.907716206006254,43.41623560600007],[-5.907275192006199,43.4161739560001],[-5.906540665006225,43.41653685200006],[-5.906066843006215,43.41660684800009],[-5.905639270006183,43.416996688000054],[-5.905052255006168,43.41728317300006],[-5.903516372006168,43.41777673300005],[-5.902950045006159,43.417736107000074],[-5.902436705006153,43.41783439600006],[-5.9022277640061676,43.418065291000076],[-5.90210524100615,43.41800025200009],[-5.902130012006122,43.4178190900001],[-5.901788285006139,43.41763377100007],[-5.901097618006113,43.41749664400005],[-5.900636690006112,43.41756057100011],[-5.90033366000611,43.41736314300006],[-5.89943180600609,43.417106716000056],[-5.899029756006096,43.41706797200007],[-5.898896605006092,43.416940794000055],[-5.89887435600611,43.41671562100006],[-5.898321875006101,43.41641135600004],[-5.8985668260061175,43.41626439100004],[-5.898783289006079,43.41628944800006],[-5.899737170006138,43.416883340000034],[-5.900536536006116,43.417216101000086],[-5.900977603006118,43.41717540000008],[-5.901350859006113,43.41733132700008],[-5.902066000006126,43.4174235500001],[-5.902631562006152,43.417269066000095],[-5.903009237006142,43.41745208200008],[-5.903446877006175,43.41751084900005],[-5.904084376006178,43.417287037000065],[-5.904831690006213,43.41677918600006],[-5.905432720006208,43.4166058530001],[-5.906156604006186,43.416149173000086],[-5.906191635006224,43.416033822000045],[-5.906483242006238,43.41600167700007],[-5.906717098006207,43.41573337200005],[-5.9073313830062,43.41567211100006],[-5.907633085006206,43.41554187800008],[-5.908043711006229,43.415591621000054],[-5.908313817006252,43.415518690000084],[-5.908602818006254,43.41564770300007],[-5.9090489830062305,43.416321457000045],[-5.90884890800622,43.41691826300009],[-5.908412230006242,43.41740292900007],[-5.908386542006245,43.41757549400007],[-5.908520432006221,43.41767739000007],[-5.908950470006275,43.417577909000066],[-5.909472156006239,43.417256506000086],[-5.910052963006254,43.41702636400006],[-5.9107806430062775,43.41647029600009],[-5.911132730006293,43.416343975000096],[-5.911270928006297,43.41617558300006],[-5.911949263006282,43.41578573100005],[-5.912293727006311,43.41524860500007],[-5.912046832006275,43.414890044000074],[-5.912347594006274,43.41473045600005],[-5.912412202006277,43.4143940000001],[-5.91317551600633,43.414110140000076],[-5.913333812006328,43.41357618900004],[-5.913514478006335,43.413465822000056],[-5.913931605006334,43.41339931900008],[-5.914044118006312,43.413156466000046],[-5.9144308560063505,43.412990276000095],[-5.914624841006362,43.412743477000056],[-5.9148234330063705,43.41217632200008],[-5.915426335006349,43.41201295800007],[-5.915680984006351,43.41159549200008],[-5.916810931006349,43.4110636440001],[-5.916954013006376,43.410912307000075],[-5.916911712006367,43.41063127600008],[-5.917347413006389,43.41085791400008],[-5.918063690006381,43.410582182000056],[-5.918782986006392,43.40982242600007],[-5.919415666006427,43.408484716000046],[-5.91953457300643,43.40845073900007],[-5.919847284006427,43.408545262000096],[-5.919827055006398,43.40878796800009],[-5.919470556006429,43.40950209900008],[-5.919416553006424,43.41026178300009],[-5.919315986006419,43.41044139600008],[-5.919112295006392,43.41063671200007],[-5.917705613006388,43.411462529000076],[-5.916485560006371,43.41191950100007],[-5.9157091030063285,43.41229740900009],[-5.915379059006372,43.412772314000065],[-5.9151657070063655,43.41292570400005],[-5.915084115006349,43.41353650900007],[-5.9147566730063295,43.41375274400009],[-5.913937131006329,43.41399887300004],[-5.913593983006311,43.41474503700007],[-5.913129961006286,43.41518343200007],[-5.912461436006293,43.41612466000005],[-5.911992215006283,43.4163572950001],[-5.911550696006285,43.416427751000086],[-5.9108897240062825,43.41707158300007],[-5.910327834006245,43.41742554900004],[-5.909878209006252,43.417504042000104],[-5.908834862006229,43.4181182120001],[-5.908509106006229,43.41809180600009],[-5.908262223006236,43.41815729200006]]]]}},{"type":"Feature","properties":{"zona":"ES018-AST-55-1","rio":"Arroyo de Tarabica"},"geometry":{"type":"MultiPolygon","coordinates":[[[[-5.8537930000054175,43.45130171900009],[-5.85370082200543,43.45066825200009],[-5.853835972005436,43.45050623700009],[-5.853845490005449,43.450181704000066],[-5.853471966005447,43.44986661500009],[-5.8534129630054,43.44968006900008],[-5.853627645005439,43.449260399000046],[-5.853431061005455,43.448754372000074],[-5.853567452005413,43.44866833000005],[-5.853937994005461,43.44795194900008],[-5.85421803600545,43.44763553700006],[-5.854574738005432,43.44737320300005],[-5.854854203005441,43.44723286500006],[-5.855243112005427,43.447173750000076],[-5.8555781310054655,43.4469273810001],[-5.855668907005445,43.44664328800008],[-5.856204701005482,43.44636953900006],[-5.856478876005445,43.44581459700005],[-5.8564273630054835,43.44624466200004],[-5.856506476005455,43.446177475000084],[-5.856580660005484,43.44576947600007],[-5.856758417005504,43.44569838400004],[-5.856746414005452,43.4449974290001],[-5.856247660005468,43.44415715300007],[-5.856081746005486,43.44358015400009],[-5.856120179005473,43.44344658400008],[-5.855902102005472,43.44327619500008],[-5.855944839005474,43.44313352900009],[-5.855776068005467,43.442996653000094],[-5.855618982005463,43.44247722500008],[-5.855358872005459,43.442070368000046],[-5.854825001005437,43.44160824500007],[-5.85448330500547,43.440871781000084],[-5.854299902005471,43.44073418500006],[-5.8538323460054205,43.44058294500009],[-5.853755368005437,43.44014632600006],[-5.853323399005455,43.440173053000095],[-5.853024206005406,43.44032315000005],[-5.852683241005437,43.44007187500007],[-5.853175013005421,43.43974210300008],[-5.853065396005455,43.43950047200009],[-5.853195182005458,43.439404009000064],[-5.853036712005426,43.43943811300007],[-5.852848141005457,43.43932772500007],[-5.8525992110053995,43.43932300400009],[-5.8526090420053976,43.43871498300008],[-5.85234247500541,43.438668768000085],[-5.852173112005412,43.43879717700004],[-5.852145659005438,43.43860220700004],[-5.852451813005429,43.438394314000064],[-5.852080051005437,43.43851482100008],[-5.851752313005425,43.437571223000084],[-5.850832874005384,43.43597960400008],[-5.850924757005425,43.43548559000007],[-5.850862889005379,43.43504451900004],[-5.850347312005385,43.434492024000086],[-5.850088060005403,43.43392112700008],[-5.850069608005397,43.43357408700009],[-5.849911472005413,43.43356196800006],[-5.849680218005382,43.43329922000005],[-5.849771810005373,43.432589917000044],[-5.849580170005403,43.43200724800006],[-5.8490383630054055,43.43184043900005],[-5.84858447000536,43.430857004000096],[-5.8485986350053984,43.430642257000066],[-5.849184726005407,43.43056333700011],[-5.84949510900541,43.43036484100005],[-5.849777820005367,43.43031623800007],[-5.849851153005416,43.43020970800008],[-5.849711857005371,43.42985165900007],[-5.849219525005399,43.429361410000084],[-5.84914393200538,43.42902584900005],[-5.848453519005397,43.42872178500008],[-5.848136823005367,43.42870903100006],[-5.84782810300534,43.42884394200009],[-5.847773321005391,43.42904247300006],[-5.847960265005341,43.42914837400009],[-5.848117877005355,43.42980447800008],[-5.848310563005347,43.43014670900005],[-5.848249674005349,43.430746894000045],[-5.847786039005382,43.43102959700009],[-5.847277551005339,43.43113351400008],[-5.847184339005371,43.43128216700009],[-5.846839432005367,43.43149541300006],[-5.846862009005347,43.43193426900008],[-5.847125717005329,43.431983627000086],[-5.848338163005356,43.431908384000074],[-5.848436814005388,43.432004688000085],[-5.848299549005351,43.432153200000094],[-5.847610181005346,43.43215645300008],[-5.847389276005351,43.43205934700008],[-5.8467807940053245,43.43203585100009],[-5.846570740005344,43.431926789000066],[-5.846331314005332,43.43206669100007],[-5.845953990005328,43.43208181500007],[-5.845494647005332,43.432003727000065],[-5.8451691460053095,43.43203403100007],[-5.844945651005305,43.43198728900007],[-5.844923462005314,43.43191855000005],[-5.844821606005296,43.43217162700008],[-5.844167927005309,43.43191501500009],[-5.843590352005333,43.43181655400009],[-5.843572811005299,43.431650434000076],[-5.843129207005297,43.43154995700009],[-5.8426785090052835,43.431579349000074],[-5.842450856005311,43.431741120000034],[-5.842514175005305,43.43179481900008],[-5.842411286005301,43.43183056900007],[-5.842416896005315,43.4319669700001],[-5.842015685005315,43.43187215000008],[-5.84258261900527,43.43152242000009],[-5.841967075005291,43.43184451200008],[-5.842010694005288,43.43180144500009],[-5.841701773005285,43.43186341500007],[-5.841430320005299,43.431658520000056],[-5.840766344005293,43.43154047400003],[-5.840762006005296,43.43162394600007],[-5.840500207005248,43.43175367800008],[-5.840070411005252,43.431806995000066],[-5.839810333005253,43.43175258300006],[-5.839981395005245,43.431583988000064],[-5.83939579200525,43.43117548600004],[-5.837697483005222,43.431270073000086],[-5.836921238005213,43.43104488000006],[-5.836565558005224,43.431034112000084],[-5.836179899005204,43.430813831000094],[-5.836120530005219,43.42983522300007],[-5.835658773005231,43.42976299800006],[-5.8355254380051855,43.42987857700008],[-5.834822376005219,43.43007975200007],[-5.833866815005196,43.42966477000007],[-5.834262622005161,43.429562347000065],[-5.834247053005191,43.429494367000096],[-5.83269990200516,43.42883337600008],[-5.8324714540051845,43.42890965900007],[-5.832319290005141,43.42881946800005],[-5.832499682005148,43.428751537000046],[-5.832349054005175,43.428504200000084],[-5.832311561005136,43.42819887000008],[-5.832751130005181,43.42817450200006],[-5.833199818005191,43.428253603000044],[-5.833405604005176,43.428201849000075],[-5.83368140800519,43.428287026000085],[-5.833686966005188,43.42838818800006],[-5.833803072005197,43.4283482540001],[-5.834175609005177,43.42841454600007],[-5.8345300520051735,43.42870561900004],[-5.835181934005181,43.42897091900006],[-5.83533465500519,43.42912242900009],[-5.835674059005182,43.429104027000065],[-5.836129901005196,43.429428522000094],[-5.836699462005223,43.42953460200006],[-5.836735449005213,43.42967805200005],[-5.837251553005205,43.42984204400007],[-5.838022078005221,43.43029913600005],[-5.838538919005262,43.430445367000075],[-5.839034748005258,43.43054971900007],[-5.83844956700523,43.430122177000065],[-5.838245684005245,43.42987136800009],[-5.838309583005242,43.42973651200005],[-5.839280656005272,43.430175189000074],[-5.839213785005269,43.43021913600008],[-5.839404292005228,43.43034129300003],[-5.840020514005255,43.430456938000084],[-5.840374053005263,43.430451693000094],[-5.840880510005299,43.43014232800006],[-5.840577317005258,43.43043772100005],[-5.8405639490052605,43.43061068200007],[-5.840661536005288,43.43083223400006],[-5.84112040100528,43.43124310500009],[-5.842155356005315,43.4306411410001],[-5.842355775005272,43.43069161100005],[-5.8431860130053295,43.43119833800008],[-5.843588574005324,43.43133104200009],[-5.844641905005317,43.4312704810001],[-5.8456075500053375,43.43131647600008],[-5.8463134780053485,43.430897767000054],[-5.847124491005335,43.43074850200004],[-5.847214137005385,43.43063559600007],[-5.847209212005343,43.430045520000085],[-5.846177783005365,43.428978155000046],[-5.846139410005368,43.42887673700007],[-5.84625714300534,43.42880035800006],[-5.846011594005337,43.42862742600007],[-5.845912560005321,43.42821258000006],[-5.84548060900532,43.4278323550001],[-5.845049821005354,43.42771194600006],[-5.844680669005331,43.427512765000095],[-5.844833790005316,43.42755711000008],[-5.8448373720053475,43.42749208800007],[-5.844510289005342,43.427398346000096],[-5.844282147005313,43.427048256000056],[-5.843818365005309,43.42662822100005],[-5.844230955005312,43.426578767000095],[-5.844401323005314,43.426791217000094],[-5.8441246750052995,43.42674801000006],[-5.844318140005296,43.426881098000095],[-5.844490037005328,43.426800173000075],[-5.8445849540053425,43.426925791000045],[-5.844416572005315,43.42695624000006],[-5.844543396005322,43.42701185900008],[-5.844593058005303,43.4269671690001],[-5.8450177890053165,43.427227291000094],[-5.84458948100533,43.42711369600007],[-5.844595382005338,43.42724086300007],[-5.845042989005357,43.427274483000105],[-5.8450852920053435,43.42742397800005],[-5.84559341800535,43.427654642000064],[-5.84636032900533,43.42778953300008],[-5.846899147005335,43.42754207500009],[-5.8478113520053645,43.42759751100006],[-5.848583668005372,43.42742327100008],[-5.849117874005378,43.42719068500005],[-5.849689707005367,43.42680812500004],[-5.850788415005408,43.426660838000046],[-5.8513585400054415,43.426321471000065],[-5.851655691005431,43.425838934000076],[-5.851937928005399,43.42556793800004],[-5.852062399005451,43.4252460100001],[-5.851779001005425,43.42473571000006],[-5.851340623005407,43.42435572400009],[-5.850901415005412,43.424202141000094],[-5.8504219780053806,43.42378785700004],[-5.850100625005374,43.423373242000046],[-5.85015939700542,43.42294420000009],[-5.850064205005417,43.42281736600008],[-5.849836388005418,43.42276305900004],[-5.849840460005384,43.422553436000065],[-5.849480139005421,43.42209978500008],[-5.849938629005398,43.42165316400009],[-5.850029777005424,43.42126958300005],[-5.850319692005424,43.421118293000085],[-5.850460589005421,43.42086210400005],[-5.850736455005406,43.42067089100005],[-5.850770282005387,43.42053043600004],[-5.8504127370053975,43.42030179800004],[-5.850969204005429,43.42044801000005],[-5.850639802005389,43.420207727000054],[-5.850622312005386,43.41994975600008],[-5.850336647005404,43.41952023300009],[-5.849957135005404,43.41934403000006],[-5.849632565005424,43.41907977800004],[-5.849453951005373,43.41837167400008],[-5.849594569005421,43.41807093600006],[-5.849568209005372,43.417737200000055],[-5.850043516005424,43.41721070900009],[-5.850691361005436,43.416962146000074],[-5.850954805005423,43.4171018210001],[-5.850971797005405,43.41697153800004],[-5.850825316005405,43.416808437000064],[-5.851003806005404,43.416224267000096],[-5.8514533770054,43.41609519300006],[-5.8516462530054305,43.4158700340001],[-5.852018632005433,43.41612834500007],[-5.851640203005406,43.41639406800006],[-5.8517386070054345,43.41654220800008],[-5.851638540005427,43.416927999000066],[-5.8517648670054045,43.4172398790001],[-5.851513491005406,43.41763396000006],[-5.851308179005413,43.41832196400005],[-5.851115726005397,43.41861869100008],[-5.8510445960054165,43.41947232800006],[-5.851695700005409,43.420129188000054],[-5.851769208005424,43.42029852700007],[-5.851864007005435,43.42031835300004],[-5.851856911005446,43.42041227500006],[-5.852090295005405,43.42055659400009],[-5.8519985170054465,43.42078218300005],[-5.852036266005448,43.42124608300004],[-5.851665229005405,43.42189895200006],[-5.851656995005398,43.422097733000065],[-5.851175652005403,43.42225098300004],[-5.850811418005438,43.42221540400007],[-5.850687570005391,43.42248049200006],[-5.850808099005405,43.42276724100004],[-5.851354863005392,43.42316158800004],[-5.851668227005418,43.423251904000054],[-5.852364948005425,43.42324687800008],[-5.852662124005431,43.42339554600007],[-5.852753509005453,43.42353550400005],[-5.852530628005435,43.42390611000009],[-5.8525136340054145,43.424221143000096],[-5.852789482005418,43.42454463900005],[-5.852830612005419,43.424998072000065],[-5.852496062005422,43.42560838300006],[-5.8526223940054605,43.42572769000005],[-5.8521617810054245,43.42606399900008],[-5.852106539005449,43.42651669700008],[-5.851822520005399,43.42691899700006],[-5.850479971005422,43.42739415600006],[-5.850416185005423,43.427527476000094],[-5.8504792970053865,43.427748290000075],[-5.850250249005389,43.42829757200009],[-5.8506540500053985,43.42898026000008],[-5.85071141900539,43.42939540200009],[-5.852056305005433,43.430449369000044],[-5.851988351005402,43.43054519300008],[-5.851582594005443,43.43058024900007],[-5.851355442005403,43.43098188600005],[-5.8514533560054405,43.431055850000085],[-5.851423454005388,43.43114553300007],[-5.85157255000542,43.43110717100008],[-5.851427076005398,43.43139314500008],[-5.851756552005392,43.431954974000085],[-5.85167761100542,43.432096006000066],[-5.852014105005435,43.43219873900008],[-5.852136050005426,43.43232653700007],[-5.851786873005445,43.432866573000084],[-5.851831288005435,43.43302481300004],[-5.851750048005392,43.43308659600008],[-5.851824256005394,43.43307411900003],[-5.852010610005445,43.433288641000054],[-5.851999484005443,43.433400687000095],[-5.852143929005434,43.43341082700007],[-5.852035017005403,43.433524140000046],[-5.8521849280054,43.433647010000094],[-5.852054919005422,43.43364925300007],[-5.852070575005438,43.43369768200008],[-5.852127509005424,43.43383564900007],[-5.852499910005423,43.43410312500005],[-5.852710702005443,43.43464081400005],[-5.852639860005429,43.43478358700005],[-5.852717706005441,43.434942004000064],[-5.852846043005422,43.43500777500005],[-5.853091989005431,43.43478720600009],[-5.85326242800542,43.434797389000046],[-5.853187846005452,43.435100812000044],[-5.852706967005436,43.43513626700009],[-5.8525314890054165,43.43508371200008],[-5.8525885960054485,43.43513840300005],[-5.852371462005421,43.4355846970001],[-5.852509082005398,43.43567545100008],[-5.852479300005442,43.436177615000084],[-5.852335860005394,43.436397352000036],[-5.852492337005417,43.43681320300007],[-5.852786698005407,43.43709374200007],[-5.853069353005445,43.43813570800006],[-5.853165746005424,43.43813243700006],[-5.85311779100541,43.43847655100008],[-5.853545933005448,43.43850850000008],[-5.853551368005441,43.438759952000076],[-5.853466046005422,43.43881340600008],[-5.853719149005458,43.43911687000009],[-5.853764673005429,43.439582189000085],[-5.854315703005434,43.43993301200006],[-5.854620182005461,43.440630267000095],[-5.855149338005438,43.44120450000005],[-5.85533089300548,43.44163435300006],[-5.855712984005489,43.44185971700007],[-5.855980165005463,43.44229256700006],[-5.856539495005459,43.44287608800006],[-5.856970897005468,43.443060026000076],[-5.857165372005471,43.44332129600009],[-5.8571269880054775,43.44366165200007],[-5.857356887005513,43.44449492000008],[-5.857042970005481,43.44461269300009],[-5.857144497005506,43.44464285900006],[-5.857103626005497,43.44476863700006],[-5.8573657140055,43.44489387300008],[-5.857452505005501,43.44531301200005],[-5.856942503005497,43.44596516800006],[-5.857266497005483,43.44653155400007],[-5.856578975005453,43.44674066100006],[-5.855927029005442,43.44722875200008],[-5.85561028600545,43.44728369700006],[-5.85531342300543,43.447618449000075],[-5.854702886005419,43.447713474000075],[-5.854280799005467,43.448021636000085],[-5.854175679005464,43.448386130000095],[-5.854313484005418,43.44859682000004],[-5.854328281005424,43.4489845090001],[-5.854151103005418,43.449561933000055],[-5.854294230005424,43.44991785000009],[-5.854302620005429,43.45032497600007],[-5.854409510005411,43.450198750000034],[-5.854434899005443,43.45029760100007],[-5.854607343005433,43.450268187000084],[-5.854778275005436,43.45063740300004],[-5.854550271005426,43.451280552000085],[-5.8547162490054685,43.450634635000036],[-5.854545646005453,43.45033473800005],[-5.854439833005447,43.45033822100005],[-5.854436690005432,43.45052708400006],[-5.854599866005433,43.450680097000046],[-5.8544175690054505,43.45066499200006],[-5.854432419005465,43.451301484000076],[-5.853901180005461,43.45138176600008],[-5.8537930000054175,43.45130171900009]],[[-5.84215791700529,43.43080293700009],[-5.8416460430053005,43.43108591000006],[-5.841644839005298,43.43112322800007],[-5.842181992005288,43.43114025600006],[-5.84233599100531,43.43092295000009],[-5.84215791700529,43.43080293700009]],[[-5.8462675990053246,43.42803140100006],[-5.846337096005352,43.427975222000065],[-5.846250377005328,43.42790265300007],[-5.845904764005343,43.427834237000084],[-5.845959106005345,43.42798393000006],[-5.8462675990053246,43.42803140100006]],[[-5.847775416005348,43.42822463400008],[-5.848060963005385,43.42817103100003],[-5.847880332005348,43.42799284000007],[-5.847665528005349,43.42812516700009],[-5.847775416005348,43.42822463400008]],[[-5.849384577005403,43.42741708800005],[-5.849202352005397,43.42755243500009],[-5.849202478005372,43.42758817300007],[-5.849541455005388,43.42753737000005],[-5.849558432005421,43.42747595300008],[-5.849384577005403,43.42741708800005]],[[-5.849765409005366,43.43323760300008],[-5.849737142005418,43.43311200300009],[-5.849749430005412,43.433240469000076],[-5.849765409005366,43.43323760300008]],[[-5.849829255005413,43.4333446570001],[-5.849763355005374,43.43330924600009],[-5.849741467005381,43.433327850000076],[-5.849829255005413,43.4333446570001]],[[-5.8498101550053825,43.431241282000045],[-5.850074590005407,43.43109111800006],[-5.849843319005385,43.43100472600004],[-5.849720382005369,43.43112545900006],[-5.8498101550053825,43.431241282000045]],[[-5.850059806005375,43.43282074400004],[-5.850127665005388,43.432936244000096],[-5.850254024005424,43.43286299600006],[-5.850234603005378,43.43284600100006],[-5.850059806005375,43.43282074400004]],[[-5.8503664440054175,43.43348081200005],[-5.850247576005403,43.43356047300007],[-5.8503059590054125,43.43367656100004],[-5.850521794005421,43.43360899000005],[-5.8503664440054175,43.43348081200005]],[[-5.851491991005393,43.43510403100005],[-5.851539699005403,43.43495490700008],[-5.851465658005399,43.43492846100005],[-5.8514138650053855,43.43508078900006],[-5.851491991005393,43.43510403100005]],[[-5.851739419005418,43.43388060700007],[-5.851632454005431,43.433441649000045],[-5.851940090005439,43.43380256800005],[-5.85200399400544,43.43379271900006],[-5.851966530005438,43.43346066300007],[-5.8517387880054414,43.43328145900008],[-5.851877167005407,43.43323148100007],[-5.8517142270054086,43.43318917700005],[-5.851636897005397,43.43324108400005],[-5.851600720005426,43.43311993800007],[-5.851485056005403,43.43326700500007],[-5.851739419005418,43.43388060700007]],[[-5.851651142005444,43.43438969200005],[-5.8517730660054275,43.43430879400007],[-5.8515943630054075,43.434290626000085],[-5.851651142005444,43.43438969200005]],[[-5.8518323050054235,43.433914301000094],[-5.851925757005412,43.43385120200004],[-5.85185843800543,43.43380666900006],[-5.8518323050054235,43.433914301000094]],[[-5.852065187005405,43.43399959200009],[-5.85208882400543,43.43393994000008],[-5.852043605005416,43.43390436400008],[-5.851958586005433,43.43397634800006],[-5.852065187005405,43.43399959200009]],[[-5.852098662005416,43.434330736000064],[-5.852183942005423,43.434334267000075],[-5.852127201005442,43.43430505000005],[-5.852098662005416,43.434330736000064]],[[-5.852265271005435,43.43433752400007],[-5.852186185005404,43.43436896400006],[-5.852215417005437,43.434417958000054],[-5.852262390005433,43.43441094600008],[-5.852265271005435,43.43433752400007]],[[-5.852305155005426,43.43411065100005],[-5.852363284005449,43.43403765500008],[-5.852188064005429,43.43397405800006],[-5.852198569005408,43.434070032000086],[-5.852305155005426,43.43411065100005]],[[-5.852330056005441,43.43482126000005],[-5.8522191690054335,43.43472438900007],[-5.852345004005443,43.43485034000005],[-5.852330056005441,43.43482126000005]],[[-5.852228854005444,43.434144287000045],[-5.852193819005446,43.43418637100008],[-5.8522183790054365,43.4342490110001],[-5.852255591005429,43.43421971400007],[-5.852228854005444,43.434144287000045]],[[-5.852541050005428,43.43833791900006],[-5.852694979005451,43.43821909400005],[-5.852521350005432,43.43834503400007],[-5.852541050005428,43.43833791900006]],[[-5.852459904005416,43.43478956800006],[-5.852515249005437,43.43476649200005],[-5.852517850005444,43.434698545000074],[-5.852475576005434,43.43471973100004],[-5.852459904005416,43.43478956800006]],[[-5.8528402300054445,43.43829106200009],[-5.852752059005429,43.438278799000074],[-5.852848062005441,43.43839327400009],[-5.8528402300054445,43.43829106200009]],[[-5.853387315005445,43.438765666000066],[-5.853362055005417,43.438726272000075],[-5.853346429005423,43.438751793000066],[-5.853387315005445,43.438765666000066]],[[-5.8567369980054975,43.44300314600009],[-5.8566064910055005,43.44306833600008],[-5.8565653680054846,43.44316003800004],[-5.856850044005468,43.44310964700005],[-5.8567369980054975,43.44300314600009]]],[[[-5.834392871005214,43.430075837000075],[-5.833988875005163,43.42994742300006],[-5.8342887680052,43.42993216500004],[-5.834493777005215,43.430030817000066],[-5.834392871005214,43.430075837000075]]]]}},{"type":"Feature","properties":{"zona":"ES018-AST-35-1","rio":"R\u00edo Nore\u00f1a"},"geometry":{"type":"Polygon","coordinates":[[[-5.706995919003745,43.420385413000076],[-5.707985152003741,43.418906671000066],[-5.708331910003778,43.41817163400003],[-5.708596798003785,43.41729826800001],[-5.708709635003747,43.416521304000064],[-5.70892563000377,43.416067151000064],[-5.708686550003738,43.415125052000064],[-5.708758974003792,43.41473774200007],[-5.7086565600037655,43.41469958800008],[-5.70853015600375,43.414778667000064],[-5.7082921100037565,43.41455557600006],[-5.707753034003754,43.41435568700007],[-5.7075666330037444,43.41418162900003],[-5.707738677003758,43.41411629900007],[-5.707627538003744,43.41404597800006],[-5.707674457003744,43.41385847100003],[-5.707557420003748,43.41376687100008],[-5.707563735003756,43.413443877000084],[-5.707270227003781,43.413094717000035],[-5.707530773003777,43.41309882500009],[-5.7076863280037715,43.41279557300005],[-5.7074615250037315,43.412474497000076],[-5.706964930003768,43.412523896000046],[-5.707195343003767,43.41235062200009],[-5.706979738003771,43.411991618000066],[-5.707106032003756,43.411923919000074],[-5.707391314003751,43.41196064400004],[-5.707491445003764,43.41177377500005],[-5.707056429003776,43.41115959100006],[-5.706434855003734,43.40990993900006],[-5.706326724003744,43.40985302800005],[-5.706070959003721,43.408499373000055],[-5.70600523100374,43.40843093000008],[-5.7058510250037475,43.40857900700007],[-5.705646286003719,43.408306743000026],[-5.703989737003745,43.40487850300008],[-5.703836371003737,43.40476757500005],[-5.703842307003716,43.404596469000076],[-5.703354771003733,43.40365203600005],[-5.703180978003742,43.403631208000036],[-5.703247124003738,43.40384562100009],[-5.702986904003706,43.403853180000056],[-5.703301277003747,43.40390505500007],[-5.703222911003721,43.40409997600007],[-5.703469838003699,43.40429301600006],[-5.703639357003698,43.40471122300005],[-5.7037735730037475,43.40478813100004],[-5.7034950750037465,43.40497450200007],[-5.703216516003705,43.40487030500004],[-5.703113031003694,43.40517180900009],[-5.7029468340036935,43.405097603000065],[-5.702954746003693,43.40530950700003],[-5.702525926003722,43.405021144000045],[-5.701775626003722,43.404826411000066],[-5.7013267510037,43.404501798000084],[-5.701193960003699,43.40449713700008],[-5.701161083003676,43.40428869700002],[-5.700701314003697,43.40390444100008],[-5.700693743003672,43.40368602300004],[-5.7003919140037045,43.40378501000004],[-5.700455205003707,43.40322976300008],[-5.700282167003691,43.402986400000046],[-5.700271262003683,43.40275755200004],[-5.699920458003686,43.40253052400005],[-5.699948871003681,43.40245785200007],[-5.699775368003693,43.40247626700007],[-5.699227499003686,43.40295839600004],[-5.698949190003674,43.40173794200007],[-5.69906984100365,43.40162002100005],[-5.69946805800371,43.40154777900006],[-5.699532127003671,43.40131691800009],[-5.699915425003707,43.40102411800007],[-5.699670429003712,43.40087957200008],[-5.699619181003678,43.40068010200009],[-5.69974220100367,43.39993565400005],[-5.6999266870036935,43.399879806000065],[-5.699669417003671,43.399577677000046],[-5.699970772003708,43.39916028300007],[-5.699675165003707,43.398133215000044],[-5.699852725003706,43.397735791000066],[-5.699875833003702,43.396625890000074],[-5.699991984003688,43.39595816200005],[-5.6998689710036805,43.39578524600006],[-5.700019010003686,43.39539878700003],[-5.700177020003696,43.395194517000064],[-5.70056857500372,43.39548966500007],[-5.700511900003724,43.39561318000006],[-5.70082197800371,43.39585389300005],[-5.700918951003697,43.39608270600009],[-5.70092269500372,43.39620589000004],[-5.700785906003709,43.39628599200007],[-5.70087087500371,43.396640762000075],[-5.700963922003718,43.39651710500005],[-5.7010768080036724,43.39682436600004],[-5.701170571003727,43.39680925400007],[-5.701471800003731,43.39597203400008],[-5.701732818003681,43.39598629700004],[-5.701924115003697,43.395732748000064],[-5.7017094430037245,43.39519888000008],[-5.701573236003697,43.39527477500008],[-5.701670481003705,43.39538797500008],[-5.701583748003715,43.39541641600005],[-5.70146277000373,43.39537007300005],[-5.701421566003717,43.395245045000095],[-5.701043048003723,43.39522771700007],[-5.700947274003677,43.39512397000005],[-5.701131916003701,43.39500657700006],[-5.701318279003715,43.39453837900005],[-5.701613579003723,43.39415459500004],[-5.701822849003696,43.39396437800008],[-5.702265684003701,43.393836138000054],[-5.702624782003694,43.39362105000005],[-5.702827105003693,43.39336459400006],[-5.702815255003729,43.39226553600004],[-5.702544240003717,43.39148510800005],[-5.702571224003704,43.39134016400005],[-5.702727634003693,43.39147314400004],[-5.702741430003713,43.39137235600005],[-5.702477873003728,43.39095366800007],[-5.702280268003744,43.39087582200007],[-5.702158404003692,43.39107492900007],[-5.701700605003686,43.39111074000004],[-5.701399361003727,43.39122459400005],[-5.701148640003679,43.391482507000035],[-5.700599563003715,43.392362240000075],[-5.700243896003703,43.392403837000074],[-5.70012449800372,43.39255090700005],[-5.699900339003692,43.39264056300005],[-5.698848615003703,43.39260785400007],[-5.698425931003698,43.39280504100003],[-5.698034863003696,43.392777288000055],[-5.697930306003652,43.392844240000045],[-5.6973703820036885,43.39255405300002],[-5.69698720600367,43.392489643000026],[-5.696753321003668,43.39259076100008],[-5.69649505800363,43.39297545600005],[-5.696090938003642,43.393245542000045],[-5.696012587003628,43.39321332700007],[-5.696276399003646,43.39280611800007],[-5.696235467003655,43.39266720300004],[-5.695930580003682,43.39262079000008],[-5.695538914003637,43.39272509600006],[-5.6953058560036425,43.39298170200006],[-5.695130456003649,43.39371446800004],[-5.69473438000363,43.393966581000036],[-5.694704724003649,43.39429762900006],[-5.695104221003643,43.394443193000036],[-5.695247919003632,43.39458721000006],[-5.695040856003625,43.39469784600005],[-5.69503363300367,43.39504091500004],[-5.694566864003651,43.39576772100003],[-5.694642000003618,43.396007115000046],[-5.694425326003613,43.39639681400008],[-5.6940063160036365,43.396622250000064],[-5.693587901003619,43.39671175500007],[-5.693055022003623,43.39678113600008],[-5.692817022003597,43.396642124000046],[-5.692522857003637,43.39665683300007],[-5.692409335003644,43.39682977300006],[-5.692076755003621,43.39683639400005],[-5.691451760003605,43.397327529000066],[-5.691198502003616,43.39742665900008],[-5.690844396003581,43.39729040900006],[-5.690689742003609,43.39707377400004],[-5.691090609003609,43.39678833500007],[-5.691207205003607,43.396574375000064],[-5.691451068003592,43.396395731000055],[-5.692088759003606,43.39619468800003],[-5.692581445003639,43.39626054000008],[-5.693405198003612,43.396194041000065],[-5.694104901003626,43.395784861000045],[-5.694318912003654,43.39527491300004],[-5.693896968003612,43.394346202000065],[-5.69406081100361,43.394116996000044],[-5.693953415003632,43.393754837000074],[-5.693602262003632,43.393360147000074],[-5.693535400003651,43.39304688000004],[-5.694198003003623,43.39308113700008],[-5.694676199003645,43.392612542000066],[-5.694991627003669,43.392572317000045],[-5.69614252900363,43.39203985500007],[-5.69714940700364,43.392018558000075],[-5.697772418003661,43.39211029800004],[-5.698258931003664,43.39231210400005],[-5.6984577240037035,43.39219520500007],[-5.699132993003709,43.39209662800005],[-5.699604086003701,43.39212853500005],[-5.699841599003704,43.39221412300004],[-5.699993234003715,43.392094839000045],[-5.7000551240037,43.39189983000006],[-5.699962610003682,43.39159608500007],[-5.699750151003671,43.39140828100006],[-5.699859703003698,43.39128907200007],[-5.699680014003705,43.391085617000044],[-5.69974212600367,43.39079157200007],[-5.699541805003703,43.39058615900007],[-5.7000147140037045,43.39023857700006],[-5.7008038330037,43.38995942800006],[-5.7011188940036845,43.38964276500008],[-5.701960732003736,43.38918012600005],[-5.70217739800371,43.389747572000054],[-5.702361376003705,43.389858090000075],[-5.7024411860036945,43.39056874700004],[-5.702707199003741,43.39065128400007],[-5.703180551003718,43.39061171700007],[-5.7032560360037445,43.39067548000004],[-5.703477590003752,43.39204660100008],[-5.703237484003714,43.39222462600005],[-5.703259165003734,43.39288710600005],[-5.703192502003749,43.39284852200008],[-5.703159924003746,43.39297061900005],[-5.703723669003719,43.39292676100007],[-5.7033591820037035,43.38835546500008],[-5.704047674003761,43.38759251700004],[-5.704609047003751,43.387334532000075],[-5.705388974003755,43.38724163600006],[-5.705812089003748,43.38735546900007],[-5.706228707003782,43.38762813000006],[-5.7067456010037745,43.38764295600005],[-5.706915798003766,43.38777033700007],[-5.7073970640037786,43.387906017000034],[-5.707994200003793,43.38849747600007],[-5.708339271003767,43.38862458300009],[-5.708564939003755,43.38890453200003],[-5.708793913003793,43.389003647000045],[-5.709110324003769,43.38911796600008],[-5.709419388003791,43.38903712200005],[-5.709553433003775,43.38917469500008],[-5.709953213003787,43.38927174400004],[-5.71021970500377,43.38957695900008],[-5.710531353003811,43.38966665900006],[-5.7120715690037915,43.389837404000055],[-5.712814055003835,43.39009418200005],[-5.713183207003801,43.390480506000095],[-5.713240373003834,43.39065177100009],[-5.7129756260038125,43.39108477800006],[-5.712425694003795,43.39146505200007],[-5.711782137003799,43.392099343000055],[-5.7118602010038355,43.39226714000006],[-5.712098793003798,43.392421243000065],[-5.712521435003793,43.39245825400008],[-5.71318110600385,43.39216904500007],[-5.71374050600384,43.391791053000084],[-5.714021818003815,43.391400594000075],[-5.714449390003854,43.39107662100004],[-5.714512446003843,43.39088240500008],[-5.7143573250038635,43.39065039000008],[-5.714470626003863,43.39056206200007],[-5.714914334003844,43.39049836300008],[-5.71546125300384,43.390583401000086],[-5.715787369003837,43.39053723000008],[-5.716349624003877,43.390750856000075],[-5.716503628003847,43.390875659000095],[-5.7158799900038595,43.39138758400003],[-5.716327933003848,43.39122339300009],[-5.716438074003842,43.39127556000007],[-5.7164626580038576,43.39236351500006],[-5.717078196003841,43.39303888200005],[-5.717227391003848,43.39281867800004],[-5.717664721003864,43.39257351300007],[-5.717775545003855,43.39259639700004],[-5.7177469600038595,43.39242522300003],[-5.718006871003862,43.392184250000085],[-5.718513389003876,43.39224139200008],[-5.718711504003867,43.39207720400003],[-5.719206123003867,43.391930923000075],[-5.719021279003876,43.39127862600003],[-5.719308009003907,43.39121985500004],[-5.71962509200388,43.39131834400008],[-5.720610782003883,43.39110182800005],[-5.720857595003875,43.39107527700003],[-5.720986706003911,43.391135279000025],[-5.720836895003881,43.391006237000056],[-5.720856061003897,43.390917906000034],[-5.721098097003931,43.390816340000086],[-5.72147634700392,43.390859201000076],[-5.721596937003915,43.390719072000095],[-5.721494163003887,43.39060343500007],[-5.721545042003902,43.39047631500007],[-5.72184921800389,43.39040277900005],[-5.721838042003904,43.39020185500004],[-5.7223552420039,43.39031069900007],[-5.722678959003918,43.39027717600005],[-5.723258672003903,43.390104223000044],[-5.723838883003907,43.39004979300007],[-5.724475915003956,43.38966873300006],[-5.724841952003953,43.38954237300005],[-5.725686612003947,43.38960118200005],[-5.726046165003959,43.38984315900008],[-5.725897825003948,43.390020324000034],[-5.7262149660039325,43.39000981900007],[-5.726457169003964,43.39020789900008],[-5.726302734003948,43.39035025800008],[-5.726444515003975,43.39062318300007],[-5.726599401003938,43.39075430500004],[-5.726805295003974,43.39068858700007],[-5.727215108003952,43.391114996000056],[-5.727045759003975,43.391101303000035],[-5.727114804003952,43.39137664700009],[-5.727290387003938,43.391325041000066],[-5.727925151003986,43.39164901400006],[-5.728035087003987,43.39164332100007],[-5.728665279003955,43.392221969000055],[-5.728581121003961,43.392523476000065],[-5.729439075003995,43.39304799600006],[-5.729361023004003,43.39324787200009],[-5.729461349003997,43.39332686400008],[-5.729770302004001,43.393317271000065],[-5.730145093004019,43.39355922600004],[-5.730951018003979,43.393822071000045],[-5.731193883003998,43.393819638000025],[-5.731354556003982,43.39364252900003],[-5.731453048003991,43.39376399100007],[-5.7328461440040215,43.393981492000094],[-5.733720669004058,43.39428587800007],[-5.73413596200401,43.394174507000066],[-5.734244340004061,43.39427258800004],[-5.73426866500403,43.39458974400004],[-5.734970048004073,43.394894955000055],[-5.7352455780040295,43.39491742100007],[-5.735681481004073,43.39482560400007],[-5.736209310004042,43.395001637000064],[-5.736276393004074,43.394867331000064],[-5.736461476004039,43.394846845000075],[-5.736855989004046,43.394955666000044],[-5.736371672004068,43.39493051700005],[-5.736389851004063,43.39498637600009],[-5.73685182300405,43.39510293400008],[-5.737050460004093,43.394980204000056],[-5.73765173200408,43.39542309200005],[-5.737985811004054,43.395510070000064],[-5.73798995800408,43.39556915500005],[-5.737849224004067,43.395591730000035],[-5.738027618004057,43.39572898100005],[-5.738623273004103,43.395823694000065],[-5.739168233004066,43.39622040100007],[-5.739455116004071,43.39654970400008],[-5.74007433600411,43.39684549500005],[-5.7404582580040815,43.39687999600007],[-5.740638577004121,43.397368571000094],[-5.740368313004125,43.39788348100007],[-5.740368721004073,43.39856566700007],[-5.740730848004092,43.39912050500005],[-5.740796954004113,43.399513182000085],[-5.741263217004082,43.400369885000046],[-5.741456236004135,43.400607915000094],[-5.741736977004121,43.400768216000095],[-5.742363807004116,43.400711168000065],[-5.742692149004108,43.40049593600003],[-5.743069888004155,43.40045895400005],[-5.743358751004139,43.40028720000006],[-5.743604111004149,43.40033131700005],[-5.743785651004123,43.40004775200005],[-5.744038585004128,43.40018006100008],[-5.7446766480041305,43.40022238600005],[-5.745107017004151,43.39940576100003],[-5.745335160004168,43.39914680600005],[-5.7455876250041324,43.39904129200007],[-5.745766645004153,43.3990813980001],[-5.745919767004181,43.39924148300004],[-5.745636465004166,43.39945086500007],[-5.745540571004139,43.39963880100005],[-5.745676259004139,43.40007772000008],[-5.7460797590041475,43.40034675500006],[-5.746774646004165,43.400426911000075],[-5.747208907004179,43.40061422600008],[-5.74791363600419,43.40064279400008],[-5.748253716004196,43.400558667000055],[-5.748469985004164,43.400402672000055],[-5.748567601004169,43.39998805200004],[-5.7489192210041775,43.39972915100004],[-5.749077443004216,43.39969923200005],[-5.7494409050042155,43.39987674700007],[-5.750009533004219,43.399917146000085],[-5.750225027004195,43.39982983700004],[-5.7500661810042155,43.400546602000084],[-5.7504146200042126,43.400725207000065],[-5.750508870004231,43.400691814000034],[-5.750629840004188,43.40042445700004],[-5.750913287004207,43.40026737400007],[-5.750776158004209,43.400010070000086],[-5.751193345004197,43.399921009000046],[-5.751485813004198,43.40002471700007],[-5.7519401660042115,43.40005781400005],[-5.755225937004285,43.40104169000007],[-5.7561403070042685,43.40103220500004],[-5.757099249004291,43.400693498000074],[-5.757686699004309,43.400661639000084],[-5.7579984300042675,43.400334254000036],[-5.7580524120042655,43.40007611200008],[-5.758315753004319,43.39988878600008],[-5.758931398004308,43.399155065000066],[-5.7603547090043214,43.39815333400004],[-5.760458744004313,43.39774273200005],[-5.760632296004295,43.39781701300008],[-5.761475675004307,43.39759911100005],[-5.761974078004364,43.39765484500005],[-5.76314632400433,43.397361890000084],[-5.763759952004333,43.397441916000055],[-5.764352454004357,43.39795868800009],[-5.764493887004369,43.39824606300006],[-5.764391262004358,43.39859473700006],[-5.764467826004341,43.39869734000008],[-5.76429621100434,43.39892988500005],[-5.764360232004354,43.399014176000044],[-5.764571393004338,43.399118693000055],[-5.764674770004355,43.39896451100004],[-5.76509739200439,43.398958440000065],[-5.765219258004363,43.40126549800006],[-5.764695352004345,43.401407767000094],[-5.764397260004363,43.40127646500011],[-5.764197334004367,43.40138755700009],[-5.7637717480043555,43.401171647000076],[-5.763441407004358,43.40120690700009],[-5.763331156004332,43.40130093500007],[-5.763054926004332,43.40105681400008],[-5.76283564500433,43.40067385300007],[-5.762628327004348,43.40069501700005],[-5.762471400004369,43.40062856900007],[-5.76248984100432,43.40051820400005],[-5.762305114004344,43.40023177300006],[-5.762116151004314,43.40032876000004],[-5.7619965650043286,43.40008642100003],[-5.7615728210043375,43.40003626300007],[-5.761657351004318,43.40027801700007],[-5.7613284160043445,43.40039108100007],[-5.761132352004322,43.40058368200006],[-5.760900118004308,43.40054167200004],[-5.760837330004327,43.40071974200005],[-5.760944615004343,43.401027421000045],[-5.7608475840043445,43.40129201200008],[-5.7609066030043365,43.40146392800007],[-5.761124260004346,43.40157414200008],[-5.760926203004311,43.40168261200007],[-5.761005937004307,43.4017761630001],[-5.760559610004337,43.40197269700008],[-5.7604285020043315,43.40226361700009],[-5.760301224004295,43.40234200300005],[-5.760175819004287,43.402313776000035],[-5.760350238004305,43.40212140400007],[-5.760007906004301,43.40235932500009],[-5.7597878520042896,43.402332986000054],[-5.759436108004284,43.40255358600007],[-5.759340206004287,43.4025411420001],[-5.759356694004314,43.402437135000085],[-5.758963023004325,43.402561953000045],[-5.758330710004279,43.40245897300009],[-5.7577925570042945,43.40254833800003],[-5.757359764004273,43.40272528800006],[-5.757208789004274,43.40288231700004],[-5.757295756004291,43.40324178000003],[-5.757224468004275,43.40336872500007],[-5.757014567004269,43.40324784500008],[-5.756571670004291,43.40333149200007],[-5.756553423004277,43.40319230700005],[-5.756148857004287,43.40276234400007],[-5.7559547470042896,43.40278300400007],[-5.755501386004244,43.40264306100006],[-5.755379241004266,43.40250173400007],[-5.754410871004246,43.40210461100004],[-5.753915732004231,43.40215663000004],[-5.753653033004268,43.40240664500005],[-5.753132764004214,43.402307657000065],[-5.752380118004236,43.402493547000084],[-5.751677432004219,43.40235884600003],[-5.751366781004209,43.40243125100005],[-5.751069410004217,43.402281428000045],[-5.750889014004196,43.402080859000094],[-5.750135501004182,43.40189053500007],[-5.749933064004197,43.401974296000056],[-5.749775522004183,43.402190975000046],[-5.749650623004227,43.402068699000054],[-5.749510257004183,43.402375263000074],[-5.749280657004171,43.402512155000075],[-5.748364917004178,43.40278465400009],[-5.748063546004197,43.40279050300006],[-5.747634189004162,43.402915718000045],[-5.74723311800416,43.40281300900006],[-5.747075458004144,43.402893071000065],[-5.747165410004196,43.402545671000055],[-5.747010344004149,43.40225209700004],[-5.746769187004141,43.40243064200008],[-5.74621018300417,43.40222964100009],[-5.745860425004137,43.402193678000074],[-5.74553647400415,43.40226566600007],[-5.745087034004134,43.402064734000106],[-5.744416384004165,43.40199702200005],[-5.743948280004111,43.40203300700007],[-5.743277964004136,43.402204532000056],[-5.743019532004123,43.40236047900005],[-5.742268824004116,43.40259783400007],[-5.742126325004123,43.40257806000006],[-5.7423635140041425,43.40239013500008],[-5.7426536980041405,43.40233572100005],[-5.742528448004143,43.40213466500008],[-5.742378340004127,43.40222994800008],[-5.742101332004111,43.40225963300003],[-5.741910515004134,43.40256766900007],[-5.741113901004102,43.40248725800008],[-5.740490519004081,43.40235245000009],[-5.740215999004074,43.40222318500003],[-5.740009044004119,43.401911715000054],[-5.73903911600409,43.40142375400008],[-5.738920037004089,43.40126230800008],[-5.738723082004107,43.401203852000044],[-5.738728465004081,43.40106110500007],[-5.738553480004078,43.40102878100006],[-5.7384725390040545,43.40087566800003],[-5.7380255280041,43.40084718700007],[-5.737678441004076,43.40066267200008],[-5.737748142004049,43.400528921000046],[-5.737574037004062,43.40051883700006],[-5.737353856004085,43.400752421000064],[-5.737445967004043,43.400806703000065],[-5.737178898004081,43.40096467000008],[-5.737139962004068,43.401562883000054],[-5.73684634900407,43.40165799500005],[-5.736064990004032,43.40141887900007],[-5.7360879180040545,43.401120488000075],[-5.7364367560040375,43.40109027500008],[-5.736337913004047,43.40063067000007],[-5.736508776004043,43.40035960100006],[-5.736467928004073,43.40027429100008],[-5.73667480300408,43.40008273200006],[-5.737336719004041,43.399735036000045],[-5.738253755004083,43.399551786000075],[-5.738377438004055,43.399448466000095],[-5.7384274740040615,43.39859483200008],[-5.738757186004062,43.39803572600006],[-5.73876549300409,43.397814077000085],[-5.738658248004109,43.397645120000064],[-5.737982852004082,43.397476568000066],[-5.736870076004057,43.39692198000006],[-5.7359418050040265,43.396605709000035],[-5.735401625004049,43.396171178000046],[-5.73508494400403,43.39607055300007],[-5.734195450004043,43.395986511000054],[-5.73364119400405,43.39577275500005],[-5.732845323004006,43.39558911800004],[-5.7326321030040255,43.39561239000007],[-5.731866152004011,43.39545435500004],[-5.731853784004011,43.39555837900009],[-5.73132224200403,43.39534603100004],[-5.730870888004019,43.39539984500006],[-5.730334974004003,43.395362530000064],[-5.729782718004004,43.39547652900007],[-5.729349040003965,43.395444771000044],[-5.728317603003959,43.394988577000056],[-5.727455003003945,43.39497653200005],[-5.727454411003953,43.39483756600004],[-5.727677421003969,43.39475744300007],[-5.727915319003995,43.39449556200005],[-5.727617049003962,43.39378034900007],[-5.727013725003959,43.39299055800007],[-5.726516282003983,43.392594809000066],[-5.726317019003968,43.39254806800006],[-5.726415445003933,43.392442319000054],[-5.726100145003977,43.39217630200007],[-5.725971004003974,43.39158047100007],[-5.725624551003949,43.391335925000085],[-5.725018606003927,43.391252221000066],[-5.724157266003945,43.39152413900008],[-5.723701769003921,43.391551843000066],[-5.723433790003918,43.39167421200007],[-5.723004113003916,43.39158749700005],[-5.722451053003893,43.39186736000005],[-5.722458048003928,43.39196493100009],[-5.721739186003936,43.391997786000054],[-5.7205661300038955,43.39277443600003],[-5.719959935003902,43.39345824500005],[-5.719525187003864,43.39380536600006],[-5.719176899003862,43.39428318300003],[-5.719179313003857,43.39456114600006],[-5.718804283003865,43.39523201100008],[-5.71840884100385,43.39540835400005],[-5.718114258003875,43.39537772900008],[-5.71794240700387,43.39521472200006],[-5.717894151003855,43.39541287800007],[-5.717751526003887,43.395497244000076],[-5.717555954003887,43.39529481100005],[-5.717482762003885,43.395345682000034],[-5.717573691003839,43.395485344000065],[-5.717436393003869,43.39556751000005],[-5.716900013003835,43.39529081300004],[-5.71684485900384,43.395332881000066],[-5.716592218003863,43.39525792400009],[-5.716118042003848,43.39504596700005],[-5.71575147300385,43.39448592500003],[-5.7155165080038435,43.39429993300008],[-5.715017155003828,43.394254268000054],[-5.714508013003825,43.394385177000075],[-5.714485281003835,43.39345000200008],[-5.714979067003833,43.39327260200004],[-5.714859407003835,43.393180776000065],[-5.714538391003848,43.393167686000034],[-5.714405284003835,43.392684308000085],[-5.714051566003845,43.39248328100009],[-5.713910499003828,43.39247591800005],[-5.713520273003844,43.392734104000056],[-5.712953727003824,43.393224875000065],[-5.712699625003836,43.39331335200007],[-5.7125332380037985,43.39351435000004],[-5.711556233003807,43.393571936000065],[-5.711261390003798,43.39350017300008],[-5.710969008003797,43.39331709600004],[-5.710591707003778,43.39282487200005],[-5.710490337003796,43.392311668000055],[-5.710752556003778,43.39162912800004],[-5.711064098003801,43.39112954500008],[-5.710918273003795,43.39078730200004],[-5.710691956003796,43.39071615000008],[-5.709925042003789,43.39073255700004],[-5.709385998003792,43.39048961200008],[-5.709456230003777,43.39041813900009],[-5.709015992003762,43.390269187000065],[-5.7087498940037635,43.39004765700003],[-5.708372909003756,43.390087484000055],[-5.706577777003756,43.38984201100005],[-5.706427034003747,43.389516599000046],[-5.706292151003759,43.38944108800007],[-5.705958583003725,43.389492906000044],[-5.70582779100373,43.38970019900006],[-5.7056302990037455,43.38960041200006],[-5.70531704800372,43.38983238300006],[-5.70524577800374,43.389996210000064],[-5.705424041003752,43.39050957000007],[-5.706014639003732,43.390861191000056],[-5.7059312470037655,43.39156325800009],[-5.705325830003728,43.39232548300005],[-5.705271367003757,43.393022655000046],[-5.704819163003755,43.39326889700005],[-5.704681436003716,43.393426649000055],[-5.704829059003748,43.39367416200003],[-5.704753701003744,43.39384839900003],[-5.703981467003726,43.39411080900005],[-5.7038966470037415,43.394204760000044],[-5.703812395003719,43.39464483900008],[-5.703952815003758,43.39487177000009],[-5.703793933003704,43.39507558500002],[-5.703608632003715,43.39505943800005],[-5.703469707003725,43.39527911700002],[-5.703587637003714,43.39548452000003],[-5.703475207003713,43.39606630300006],[-5.703203574003698,43.39623094000007],[-5.702984611003743,43.396269542000034],[-5.703076067003696,43.397440319000076],[-5.702884809003719,43.397617804000056],[-5.703002081003731,43.39805714400008],[-5.703000022003734,43.399107167000075],[-5.7030916760036945,43.399607803000045],[-5.703015759003691,43.39995216200005],[-5.702920559003712,43.39999603900004],[-5.7028231910036995,43.399648570000075],[-5.7025300390037135,43.39961724900008],[-5.702852268003722,43.39953607200005],[-5.702722684003743,43.39915964800008],[-5.702130197003732,43.39901169300004],[-5.702062271003689,43.39950141500004],[-5.701944557003688,43.39941502200002],[-5.701835337003732,43.39839054800009],[-5.701658255003681,43.39827125000007],[-5.701358909003714,43.398364703000034],[-5.701166790003692,43.39862703100005],[-5.701176285003723,43.399021715000075],[-5.7010450260037215,43.39931419700009],[-5.701130571003713,43.399618768000046],[-5.701021712003689,43.39979993900006],[-5.701406266003685,43.39994763700004],[-5.701461281003728,43.400258696000044],[-5.7017639880036795,43.400346612000085],[-5.701951045003686,43.40051440300007],[-5.702052631003714,43.40132574700005],[-5.701745456003721,43.40132383100007],[-5.701740740003687,43.40161409800005],[-5.701829192003686,43.401761554000075],[-5.702294296003693,43.40203022700008],[-5.702786354003716,43.40283207800007],[-5.70248616800371,43.401621087000095],[-5.702571927003711,43.40137180000006],[-5.702500242003689,43.40115262600006],[-5.7026564970037255,43.40107909300008],[-5.702506000003731,43.40102238800007],[-5.702513635003706,43.40088088200009],[-5.702272526003703,43.400794058000045],[-5.702271635003689,43.40069978100009],[-5.702409304003717,43.40065670900004],[-5.702858324003742,43.40066917900005],[-5.7029659640036945,43.400764506000044],[-5.702645929003732,43.40118619600004],[-5.70262436000372,43.40152161100008],[-5.7026458540037295,43.40205521600007],[-5.7028018160037375,43.40212711900007],[-5.702788439003722,43.402422440000066],[-5.702953989003742,43.402687210000074],[-5.703270028003729,43.40289479700005],[-5.703371830003747,43.40306203300003],[-5.7038107720037114,43.403208801000076],[-5.704312681003752,43.40361545500009],[-5.703996439003754,43.40356217900007],[-5.704004718003738,43.40367183400009],[-5.704365165003733,43.40385686800005],[-5.704494882003727,43.40407705500009],[-5.704667829003737,43.404072715000055],[-5.704862616003738,43.40421227100006],[-5.705414237003744,43.40432948000006],[-5.705545915003746,43.404276493000054],[-5.706955103003729,43.40538147800005],[-5.7068614310037376,43.40541319400007],[-5.707036125003746,43.405708935000064],[-5.706985248003769,43.40591142000006],[-5.707470392003755,43.40620652400005],[-5.707625071003747,43.40639538700003],[-5.708219817003741,43.40779585700005],[-5.708092030003743,43.408112195000065],[-5.708159642003754,43.40819575300004],[-5.70832732100377,43.40813400500008],[-5.708492863003763,43.40819269200007],[-5.7093885050037585,43.41003290300006],[-5.709326952003792,43.41046368000009],[-5.709418643003757,43.410477333000074],[-5.7097082410037565,43.410980716000054],[-5.70967488300376,43.41139558000004],[-5.709380757003785,43.41154739800005],[-5.709149760003765,43.41209111500006],[-5.708642801003755,43.41255032000005],[-5.708510947003792,43.412749233000085],[-5.708474064003784,43.413043341000055],[-5.708566546003742,43.41354690900006],[-5.708829178003788,43.41384450800007],[-5.708968028003775,43.414364694000035],[-5.710037138003789,43.41511956500007],[-5.710108196003794,43.41550643400008],[-5.709983248003784,43.41580006000005],[-5.710405648003778,43.416485178000094],[-5.710520120003786,43.41690665800008],[-5.710307292003754,43.41722511800005],[-5.7102782240038055,43.417498109000064],[-5.709243569003783,43.41896780100007],[-5.709210553003752,43.41916132400007],[-5.708982768003756,43.41936890400008],[-5.708642648003776,43.41951718800004],[-5.70825367400374,43.42007750100005],[-5.707889230003782,43.420297818000066],[-5.707511385003775,43.42068004000005],[-5.707007638003731,43.42057412700007],[-5.706995919003745,43.420385413000076]],[[-5.700730766003679,43.39633633400007],[-5.700518436003667,43.39610652300008],[-5.700469345003674,43.39589991700007],[-5.7003368910036905,43.39580143900009],[-5.700165481003681,43.39605002300004],[-5.700531381003705,43.39628477900006],[-5.700674013003714,43.39649616000004],[-5.700730766003679,43.39633633400007]],[[-5.701959516003687,43.397699397000046],[-5.702515161003713,43.39633482400007],[-5.702383294003719,43.39628750100008],[-5.702409453003734,43.39615527800002],[-5.701838421003691,43.39635626100006],[-5.701886318003692,43.396497520000025],[-5.702018760003688,43.39649289700004],[-5.70200489200369,43.39656627500007],[-5.701686305003707,43.39673855000008],[-5.70154111100368,43.39697459600007],[-5.701810191003692,43.39728606500007],[-5.701959516003687,43.397699397000046]],[[-5.702824123003736,43.39721936400009],[-5.702874385003738,43.39716271400007],[-5.702738927003693,43.396847551000086],[-5.7027418750037215,43.39658195700009],[-5.7023813930037,43.39717793900007],[-5.702824123003736,43.39721936400009]],[[-5.702566438003724,43.400858431000074],[-5.7027237640036885,43.400896051000075],[-5.702701412003714,43.400762718000074],[-5.702566438003724,43.400858431000074]],[[-5.703330367003749,43.39393992700008],[-5.70312034700375,43.39418579500007],[-5.703027176003745,43.39461025000003],[-5.70310789300375,43.394720027000076],[-5.703330367003749,43.39393992700008]],[[-5.703440931003705,43.39363497900008],[-5.703604805003715,43.393062453000034],[-5.7035828940037385,43.39363186200008],[-5.703887847003753,43.39327019600007],[-5.703892756003738,43.393135308000076],[-5.703728602003731,43.39301810400009],[-5.703390851003711,43.392991300000055],[-5.7031849600037,43.39308058700004],[-5.703253700003718,43.39327661600003],[-5.703027764003724,43.393687516000085],[-5.703063276003736,43.393743254000086],[-5.703219013003737,43.39362632000008],[-5.703236039003703,43.39385634600009],[-5.703440931003705,43.39363497900008]],[[-5.706495120003747,43.38950255000004],[-5.707178980003792,43.38946271500005],[-5.707634127003765,43.38954370600005],[-5.707774287003767,43.389449681000045],[-5.707544282003773,43.38928003000007],[-5.707111284003761,43.38923907200007],[-5.706381097003765,43.38929207200005],[-5.705962007003726,43.389396093000094],[-5.70639705700375,43.389400242000086],[-5.706495120003747,43.38950255000004]],[[-5.715252794003871,43.39312515000007],[-5.715085104003857,43.393132367000085],[-5.7151636170038635,43.39345229900006],[-5.715351615003866,43.39325451500008],[-5.715252794003871,43.39312515000007]],[[-5.717507133003884,43.39274075500004],[-5.717581141003839,43.39340533900003],[-5.7180263360038985,43.39337404000004],[-5.718263029003876,43.39319085900007],[-5.717953145003887,43.39280541700005],[-5.717726366003882,43.392660413000044],[-5.717507133003884,43.39274075500004]]]}},{"type":"Feature","properties":{"zona":"ES018-AST-30-1","rio":"R\u00edo Nal\u00f3n"},"geometry":{"type":"MultiPolygon","coordinates":[[[[-5.709084454003799,43.32207088900004],[-5.709065198003826,43.32187662900004],[-5.70826150900381,43.32138377000008],[-5.707542856003823,43.32078520900007],[-5.707362479003772,43.320808757000066],[-5.707348065003809,43.32063368700006],[-5.707035919003807,43.320345431000085],[-5.706334072003784,43.32008210400006],[-5.706019042003813,43.32006898800006],[-5.705772470003775,43.32017247400007],[-5.7062707480037895,43.31988928100004],[-5.706334505915695,43.31937947864963],[-5.715627322478592,43.31915906120266],[-5.716149445003865,43.31987980700007],[-5.7165104760038785,43.32063770800005],[-5.716743953003877,43.32146431200006],[-5.716541334003881,43.321555119000045],[-5.715589483003903,43.32147360600005],[-5.71553324500389,43.32141224000005],[-5.715127628003873,43.32146255500005],[-5.716660313003919,43.32165775700005],[-5.716727985003918,43.32173151500006],[-5.716654711003874,43.32184353700007],[-5.714784266003902,43.32167268100006],[-5.712565813003868,43.32086375000007],[-5.712008834003854,43.320692890000046],[-5.712426559003836,43.32089187000004],[-5.71196872200383,43.32075542900003],[-5.710351715003822,43.32008811300006],[-5.710260011003823,43.32019235200005],[-5.710329149003837,43.320285045000055],[-5.711576700003854,43.321133982000056],[-5.711315023003828,43.321325945000076],[-5.711060906003826,43.32130517200005],[-5.710892423003844,43.321536402000056],[-5.710360887003856,43.32176340900004],[-5.710243118003814,43.321895994000045],[-5.709155822003823,43.32215110600005],[-5.708848895003821,43.322443580000034],[-5.709084454003799,43.32207088900004]]],[[[-5.728593048003998,43.32691062800008],[-5.72846286800401,43.32691373700005],[-5.728282719003993,43.327083174000066],[-5.728160690003982,43.327076719000054],[-5.727908773004022,43.32700815400006],[-5.727616390004031,43.32675448000004],[-5.727457216003997,43.327291303000045],[-5.727015391003996,43.327227406000084],[-5.726955984004015,43.32719231500006],[-5.727221447004024,43.326820766000026],[-5.727170912004007,43.32653326300005],[-5.726981673003999,43.32637542700007],[-5.7266117050039655,43.32632975800006],[-5.726462612004017,43.326445833000044],[-5.726410091003972,43.32632198700003],[-5.726269989003982,43.32638154100007],[-5.724856676003968,43.325995179000095],[-5.7230682590039486,43.32514358700008],[-5.722501515003975,43.324767637000036],[-5.722321766003934,43.32487683600005],[-5.722226069003927,43.32484613800007],[-5.72237095700395,43.32457989400008],[-5.721363981003956,43.32455989300007],[-5.7208071300039505,43.324906538000064],[-5.72060820500394,43.32517849000005],[-5.721005825003946,43.325669063000085],[-5.719979506003932,43.324703126000045],[-5.719715890003944,43.32484195300004],[-5.7196008170039265,43.32481930800005],[-5.719664801003934,43.324975969000036],[-5.719429469003944,43.32474547300007],[-5.719161157003938,43.32461763800006],[-5.7190854590038915,43.32445716100007],[-5.719343702003914,43.324390527000055],[-5.719418117003943,43.32420073500004],[-5.71841323900393,43.323051017000076],[-5.718540426003906,43.32263768800006],[-5.718702655003917,43.32263636300008],[-5.7188669000039285,43.32249836000006],[-5.718682211003891,43.322408292000055],[-5.718529497003923,43.32254827600009],[-5.718488028003927,43.32228676100005],[-5.718588058003926,43.322158362000046],[-5.719536406003945,43.32220024500004],[-5.7189871510039305,43.32200475700007],[-5.717888198003921,43.32190203900007],[-5.717874849003895,43.32178458900007],[-5.717961953003883,43.32171738000006],[-5.718625333003938,43.32176049300007],[-5.719931794003907,43.32197317300007],[-5.71901898400391,43.32166980500007],[-5.718099115003928,43.321579925000044],[-5.7177148240038775,43.321463097000056],[-5.7174718940039195,43.32125965200004],[-5.717073745003883,43.32058955700006],[-5.715966407100249,43.31915100410584],[-5.717684714793889,43.31911015936699],[-5.717905750003896,43.319377426000074],[-5.718619522003888,43.319616342000074],[-5.718840574003918,43.319848530000066],[-5.719537266003945,43.320244908000085],[-5.719728586003947,43.32026165000009],[-5.719855290003915,43.32017944600006],[-5.720144119003917,43.32040876200007],[-5.720406511003945,43.32048449000007],[-5.720682057003959,43.32067746600008],[-5.72059536000393,43.320799506000085],[-5.720690874003938,43.32089743000006],[-5.721003948003959,43.32090548600008],[-5.722116693003972,43.32139974500008],[-5.72226589500396,43.32177638100007],[-5.7227568410039815,43.32215059100004],[-5.722497869003937,43.32209561200007],[-5.721702862003963,43.321560228000074],[-5.7212825730039265,43.321530949000085],[-5.720788938003925,43.32119032400006],[-5.720735645003916,43.32127552100009],[-5.720590814003915,43.3212770900001],[-5.720856800003962,43.32146613200007],[-5.721544224003948,43.3216367520001],[-5.721562097003938,43.32178198600008],[-5.721679511003926,43.32172882000003],[-5.721817445003936,43.32180579400007],[-5.721706095003937,43.321877914000034],[-5.722852895003965,43.32249517800006],[-5.724365071003984,43.323114512000075],[-5.725286079003972,43.32332517300007],[-5.725507282003998,43.32330069700006],[-5.7269489050040185,43.323655538000025],[-5.727155769004026,43.32352445500005],[-5.727374658004025,43.32363614200006],[-5.729103597004017,43.32320924200008],[-5.728905176004021,43.32274391700004],[-5.728241281004013,43.32284853900008],[-5.730560766004023,43.32229594700005],[-5.731197629004041,43.32203480600003],[-5.735380305004114,43.321037987000075],[-5.735526939004091,43.32090225300005],[-5.736217515004109,43.32063776700005],[-5.736311590004103,43.320368620000075],[-5.736673600004111,43.320534048000084],[-5.737449126004103,43.32069124900005],[-5.73745604200412,43.32077768400008],[-5.738113506004098,43.32086239100005],[-5.738393126004117,43.32081119500004],[-5.7384026890041095,43.32102815100007],[-5.738219100004145,43.321236541000076],[-5.737928954004089,43.321313475000075],[-5.737627545004112,43.32125782000003],[-5.737841167004103,43.32162259300003],[-5.737541164004094,43.321877022000095],[-5.738010843004089,43.32175657300008],[-5.738186801004092,43.321872775000045],[-5.738421270004114,43.32182547700006],[-5.738864357004125,43.321664120000044],[-5.738618879004113,43.32140545500006],[-5.738394030004106,43.32130495200006],[-5.738534572004103,43.32123120500006],[-5.738512563004141,43.32106882800009],[-5.738770801004101,43.32095015300008],[-5.739087430004103,43.320540052000084],[-5.739522229004112,43.320263203000025],[-5.739572331004159,43.32013396000009],[-5.740338625004124,43.31998914800007],[-5.741762558004154,43.31987207000003],[-5.742592241004168,43.31943475800008],[-5.742661629004154,43.31924213900004],[-5.743268458004153,43.318624205000056],[-5.743159756004176,43.318595597000076],[-5.743205908106054,43.31850046677023],[-5.74433814269705,43.31847328586797],[-5.744193901004193,43.31877725800008],[-5.743570191004172,43.31901070700008],[-5.743724743004199,43.319927080000085],[-5.743511267004196,43.31988332200008],[-5.742790455004191,43.32054354300005],[-5.7428651150041885,43.320228825000086],[-5.742753648004178,43.32013739900003],[-5.742195279004139,43.32004859100005],[-5.74183585800415,43.32026786500007],[-5.7416955330041315,43.32051390800007],[-5.741737358004171,43.32074477000005],[-5.74160573000415,43.320945191000085],[-5.741862888004161,43.32114798200007],[-5.741609493004143,43.32131198400004],[-5.7416831500041745,43.321401668000085],[-5.741306547004164,43.32144576800005],[-5.741124851004134,43.32167122000005],[-5.740342363004157,43.32194255200006],[-5.738985065004125,43.322237396000055],[-5.736773871004118,43.32287403500005],[-5.734995768004106,43.323561640000044],[-5.73427202600405,43.32397953800005],[-5.7340277490040705,43.324242263000045],[-5.7338639190040475,43.32426753900007],[-5.733779014004053,43.324180293000055],[-5.733575706004069,43.32423883700005],[-5.7328296130040854,43.324632009000034],[-5.732760672004033,43.32474474300007],[-5.731998018004053,43.32510134200006],[-5.731935435004066,43.32523885700006],[-5.731576120004035,43.32547536900007],[-5.7316224780040566,43.32569717200005],[-5.731327823004049,43.32587333400006],[-5.731100822004062,43.32588653400008],[-5.7307926790040185,43.32603836100004],[-5.7306266400040515,43.32630611000008],[-5.730182936004027,43.32659909700005],[-5.730083339004052,43.326616034000054],[-5.729963339004013,43.326527278000086],[-5.729676143004022,43.326767488000044],[-5.729080914004017,43.327000752000075],[-5.728718208004037,43.327281777000046],[-5.728713171004045,43.32704915700004],[-5.728593048003998,43.32691062800008]],[[-5.717020277003906,43.31976884100005],[-5.71702482300392,43.31941796700006],[-5.716708067003898,43.319195444000066],[-5.717020277003906,43.31976884100005]],[[-5.720410603003928,43.32127036600009],[-5.719806088003901,43.320989813000054],[-5.7188941490039005,43.320761050000044],[-5.71856619200393,43.32032400200008],[-5.717912726003905,43.32000079400007],[-5.717188355003909,43.31986825100005],[-5.7172972650039044,43.32009259100006],[-5.71923268300394,43.321041780000044],[-5.719676824003947,43.32112921400005],[-5.720186686003955,43.32140191400005],[-5.720363627003905,43.321381043000024],[-5.720410603003928,43.32127036600009]],[[-5.718036981003912,43.3199377700001],[-5.718405411003894,43.32010384400007],[-5.718667891003899,43.32006715800003],[-5.718167675003919,43.31968703900004],[-5.718036702003905,43.319746790000075],[-5.717801496003887,43.319712058000064],[-5.718036981003912,43.3199377700001]],[[-5.719849014003948,43.32089516400004],[-5.720263373003944,43.32110560900003],[-5.7203981610039145,43.32112491000006],[-5.720161871003937,43.32092883500008],[-5.719739992003945,43.320741745000085],[-5.719849014003948,43.32089516400004]],[[-5.721182917003952,43.321818872000065],[-5.72071986800393,43.32151919200005],[-5.720583688003957,43.32150530400004],[-5.720597882003917,43.32161665200005],[-5.721021587003924,43.321894245000074],[-5.721160869003945,43.32190447600006],[-5.721182917003952,43.321818872000065]],[[-5.729411975004018,43.325737529000044],[-5.726562832003998,43.32511251500006],[-5.726197339003988,43.32493211600008],[-5.725831801004003,43.324895088000076],[-5.724805142004001,43.32444323100003],[-5.72437427100395,43.32437564000004],[-5.724101683003974,43.32416863500005],[-5.72364222900396,43.32404837800006],[-5.7222404830039455,43.32323264800004],[-5.722628694003981,43.32279440800006],[-5.722217502003975,43.323172059000065],[-5.721586210003932,43.32281539400003],[-5.721291484003936,43.322783272000045],[-5.720868555003965,43.322612599000095],[-5.720978134003935,43.32275921300005],[-5.722077353003971,43.32325658500009],[-5.72193117800397,43.323514292000034],[-5.722221371003928,43.323335888000024],[-5.723399332003937,43.32399210900008],[-5.725467359003965,43.324882876000075],[-5.727394193004002,43.32541502500005],[-5.72918308400401,43.325767314000075],[-5.729411975004018,43.325737529000044]],[[-5.732905665004085,43.32376075200008],[-5.732707906004078,43.32379331100004],[-5.732839005004068,43.32391963900006],[-5.73338060600408,43.32373884400005],[-5.733267863004093,43.32346279300004],[-5.733441230004041,43.32310900000005],[-5.733734600004052,43.322854530000036],[-5.73348116400407,43.32286915100008],[-5.733108064004075,43.322727667000045],[-5.733051191004069,43.32286609700005],[-5.732773680004086,43.32288374900004],[-5.732604936004077,43.32297270600004],[-5.732615255004032,43.323247954000074],[-5.732472188004078,43.323548143000046],[-5.732646162004084,43.323706299000044],[-5.732905665004085,43.32376075200008]],[[-5.734834415004094,43.32255749000007],[-5.73456773800408,43.32154297100005],[-5.734316510004052,43.32150554700008],[-5.733858527004057,43.321600979000046],[-5.733324633004052,43.321757328000054],[-5.733288862004051,43.321861157000065],[-5.733070190004089,43.32194682800009],[-5.733284394004064,43.322219267000044],[-5.733568082004092,43.32238662400006],[-5.7342911590040755,43.32257579700007],[-5.734834415004094,43.32255749000007]],[[-5.734385504004055,43.32307918000005],[-5.733500325004081,43.323618175000064],[-5.733544902004062,43.32373617200007],[-5.7338123100040805,43.32399196100006],[-5.733569583004078,43.323645325000044],[-5.73440591600408,43.32317969200006],[-5.734385504004055,43.32307918000005]],[[-5.733532608004077,43.32322187900009],[-5.733609040004093,43.323364305000055],[-5.733736243004069,43.32335882800004],[-5.734227552004058,43.32304334900005],[-5.734225809004076,43.32290096600009],[-5.733807606004089,43.322990801000074],[-5.733532608004077,43.32322187900009]],[[-5.734971753004099,43.321771275000074],[-5.735208408004083,43.32170359600009],[-5.735420611004075,43.321864506000054],[-5.735444572004085,43.32149971500009],[-5.735561581004093,43.321562156000034],[-5.735649939004065,43.32144425900004],[-5.736039480004074,43.321326653000035],[-5.736079243004092,43.32118857700004],[-5.735370217004103,43.32126889700005],[-5.735383734004118,43.32144918900009],[-5.73517030700411,43.321406724000056],[-5.734891501004067,43.32146863000004],[-5.734829824004104,43.32167489000006],[-5.734971753004099,43.321771275000074]]],[[[-5.717289346003919,43.32162150200004],[-5.717649289003903,43.321711090000086],[-5.717717969003928,43.32181153600004],[-5.717684818003904,43.32189192900008],[-5.717309895003918,43.322030726000044],[-5.716877044003886,43.32179886300005],[-5.7169467960038896,43.321685825000046],[-5.717289346003919,43.32162150200004]]],[[[-5.730817789004041,43.326454882000064],[-5.731354144004055,43.32638521900004],[-5.731501525004035,43.32604228600009],[-5.7318769870040605,43.325811957000056],[-5.731910575004068,43.32591827100004],[-5.7317708690040385,43.32610945100004],[-5.731997218004044,43.326298067000046],[-5.731892345004044,43.326421564000036],[-5.732057516004039,43.32648081000009],[-5.730427041004009,43.3267990890001],[-5.730403336004018,43.32672859100007],[-5.730817789004041,43.326454882000064]]],[[[-5.762031229004365,43.334297025000076],[-5.7602173970043635,43.33447927800008],[-5.759666839004369,43.33440227500006],[-5.75663433100429,43.333415843000076],[-5.755145589004281,43.333177131000085],[-5.754874049004307,43.333196700000045],[-5.754788965004272,43.33307767100007],[-5.7524790250042726,43.33239900300004],[-5.7503586330042555,43.33156764100006],[-5.750492911004272,43.331723846000045],[-5.749740036004218,43.33110688800008],[-5.749263189004257,43.33055496100008],[-5.748422014004243,43.32988519200008],[-5.747711146004235,43.32918679800009],[-5.747447327004236,43.32879604300007],[-5.747287747004233,43.32866563400005],[-5.747183959004186,43.328700706000085],[-5.746168297004188,43.32776802500007],[-5.746117194004212,43.32774055000006],[-5.746380450004198,43.328082830000035],[-5.745946323004186,43.32785893100004],[-5.745652134004197,43.327587965000085],[-5.744640611004198,43.32743507600005],[-5.743537242004166,43.32709191800007],[-5.743013754004162,43.32682801500006],[-5.742614086004157,43.32654522000008],[-5.742463112004147,43.32628541600008],[-5.74213230600418,43.326190607000065],[-5.741622715004149,43.32568670800004],[-5.741900432004169,43.32536416800009],[-5.741616566004148,43.32538233300007],[-5.741425576004123,43.32548833700008],[-5.741277689004154,43.32527145700005],[-5.740826311004171,43.32506196900005],[-5.740740636004133,43.32457767000007],[-5.740964372004144,43.32422320000007],[-5.740921075004153,43.324097965000085],[-5.740661829004166,43.323958159000036],[-5.73999830200413,43.32377859600009],[-5.739655717004128,43.32354532100005],[-5.739530958004112,43.32319588100007],[-5.739256105004157,43.323231227000065],[-5.739181469004134,43.32318348500007],[-5.739029692004147,43.32329498000008],[-5.739043301004155,43.32299863800006],[-5.738723705004099,43.32294908400009],[-5.739054447004117,43.32291251900006],[-5.7389141950041225,43.322787911000056],[-5.740292616004163,43.32250966300008],[-5.740382931004132,43.322364398000055],[-5.739890601004138,43.32231277800003],[-5.7416192000041475,43.321781778000066],[-5.742257864004161,43.32191979900005],[-5.743411268004153,43.32197341400007],[-5.743699799004178,43.32213770300008],[-5.743501586004202,43.32248759500005],[-5.743388321004161,43.32256396600008],[-5.742942646004176,43.32259122100004],[-5.743570680004171,43.322996341000085],[-5.743744101004171,43.32329087000005],[-5.744095191004156,43.32311271600003],[-5.74429751700418,43.32315589100007],[-5.744100355004171,43.32294143700006],[-5.744139096004197,43.32289303900008],[-5.743583405004204,43.32255342100007],[-5.743853855004167,43.322155256000045],[-5.744608860004204,43.3224588240001],[-5.744728546004211,43.32244161100006],[-5.744694275004208,43.32225546300004],[-5.744416239004208,43.32200242300008],[-5.744366338004196,43.321690394000036],[-5.744026129004192,43.32155860300004],[-5.742897827004194,43.32147896400007],[-5.743167232004182,43.32135192400006],[-5.744450701004182,43.32150642800008],[-5.744568778004208,43.320970402000064],[-5.744245527004206,43.32053637000008],[-5.744217970004197,43.32037468900007],[-5.744700064004207,43.320901022000044],[-5.744753702004205,43.321103132000076],[-5.744624179004205,43.321628990000086],[-5.744685810004199,43.321858422000055],[-5.744893094004201,43.32213035100007],[-5.745149342004175,43.32294676300007],[-5.745646865004214,43.32350837700007],[-5.745745890004212,43.32387311200007],[-5.746104203004208,43.32444868500005],[-5.746013360004198,43.32458406400008],[-5.746062553004194,43.32469911200008],[-5.746924830004213,43.325598171000095],[-5.7473107020041985,43.325875816000064],[-5.747919273004247,43.32660019400004],[-5.748287046004246,43.32671313600009],[-5.748588251004221,43.32671212000003],[-5.748730670004206,43.32690552400004],[-5.748900699004211,43.32689984700005],[-5.749100937004261,43.32702064900008],[-5.750120941004268,43.32811151200007],[-5.7502734880042405,43.32867417300004],[-5.750725123004235,43.32903434500003],[-5.751200877004277,43.329797368000094],[-5.751261406004271,43.33068291400008],[-5.751559056004267,43.33128133100008],[-5.7519873750042505,43.33153040100007],[-5.75239410100425,43.33165813400007],[-5.752965627004301,43.33156112500007],[-5.753462709004288,43.331582948000076],[-5.7549732890043055,43.33187157700007],[-5.755753681004283,43.33217850000007],[-5.757188348004309,43.332388999000045],[-5.758511930004323,43.332959415000076],[-5.758946596004317,43.33341712300008],[-5.759350102004319,43.33345079200007],[-5.75948426600435,43.33361177100005],[-5.759773518004369,43.33373304300006],[-5.7603927460043804,43.33381583500005],[-5.761985840004384,43.333791069000036],[-5.762031229004365,43.334297025000076]],[[-5.748097192004201,43.328443141000044],[-5.747109887004223,43.32757836000009],[-5.74628847800419,43.32709562800005],[-5.745321786004217,43.32664314300007],[-5.744999898004181,43.32663798000006],[-5.743246175004185,43.32485390200004],[-5.740639995004172,43.32249303500005],[-5.7429435100041895,43.32474640400006],[-5.742948135004165,43.32483734700004],[-5.742823247004146,43.324868098000024],[-5.741993561004165,43.32408392400005],[-5.741785764004132,43.32407220100005],[-5.741378898004134,43.32375258900004],[-5.741874849004147,43.32422036400005],[-5.7419373350041365,43.32440515300005],[-5.742666649004156,43.32494861300007],[-5.742752701004184,43.325137835000085],[-5.743665815004151,43.32609563100006],[-5.744178085004158,43.32652799000005],[-5.744780474004214,43.32685764200007],[-5.745090052004204,43.32697475700009],[-5.745209936004218,43.326903196000046],[-5.745331073004171,43.326945011000085],[-5.7460957350041735,43.32748979900005],[-5.7471914550042085,43.32798180600004],[-5.748720666004214,43.32979009500008],[-5.748923397004219,43.329834321000085],[-5.748963786004211,43.32974021500007],[-5.748097192004201,43.328443141000044]],[[-5.741011573004174,43.32430622300007],[-5.740861790004133,43.32441568200006],[-5.74082554700412,43.32474402700007],[-5.741104483004154,43.32440065100009],[-5.741011573004174,43.32430622300007]],[[-5.742208983004162,43.323188084000044],[-5.741863711004153,43.32335581100006],[-5.742198617004137,43.32367434200007],[-5.742551055004189,43.32375840200008],[-5.7425987890041545,43.323839954000064],[-5.74274867400414,43.32364463000006],[-5.742697234004146,43.32397888200007],[-5.74260081200419,43.323984897000074],[-5.742364382004159,43.32379126900004],[-5.742561832004189,43.323984701000036],[-5.742837742004163,43.32403048400005],[-5.743214948004163,43.32382898100009],[-5.743252423004164,43.323756401000026],[-5.743026214004156,43.32361297100006],[-5.742399597004184,43.32350304100005],[-5.742306906004162,43.32321291200003],[-5.742208983004162,43.323188084000044]],[[-5.74255567500416,43.32272770000003],[-5.742437004004164,43.32315086100005],[-5.742931284004166,43.32323411100003],[-5.742756636004181,43.32309294200008],[-5.742719814004154,43.32273527700005],[-5.74255567500416,43.32272770000003]],[[-5.744104581004158,43.32545308800008],[-5.742734515004151,43.32423524500008],[-5.742739995004177,43.32432603900003],[-5.743356821004182,43.324831821000046],[-5.74399598100418,43.32554244500005],[-5.744561294004168,43.325529102000075],[-5.744104581004158,43.32545308800008]],[[-5.743312267004183,43.32456385200004],[-5.743464280004176,43.32448858800008],[-5.743337977004171,43.32444747400007],[-5.743426343004173,43.32427847400005],[-5.743233839004189,43.32404451400004],[-5.743382893004152,43.32397127100007],[-5.7432224690041505,43.32391989000008],[-5.742917182004142,43.32409670900007],[-5.743124444004148,43.32417792500007],[-5.743117409004195,43.32428803500005],[-5.743292049004152,43.324404670000064],[-5.74286688400418,43.324206293000046],[-5.743137320004178,43.324494698000095],[-5.743312267004183,43.32456385200004]],[[-5.7446426230041805,43.32437886500004],[-5.744310149004173,43.32437743300005],[-5.744072950004202,43.32456491300008],[-5.743722869004175,43.32469942600006],[-5.743663855004187,43.324903318000054],[-5.7437646480041895,43.32504300000005],[-5.7440748560041675,43.325020025000065],[-5.744688795004179,43.32469119600007],[-5.744773131004165,43.32448123600006],[-5.7446426230041805,43.32437886500004]],[[-5.7439913120041615,43.32337639600009],[-5.743730916004171,43.323436762000036],[-5.743703715004204,43.32354049800006],[-5.74438730100419,43.324231338000054],[-5.7446621120041925,43.32400859200004],[-5.744693171004171,43.32366964600005],[-5.74442968700421,43.32335612300005],[-5.74419226700419,43.32347073500008],[-5.744277137004156,43.32333113500005],[-5.744189858004199,43.32320863200005],[-5.744100142004207,43.32320818800008],[-5.7439913120041615,43.32337639600009]],[[-5.744737841004194,43.324095382000074],[-5.744499197004156,43.32425512000003],[-5.744711153004204,43.32431472500009],[-5.744742149004168,43.32417198200007],[-5.7449255370042085,43.32443442800008],[-5.745013953004192,43.32436522100006],[-5.745000340004171,43.324215518000074],[-5.744767514004166,43.323664921000045],[-5.744737841004194,43.324095382000074]],[[-5.745548174004207,43.32514999400008],[-5.745836947004175,43.32554226500009],[-5.74542655100422,43.32548298800003],[-5.7446684780041695,43.32550232700004],[-5.745909573004195,43.325598397000086],[-5.7458679570042195,43.325495166000046],[-5.745548174004207,43.32514999400008]]]]}},{"type":"Feature","properties":{"zona":"ES018-AST-28-1","rio":"R\u00edo Nal\u00f3n"},"geometry":{"type":"MultiPolygon","coordinates":[[[[-5.877240235005832,43.320753542000055],[-5.876825737005828,43.320803943000065],[-5.876659497005826,43.32074627900006],[-5.875915483005853,43.32074449000005],[-5.875723383005856,43.320651167000065],[-5.875238356005826,43.32067596900005],[-5.875233329005841,43.320030035000066],[-5.8747073290057985,43.31993499800009],[-5.874701256005845,43.31979854100008],[-5.874512853005805,43.3198506190001],[-5.874119483005816,43.319621988000065],[-5.8739573210058325,43.31939811300005],[-5.873321330005799,43.319097433000046],[-5.873037193005801,43.319055522000056],[-5.872951430005786,43.31887721300008],[-5.872716486005784,43.31885971200007],[-5.872379983005806,43.318591102000035],[-5.8719622950057735,43.31804133600009],[-5.8719708720057895,43.317697317000075],[-5.871831424005762,43.31733087600004],[-5.8713924060057465,43.316705277000054],[-5.871373719005782,43.31650472900005],[-5.871599340005755,43.31630273000008],[-5.871466006005757,43.316244643000076],[-5.871498754005781,43.316041979000055],[-5.8712379790057625,43.31584546100005],[-5.871466242005762,43.315425727000076],[-5.871275331044881,43.315354754244225],[-5.879942528972772,43.31513667309253],[-5.87985811100592,43.31553294900007],[-5.879917639005872,43.31562373300007],[-5.879822423005892,43.3157815690001],[-5.880035770005896,43.31563359700006],[-5.880037909005898,43.315574185000074],[-5.879998174005925,43.31560235500008],[-5.879894114005911,43.31556203700009],[-5.879994414141713,43.31513536559287],[-5.908751924324883,43.31440704965116],[-5.908533109006333,43.31461731900005],[-5.908268486006308,43.3147274830001],[-5.907563328006338,43.31491145100008],[-5.906581879006271,43.31497220100006],[-5.905360302006286,43.315212284000054],[-5.904705307006284,43.31542235500008],[-5.904115442006281,43.31550561100006],[-5.903177937006243,43.315923590000104],[-5.902811796006264,43.31583297000005],[-5.902683862006228,43.31587847600009],[-5.902706631006226,43.315946507000056],[-5.902009712006209,43.31599227000006],[-5.90116491600623,43.31617153200007],[-5.900358075006174,43.31621366900005],[-5.8994433810062015,43.31643681600009],[-5.898581626006172,43.31645997100004],[-5.897846018006147,43.31659241800004],[-5.897523189006172,43.31643292700007],[-5.896995784006151,43.31656540400009],[-5.896269322006151,43.31654870200005],[-5.894819720006095,43.31630395500011],[-5.894470017006104,43.316497796000085],[-5.894278907006099,43.31647711700006],[-5.894179397006114,43.316647683000056],[-5.893867177006097,43.3167854260001],[-5.893205289006118,43.31696080700007],[-5.892743407006085,43.3169868780001],[-5.892454814006089,43.317128679000085],[-5.8916141240060576,43.31726780900006],[-5.891321574006069,43.31723422600005],[-5.8904353690060285,43.317349752000055],[-5.889744794006052,43.31748839300009],[-5.887958614006016,43.31742762500007],[-5.886685359005996,43.31774616800006],[-5.886035641006008,43.318067920000054],[-5.885227280006,43.318109242000055],[-5.882966566005922,43.31855391600006],[-5.882712191005923,43.31843963400009],[-5.882087442005916,43.31865504100008],[-5.881535654005911,43.31868109900007],[-5.880664027005918,43.31899642900005],[-5.880592340005916,43.319135922000065],[-5.880817549005925,43.319296016000074],[-5.880425974005882,43.319569883000064],[-5.8798842280059205,43.320325585000056],[-5.879428212005869,43.32049368400006],[-5.879012950005874,43.32051046200009],[-5.878946265005894,43.32039497700004],[-5.878865953005869,43.32047654900005],[-5.878800364005897,43.32005193500006],[-5.878555996005852,43.320206757000065],[-5.878363875005851,43.32048197900009],[-5.878064901005873,43.32062322000009],[-5.87785867800585,43.320977271000075],[-5.877240235005832,43.320753542000055]],[[-5.879711589005895,43.31654497600007],[-5.879850098005906,43.316070232000094],[-5.87985700300587,43.31578753300005],[-5.879553580005873,43.316611638000055],[-5.879711589005895,43.31654497600007]]],[[[-5.905859040006261,43.32583060500009],[-5.906124928006266,43.32592207100004],[-5.906412590006277,43.32615157000006],[-5.906186194006256,43.32613228100009],[-5.905867628006275,43.325933376000094],[-5.905859040006261,43.32583060500009]]],[[[-5.920412687006498,43.32866057800006],[-5.9196128240064905,43.32847112200009],[-5.919798209006501,43.328440532000066],[-5.919704340006487,43.32837741800007],[-5.919513687006481,43.3284690500001],[-5.9191161440064555,43.32844907500007],[-5.918762457006478,43.328208272000055],[-5.918797217006483,43.32849714400007],[-5.918586739006493,43.32822168900005],[-5.918071471006472,43.32783997800006],[-5.917913788006473,43.327811913000076],[-5.917677558006484,43.32794768500004],[-5.917588262006484,43.327846503000075],[-5.916421401006463,43.32778755800008],[-5.915203558006437,43.32794676400005],[-5.914644930006409,43.32782151500006],[-5.91437363400641,43.32799607200011],[-5.914125096006412,43.32783780600007],[-5.914034048006409,43.32808588800005],[-5.913676128006405,43.32803752100007],[-5.913522652006365,43.32817055600005],[-5.913281146006409,43.32804220000004],[-5.913011458006401,43.328128561000035],[-5.912480028006371,43.327968246000104],[-5.911631118006356,43.327923664000046],[-5.91161210600636,43.32784222800009],[-5.911316969006331,43.32786572300009],[-5.9114448440063665,43.32780940800008],[-5.910808722006352,43.32770072700004],[-5.910433923006363,43.32752153800007],[-5.910329236006329,43.32727288700007],[-5.91004343000636,43.32714212300007],[-5.910200535006333,43.326981934000074],[-5.909894065006329,43.32700184900007],[-5.909983293006309,43.32684598500005],[-5.909707962006351,43.326688574000066],[-5.909399599006302,43.3267756700001],[-5.908697856006311,43.32653368800006],[-5.906829753006289,43.32656234500009],[-5.906310871006288,43.32623034500008],[-5.906524993006281,43.32622169000009],[-5.906779686006273,43.3264123110001],[-5.907022562006292,43.326468111000075],[-5.907999298006291,43.326378192000064],[-5.909435169006324,43.32644900900006],[-5.910775288006365,43.32601495800005],[-5.911247222006334,43.32598576800007],[-5.913063432006377,43.32638327700006],[-5.9133038670064035,43.32633022400007],[-5.913147907006373,43.32619948300005],[-5.913232773006382,43.3260993640001],[-5.9135970290064,43.3260930480001],[-5.914095341006399,43.325849040000065],[-5.914637898006424,43.32578190300008],[-5.915029875006423,43.3258533950001],[-5.9156119900064175,43.32570332200005],[-5.915912624006407,43.32583385900008],[-5.916141099006438,43.32581805700006],[-5.91636602400644,43.32605673200007],[-5.917111257006426,43.32605335400008],[-5.9172366470064235,43.32620934500007],[-5.9170492630064615,43.326404798000084],[-5.917235515006458,43.32661662800008],[-5.917285543006433,43.326210902000085],[-5.917391226006449,43.32612735000006],[-5.917729945006467,43.326132085000054],[-5.918111841006439,43.32633608600005],[-5.918492103006466,43.32642709800008],[-5.9189166080064854,43.32644824200005],[-5.918991542006484,43.327112619000076],[-5.919566823006502,43.327305739000074],[-5.919684808006478,43.327287340000076],[-5.919955589006466,43.32771209000006],[-5.920384250509593,43.32801522345574],[-5.920412687006498,43.32866057800006]],[[-5.91298855600639,43.32688263000007],[-5.913118320006399,43.326798105000094],[-5.912278404006369,43.32661468900008],[-5.912620487006396,43.326797600000106],[-5.91298855600639,43.32688263000007]],[[-5.91843081700646,43.32742255700004],[-5.918601505006489,43.32712317700006],[-5.918237716006478,43.32757405800005],[-5.918481048006449,43.327528079000075],[-5.918787192006488,43.3276657960001],[-5.919064366006455,43.327645849000085],[-5.919001239006478,43.327565183000075],[-5.91843081700646,43.32742255700004]]],[[[-5.920219854379341,43.324586428960735],[-5.9198088590064835,43.32415686400006],[-5.919570935006504,43.32345882800009],[-5.919757862006466,43.32273240800006],[-5.920102304263637,43.32213432583601],[-5.920219854379341,43.324586428960735]]]]}},{"type":"Feature","properties":{"zona":"ES018-AST-29-1","rio":"R\u00edo Nal\u00f3n"},"geometry":{"type":"MultiPolygon","coordinates":[[[[-5.762071706004392,43.33422057000008],[-5.762011556004367,43.33377330700007],[-5.7624026920043905,43.33353083000004],[-5.762766175004396,43.333434098000055],[-5.763324694004383,43.33343304800008],[-5.765011617004423,43.33285835900006],[-5.765640378004404,43.332935905000056],[-5.7660258050044355,43.333067446000044],[-5.766263003004418,43.33297949100007],[-5.766686409004404,43.332589579000064],[-5.766890329004454,43.33224394500008],[-5.767265478004436,43.331932743000046],[-5.769414897004438,43.33069967400007],[-5.76944187900445,43.330419723000055],[-5.769257322004433,43.33031484400005],[-5.769180894004433,43.33013950400005],[-5.769220083004441,43.329630752000085],[-5.769426706004441,43.329932267000075],[-5.769685409004485,43.33000196200004],[-5.77011760000445,43.330436700000085],[-5.772112360004474,43.329403255000045],[-5.77235048300451,43.32910630700009],[-5.772685600004476,43.329092730000085],[-5.773535263004482,43.32870282500006],[-5.773701301004517,43.32874600900004],[-5.7742638790044944,43.32857352200006],[-5.775860128004558,43.32796371300004],[-5.7773001060045255,43.32781337700005],[-5.778591745004585,43.32785406600004],[-5.7792867890045905,43.32770751500004],[-5.7797959520046005,43.32757921200005],[-5.780384496004589,43.32727384200008],[-5.7804684050046,43.32705014400007],[-5.781029933004599,43.32699406800005],[-5.782686765004598,43.326539535000066],[-5.7832112600046415,43.32628047500004],[-5.78396902100464,43.326120592000066],[-5.784649963004622,43.32580632900006],[-5.784928810004629,43.32558578400006],[-5.7854513900046305,43.32541044400008],[-5.785437040004672,43.32519377000007],[-5.786432108004637,43.32468953800004],[-5.786504113004686,43.32475966000005],[-5.786815680004674,43.32468893100003],[-5.7870327690046635,43.32476553400006],[-5.787650998004669,43.32512223200008],[-5.787910546004703,43.325383341000084],[-5.788059070004701,43.32540991200006],[-5.788093577004653,43.32551720800007],[-5.788670988004713,43.32542722800009],[-5.789073924004718,43.32557155300004],[-5.7889683350046734,43.32563321200008],[-5.788396761004675,43.32564606800003],[-5.788265412004661,43.32579183200006],[-5.788031228004692,43.32576389300005],[-5.78764400300469,43.32587402400003],[-5.787200960004666,43.3258744280001],[-5.7866663490046815,43.32602364300005],[-5.786261620004653,43.32593888400005],[-5.786302881004632,43.325759455000046],[-5.7867399560046735,43.325613697000065],[-5.7875287730046825,43.32551676500003],[-5.786920903004666,43.32545123800005],[-5.786064733004634,43.325498415000034],[-5.785851716004669,43.3255731180001],[-5.785588407004674,43.325479486000084],[-5.785476487004622,43.325644541000045],[-5.784939606004655,43.325773025000046],[-5.78457123700465,43.32597154700006],[-5.784277119004648,43.32635345500007],[-5.7842949440046345,43.326654503000064],[-5.784035769004635,43.326948659000045],[-5.783531791004645,43.326966829000085],[-5.783840570004613,43.32736337000006],[-5.783853227004627,43.32765221800004],[-5.783495825004602,43.328492269000044],[-5.783558786004629,43.32863322100009],[-5.783399140004642,43.32908627600007],[-5.782948145004641,43.329301160000064],[-5.782206479004623,43.32939496400009],[-5.781475432004625,43.329381010000084],[-5.781093882004579,43.32928858900006],[-5.780956297004573,43.32939975300009],[-5.780528429004593,43.329362667000055],[-5.780499296004595,43.32955573400007],[-5.780678100004568,43.32965144300005],[-5.78061454500457,43.32981640800007],[-5.780478392004598,43.32986128100005],[-5.779919291004569,43.329657536000084],[-5.779158557004578,43.32983392400008],[-5.77912361800459,43.32961524300004],[-5.778936667004542,43.32952052900006],[-5.778807714004596,43.329558888000065],[-5.778714082004579,43.329735955000054],[-5.778285843004544,43.32973879400004],[-5.778230240004579,43.329684814000075],[-5.778644140004539,43.32965135400008],[-5.778660219004574,43.329555020000036],[-5.778302950004563,43.32948437700004],[-5.777966838004545,43.32961124300005],[-5.778006073004577,43.32946126300005],[-5.777747212004554,43.32962478000008],[-5.777805792004585,43.33020983400007],[-5.777723308004565,43.330335657000035],[-5.777391160004578,43.330302064000094],[-5.776821671004528,43.33038897300004],[-5.776735838004569,43.33056822600004],[-5.776201080004549,43.33059333000007],[-5.775148029004549,43.331065110000054],[-5.773901086004523,43.33136451900003],[-5.773429659004481,43.33127282300007],[-5.772758793004522,43.33154642800008],[-5.772017834004474,43.33139588500007],[-5.771817245004498,43.33184962700006],[-5.770840767004446,43.33207700000005],[-5.770597193004477,43.33221057200006],[-5.770445886004465,43.33219565000008],[-5.770459837004492,43.33213852600005],[-5.770090153004467,43.33240647900006],[-5.7686626000044665,43.33312130600007],[-5.768162612004459,43.33362937800008],[-5.767210957004454,43.33364717200005],[-5.766634702004448,43.33417171100008],[-5.766493689004428,43.33416860100005],[-5.76608655100441,43.333915558000065],[-5.762200168004358,43.33429196800008],[-5.762071706004392,43.33422057000008]],[[-5.763526350004387,43.33396934300004],[-5.764499536004407,43.333792583000054],[-5.764430892004398,43.33355282100008],[-5.763374869004395,43.33370232100004],[-5.763126174004412,43.333854891000065],[-5.763229323004396,43.33393742600005],[-5.763526350004387,43.33396934300004]],[[-5.77084398000446,43.33177130600007],[-5.772240504004506,43.330391320000054],[-5.772357169004514,43.330545359000055],[-5.772283631004476,43.330702248000094],[-5.772310069004496,43.331180503000056],[-5.772487401004519,43.33124020800006],[-5.772505535004478,43.33090335100009],[-5.7723677780044715,43.33040759900007],[-5.7724807590045035,43.330212771000056],[-5.772451800004482,43.330073441000025],[-5.772673444004508,43.330009849000085],[-5.772648488004502,43.32990691200009],[-5.773186862004482,43.329538514000056],[-5.774147898004528,43.32911095600009],[-5.776000214004546,43.32864454200008],[-5.776035791004553,43.32858187600005],[-5.775762283004528,43.32854002300008],[-5.774153773004527,43.328961538000044],[-5.772824292004485,43.32958760700007],[-5.77178783100446,43.33044485900008],[-5.770954325004459,43.33143784600005],[-5.77084398000446,43.33177130600007]],[[-5.7800204310045995,43.327690805000046],[-5.781369533004619,43.32741402700003],[-5.781570505004583,43.327273216000044],[-5.781475667004587,43.327230941000046],[-5.781664952004622,43.32716714000004],[-5.781492688004605,43.32720538400009],[-5.781391634004578,43.32709879400007],[-5.781042538004593,43.32723519200005],[-5.780757598004619,43.32719083800004],[-5.7806593340045875,43.32735186200007],[-5.780010216004567,43.327541924000066],[-5.7800204310045995,43.327690805000046]]],[[[-5.766534050004433,43.334259025000065],[-5.766642687004417,43.334244386000094],[-5.7665768500044505,43.334326989000054],[-5.766534050004433,43.334259025000065]]],[[[-5.783563827004638,43.32909197100003],[-5.783732327004612,43.32856411500007],[-5.784014833004634,43.32829176300005],[-5.784720953004661,43.32805605200009],[-5.784427089004643,43.328321435000085],[-5.784726553004613,43.32844241400006],[-5.7846551560046136,43.328919208000066],[-5.784423377004621,43.328872695000044],[-5.783875618004642,43.32893188400005],[-5.783563827004638,43.32909197100003]]],[[[-5.785205755004625,43.32896553000007],[-5.78475345000461,43.328972802000074],[-5.78473560400462,43.32889767300004],[-5.784903214004627,43.328273380000056],[-5.78488693700464,43.32783462200008],[-5.784256209004657,43.32796775100009],[-5.784134326004635,43.32785479300005],[-5.784499151004661,43.32726600100007],[-5.785268913004617,43.32655810300003],[-5.785121827004647,43.32654094900007],[-5.784616786004643,43.326710288000086],[-5.784462937004627,43.32666352300004],[-5.784800209004656,43.32627680300006],[-5.785044559004662,43.326283823000054],[-5.78534784200466,43.326106327000055],[-5.785690015004642,43.326052175000044],[-5.78570392300467,43.325933282000065],[-5.7860805130046495,43.32600035300006],[-5.786000076004639,43.32610881800008],[-5.7856256470046565,43.326273089000054],[-5.785768219004674,43.326369120000045],[-5.786841424004643,43.32613197200005],[-5.787475064004696,43.32611735500007],[-5.788150641004687,43.32600487800006],[-5.788373000004708,43.325910580000034],[-5.7886334570046785,43.32595388800008],[-5.789480960004679,43.32589432400006],[-5.789710112004712,43.326188301000066],[-5.789579963004682,43.32576636400008],[-5.789897948004723,43.32585174600008],[-5.791943427004752,43.32554191700008],[-5.794018434004749,43.325072606000056],[-5.795120214004763,43.32470468600009],[-5.797380657004804,43.32369084500005],[-5.798794368004819,43.322902526000085],[-5.7987064740048275,43.32284591600006],[-5.798886838004789,43.32271410800008],[-5.798077443004802,43.32306498700009],[-5.796557779004782,43.323887005000074],[-5.795624573004759,43.32417145500007],[-5.795245808004762,43.32372539300009],[-5.794963260004786,43.32376558800008],[-5.7946242770047744,43.323971930000035],[-5.794973432004759,43.32441302200005],[-5.794316929004736,43.32469518800008],[-5.794182360004779,43.32466703700004],[-5.793913635004764,43.32425254000004],[-5.7933667200047285,43.324475329000066],[-5.793648583004729,43.324297575000074],[-5.793086316004759,43.32440606300005],[-5.792732369004747,43.324184268000074],[-5.792759986004748,43.32402346100008],[-5.793117031004741,43.32384698700003],[-5.794227975004756,43.32351078300008],[-5.7945022370047665,43.323290154000084],[-5.794489657004734,43.32306771100009],[-5.794961660004766,43.32280336700007],[-5.795090609004756,43.32290267700007],[-5.794766955004753,43.32313279500007],[-5.795420500004794,43.32287849500007],[-5.796166143004762,43.32245117900005],[-5.796588359004772,43.32212899100006],[-5.79677637900477,43.32186557700004],[-5.7983200930048255,43.320924446000056],[-5.79927926800483,43.319746356000074],[-5.800128604004827,43.319284092000046],[-5.800305716004847,43.31928620400004],[-5.800636728004855,43.31896237000007],[-5.800672321004862,43.318802044000066],[-5.800209337004833,43.31888792100006],[-5.799819092004823,43.31872996700009],[-5.799302146004813,43.318370850000065],[-5.798831275004801,43.317646639000046],[-5.798812718004825,43.31777945800009],[-5.798651976004833,43.317799858000065],[-5.79847154700482,43.31766387900009],[-5.7984964220048285,43.317503605000084],[-5.798272404597352,43.31716550569994],[-5.798379503671436,43.31716288343991],[-5.799134784004797,43.31791151600004],[-5.799822879004848,43.318419757000086],[-5.800709381004817,43.31859873700007],[-5.800985275004846,43.31878798700008],[-5.800936075004868,43.3187343210001],[-5.801420295004848,43.31888942700005],[-5.803350043004881,43.31829081200006],[-5.804553068004894,43.31783497300007],[-5.8053923800048866,43.31770235700006],[-5.806286474337075,43.316969008123635],[-5.811912480031369,43.31683072745066],[-5.810762120004945,43.31729045000004],[-5.811243997004978,43.31730602100006],[-5.810991025004975,43.31746593700008],[-5.811372475004945,43.317377430000086],[-5.810233412004946,43.31793361500007],[-5.807413096004914,43.31979663800008],[-5.806956010004925,43.31994057400006],[-5.806877237004939,43.320173816000086],[-5.806408643004895,43.32039533900008],[-5.806267941004883,43.320354985000066],[-5.806089357004912,43.32048008100005],[-5.805898549004896,43.32049943800008],[-5.805653418004907,43.32072065400007],[-5.805276206004913,43.32088902200009],[-5.8046677520048755,43.32141979900008],[-5.804565539004881,43.32169310800005],[-5.80430063100486,43.32181154100006],[-5.80426631100486,43.32214524300009],[-5.80394901100485,43.32257473000005],[-5.803515120004845,43.322853067000054],[-5.802678880004878,43.32366760900005],[-5.801215021004849,43.32474349800004],[-5.800098137004836,43.32514356900005],[-5.799898989004799,43.325293201000086],[-5.799620020004831,43.32530329100007],[-5.7992483670048225,43.32546243500009],[-5.799164989004824,43.32559907100007],[-5.7993089710048205,43.32570489700005],[-5.799050600004788,43.32590744800008],[-5.798581995004802,43.32599029700005],[-5.7978451670047795,43.325928275000095],[-5.797778280004775,43.32615219300005],[-5.797962672004772,43.32602943700006],[-5.798113903004792,43.326083253000064],[-5.798256136004813,43.32603260600009],[-5.797714861004816,43.326239200000046],[-5.792538630004747,43.327399823000086],[-5.792226302004735,43.32754622700004],[-5.791126368004698,43.32776543400008],[-5.790674039004709,43.327924689000056],[-5.789733294004718,43.32811689700004],[-5.788822932004693,43.328194961000065],[-5.785205755004625,43.32896553000007]],[[-5.791033640004727,43.32691363900007],[-5.791467103004712,43.32663339300008],[-5.7911001750047015,43.326676655000036],[-5.790683648004727,43.32695249600006],[-5.791033640004727,43.32691363900007]],[[-5.791872949004751,43.32646621200008],[-5.792487697004735,43.32636111600006],[-5.792820255004764,43.32616927400006],[-5.792583913004711,43.32618635200005],[-5.792664689004717,43.326110199000034],[-5.79209533900473,43.32624453900007],[-5.792037231004712,43.32629364500008],[-5.792197876004706,43.32633465200008],[-5.791872949004751,43.32646621200008]],[[-5.804067781004881,43.32052062600009],[-5.804527992004907,43.32018686900007],[-5.805366557004896,43.31978758000004],[-5.805640096004877,43.31976783100005],[-5.80597912800488,43.319485564000054],[-5.806360727004923,43.319381529000076],[-5.808003968004954,43.318617684000074],[-5.808144038004941,43.31838524300009],[-5.806505283004934,43.31902571200006],[-5.8059616680049,43.31934594500009],[-5.805686752004873,43.319395163000095],[-5.805798028004916,43.319174229000055],[-5.805850193004915,43.319264921000084],[-5.805944493004918,43.319184258000085],[-5.805899461004914,43.31907393900008],[-5.806070443004903,43.318801276000045],[-5.805942948004886,43.31868627400008],[-5.805328795004921,43.319656952000074],[-5.8043121190049005,43.32014669500007],[-5.804089265004883,43.31993603400009],[-5.803954669004872,43.32002628400007],[-5.803968326004884,43.32021924100008],[-5.801096066004842,43.32172271200007],[-5.8013654890048665,43.32179330700007],[-5.802618464004883,43.32112102600008],[-5.802900253004871,43.32106530600006],[-5.804067781004881,43.32052062600009]]],[[[-5.8156616770050515,43.31674141300006],[-5.815430472005014,43.316939599000094],[-5.813664766004977,43.31713202400005],[-5.812985700004994,43.317073209000064],[-5.812888023005007,43.31696119800007],[-5.813270963005022,43.31680417200007],[-5.8156616770050515,43.31674141300006]]],[[[-5.794204810004738,43.32743960500006],[-5.79361443600472,43.32731993900008],[-5.793413926004761,43.327398375000044],[-5.793339824004717,43.32732205900005],[-5.7987048800047996,43.32613012100008],[-5.7990744410048185,43.32598897200007],[-5.799263443004834,43.325996308000086],[-5.799071909004821,43.32619912300004],[-5.7987521230047845,43.32631189800004],[-5.798764201004781,43.32647466000004],[-5.798311987004826,43.32692222100008],[-5.7984448990047985,43.32715616600009],[-5.797436294004803,43.326972895000054],[-5.796759038004777,43.327038701000056],[-5.795352617004746,43.327335408000074],[-5.794204810004738,43.32743960500006]]],[[[-5.807273144004928,43.32011904600009],[-5.808823240004965,43.31904540300009],[-5.809150890004944,43.31920022100008],[-5.8089833800049595,43.318935641000074],[-5.81044605300497,43.318014027000075],[-5.81054155900495,43.318232740000056],[-5.810315825004978,43.31844544400009],[-5.809924067004937,43.3185865770001],[-5.809924071004953,43.31873888600008],[-5.809462069004941,43.318903691000074],[-5.8093328350049545,43.31886052500007],[-5.809261292004962,43.319002027000074],[-5.809091801004953,43.31897561700005],[-5.809312797004952,43.319218244000076],[-5.8091275660049595,43.319304205000044],[-5.809117763004948,43.31939315700004],[-5.80884603700495,43.31947768100008],[-5.808485455004904,43.31944867600005],[-5.807421762004899,43.32002554000009],[-5.807319656004912,43.32019255200005],[-5.806976727004909,43.320217717000055],[-5.807273144004928,43.32011904600009]]],[[[-5.813423672004985,43.317304527000054],[-5.813626018005025,43.317200047000036],[-5.814918419005041,43.317158435000074],[-5.8142273610050035,43.31736406500007],[-5.813856609005017,43.31730593100009],[-5.813823945005014,43.317549133000064],[-5.813423672004985,43.317304527000054]]]]}},{"type":"Feature","properties":{"zona":"ES018-AST-15-1","rio":"Arroyo San Claudio"},"geometry":{"type":"Polygon","coordinates":[[[-5.877639210005796,43.37132980200007],[-5.8779359320058315,43.37117512200008],[-5.877752296005797,43.37096042200007],[-5.878036996005809,43.370516442000074],[-5.878523031005812,43.37015913100006],[-5.878730335005829,43.369838428000065],[-5.878655975005843,43.36974057900007],[-5.877871006005837,43.37004442100005],[-5.877666061005827,43.37005993000004],[-5.877618472005808,43.370006491000034],[-5.877867240005816,43.36979983700009],[-5.878129998005841,43.36984021700006],[-5.878647976005852,43.36970716300006],[-5.878654210005864,43.369312665000066],[-5.878714791005821,43.369276269000075],[-5.878873091005834,43.36935029700006],[-5.8791788160058704,43.369037134000074],[-5.879073979005832,43.36888404800006],[-5.878520871005861,43.3687882450001],[-5.879136743005839,43.36881503000008],[-5.879303505005833,43.36860091600006],[-5.879128892005819,43.36767682100004],[-5.878964889005864,43.36761419700011],[-5.878458125005835,43.367651829000096],[-5.878434839005848,43.36754717400005],[-5.8784716820058245,43.36742885000008],[-5.878704552005818,43.36728771700008],[-5.879184449005873,43.367179376000095],[-5.87893969500582,43.366551162000086],[-5.878935091005852,43.36607582400008],[-5.879172595005839,43.36570560200008],[-5.879149699005877,43.36542610700009],[-5.879332031005829,43.365313144000034],[-5.880829267005886,43.36509058500008],[-5.8813201190058795,43.36477860700008],[-5.881318038005887,43.364662773000084],[-5.881000350005888,43.36469037800005],[-5.880731913005897,43.36458619800006],[-5.880799701005863,43.36438462200005],[-5.881398590005875,43.36443867000005],[-5.881670773005872,43.364348964000065],[-5.881865365005889,43.36421876000004],[-5.881817900005866,43.363989134000086],[-5.8819971070058985,43.36380435700006],[-5.881919106005877,43.36365916600007],[-5.881759816005876,43.36377046500009],[-5.881529590005886,43.3637816070001],[-5.881164136005865,43.363713449000066],[-5.8811026820058725,43.36361690000008],[-5.881510499005874,43.36359360700006],[-5.881590086005892,43.363342399000054],[-5.881814127005864,43.3632994170001],[-5.881954947005877,43.363380736000074],[-5.881771019005861,43.36337627200006],[-5.881754094005907,43.36362691400007],[-5.882357077005881,43.36360719900007],[-5.882466886005919,43.363331465000066],[-5.882721706005874,43.36323055000005],[-5.883349470005885,43.362742415000085],[-5.883871490005897,43.36250261200009],[-5.884078556005932,43.36246281000009],[-5.884136845005913,43.36256232900009],[-5.884534629005946,43.36241181800007],[-5.88532765300592,43.361552743000075],[-5.88593229700595,43.36158548000005],[-5.886158366005961,43.36148415900006],[-5.8862103750059624,43.36124567300005],[-5.886788984005973,43.360826172000046],[-5.886912462005952,43.36050494900009],[-5.887755721005987,43.36015651800007],[-5.887660691005974,43.360143703000084],[-5.887992856005954,43.35991118800009],[-5.888400629005966,43.35996845100005],[-5.888741691005989,43.359794175000076],[-5.88897868400598,43.359548715000095],[-5.889057438005996,43.359254829000086],[-5.889455373006026,43.35919741800009],[-5.889716714006028,43.35893971700008],[-5.890078784006027,43.358810352000056],[-5.890358137006027,43.358833497000056],[-5.891689071006057,43.35855918900009],[-5.892230363006045,43.35862509300008],[-5.8922121190060555,43.358181874000046],[-5.892342328006021,43.35818972900009],[-5.892398039006037,43.358121090000076],[-5.892253666006021,43.3579907960001],[-5.892592266006049,43.35788755700005],[-5.8929343880060605,43.35762131100007],[-5.8932611540060655,43.357582110000074],[-5.893377664006066,43.35750193200006],[-5.893955642006099,43.357759404000056],[-5.894306687006048,43.357642861000066],[-5.895240824006064,43.35751775000008],[-5.895706868006078,43.357659851000065],[-5.896109578006087,43.3575508320001],[-5.8963745740060896,43.3576887560001],[-5.89648447600611,43.357604383000094],[-5.8963494690061244,43.35743206000007],[-5.8970491770060915,43.357213340000065],[-5.897431920006145,43.356970991000054],[-5.8980807720061375,43.35708322000007],[-5.898562410006141,43.356905674000096],[-5.8993792740061535,43.35712834900008],[-5.901112698006187,43.35695110000008],[-5.902462041006225,43.357231742000096],[-5.902695181006205,43.357151712000096],[-5.903000748006208,43.357156580000066],[-5.9030678150061835,43.357098426000064],[-5.902975466006183,43.35698974200006],[-5.9032382600062245,43.356617594000085],[-5.903154330006207,43.35643024400011],[-5.903420503006209,43.35630905300009],[-5.903210884006232,43.35620636500006],[-5.903213895006224,43.35612935200006],[-5.903582228006211,43.35605685700007],[-5.903900988006243,43.355747696000044],[-5.904025912006222,43.355770490000076],[-5.904366640006254,43.35611738600007],[-5.904466756006253,43.35612173100006],[-5.904621242006241,43.35606839100009],[-5.904630479006213,43.355928663000064],[-5.9047849070062455,43.35592102300008],[-5.905524995006243,43.35554874400005],[-5.906592600006263,43.35543866300005],[-5.9067820450062545,43.355541361000085],[-5.9068997800062615,43.35535012300007],[-5.907296086006293,43.35536156700006],[-5.907049156006288,43.35479264900007],[-5.906867014006257,43.354680688000045],[-5.907128587006251,43.35427730600006],[-5.906994118006259,43.35395245600007],[-5.907256821006297,43.354243852000046],[-5.907224216006294,43.3548331900001],[-5.907303515006288,43.35492907600009],[-5.908091932006266,43.355209205000065],[-5.908435939006295,43.35525785700004],[-5.908582088006286,43.355180844000095],[-5.908645395006292,43.35525405500006],[-5.908624924006321,43.35595282600009],[-5.908540397006306,43.35612539700004],[-5.909395791006303,43.35625767100006],[-5.909791908006289,43.35649094500009],[-5.9101979920063155,43.35644526400007],[-5.910562306006344,43.35612650300006],[-5.910894943006334,43.356010656000095],[-5.911321907006326,43.35598893300007],[-5.9119185530063545,43.356068446000066],[-5.912456326006326,43.355966453000086],[-5.9127137840063515,43.35599479500009],[-5.913319141006344,43.35568734900007],[-5.913805728006364,43.3555454660001],[-5.914346920006387,43.35523718200008],[-5.915847010006389,43.35471979000007],[-5.916113935006399,43.35438359800005],[-5.916321129006385,43.35433879600005],[-5.916275668006429,43.35444774700007],[-5.916425196006439,43.35447169300007],[-5.916535794006433,43.35422053400005],[-5.916930042006403,43.354119199000095],[-5.9172464810064245,43.35392313700006],[-5.9178493290064615,43.35403338300008],[-5.91798449700645,43.35401170500008],[-5.917995626006423,43.35388158700007],[-5.9183601410064295,43.353767769000065],[-5.918644586006469,43.353877848000046],[-5.91914058000648,43.35383993200005],[-5.919249801006485,43.35389790100006],[-5.9196092870064705,43.35377139500011],[-5.919839340006469,43.35385477500008],[-5.9199641740064886,43.35405040800004],[-5.920355505006499,43.35424811900004],[-5.920498105006505,43.35452431600006],[-5.920858022006478,43.35423097600008],[-5.921283588006477,43.354140390000076],[-5.921639632128103,43.354178639430536],[-5.921647144219721,43.354335092838355],[-5.92091222400648,43.354418104000075],[-5.921234312006505,43.3545601530001],[-5.921649773572387,43.35438985374472],[-5.921641888006497,43.35536780800007],[-5.9210318320064586,43.35538519600007],[-5.920784272006463,43.35530448700009],[-5.920470312006487,43.355144372000055],[-5.920188401006483,43.354873727000054],[-5.919577841006489,43.354674755000104],[-5.918455765006469,43.35506840600006],[-5.917871775006464,43.3554491400001],[-5.91746774700641,43.35545530700008],[-5.917471181006417,43.35560550300007],[-5.917228795006445,43.35564307400008],[-5.9171295780064295,43.35553794800008],[-5.916213448006409,43.35594290700007],[-5.914840050006388,43.35636267100006],[-5.9129468300063595,43.35666487800008],[-5.912542104006353,43.35680483900007],[-5.91233599200635,43.35674931400009],[-5.911860387006324,43.356795517000094],[-5.911456603006361,43.35704935400005],[-5.910675359006354,43.356930404000046],[-5.909496963006334,43.357046602000054],[-5.910624166006304,43.356832102000084],[-5.913494447006364,43.35652552600008],[-5.913780104006372,43.35641342400006],[-5.910675183006338,43.35678657600006],[-5.909512395006332,43.35674801400009],[-5.909196272006322,43.35691405100006],[-5.908829571006299,43.35689638700009],[-5.907758305006285,43.35661824200005],[-5.907626587006249,43.356690745000066],[-5.907567006006288,43.356615410000096],[-5.906883131006285,43.35655616500004],[-5.905851343006236,43.35653768700008],[-5.905442948006264,43.35674140500006],[-5.905354849006224,43.35666546500007],[-5.905196774006219,43.35669889700008],[-5.90461272700625,43.356584002000055],[-5.904317396006228,43.35641180400008],[-5.904190668006227,43.35672543500006],[-5.903960919006196,43.35680181500007],[-5.903762430006237,43.35710172700007],[-5.9026391740061905,43.35753725500008],[-5.901396339006202,43.35730708600006],[-5.900875022006202,43.357353921000055],[-5.900400669006177,43.35730313600005],[-5.899937542006182,43.35740822800007],[-5.898978504006148,43.357456234000054],[-5.898579579006129,43.35766282500006],[-5.898012889006151,43.35762914700009],[-5.89768263500614,43.35769537700004],[-5.897386621006121,43.35787804900009],[-5.8964873850060995,43.357941545000095],[-5.895651703006084,43.35829690000005],[-5.895407409006111,43.35822097600007],[-5.895277629006101,43.357943083000094],[-5.895138614006097,43.3578748990001],[-5.8943316210060575,43.35794018400005],[-5.894219581006079,43.358066131000065],[-5.89363815100606,43.358230163000044],[-5.893362771006051,43.35819216500006],[-5.893305119006042,43.35799810200008],[-5.893101567006078,43.35791595100007],[-5.892829958006038,43.358104335000085],[-5.89280555100608,43.358429810000096],[-5.892548583006046,43.35879524300005],[-5.892341961006035,43.358882424000065],[-5.891747234006064,43.358942455000054],[-5.891577846006043,43.35936080000007],[-5.891684113006022,43.35946508400009],[-5.891570046006051,43.359456366000096],[-5.891455939006048,43.359234483000094],[-5.891161579006045,43.35918558400006],[-5.890936919006028,43.35889982600004],[-5.8905959900060205,43.359085331000095],[-5.889987931006009,43.35907687300006],[-5.88931877700602,43.359899718000094],[-5.889040153005983,43.35993401600008],[-5.888802577006016,43.36011928700004],[-5.8889089860059745,43.360384472000106],[-5.889164710005977,43.360530591000064],[-5.88911543800602,43.360590726000076],[-5.888184335005979,43.36060033700007],[-5.887533038005979,43.36091576400003],[-5.887035419005984,43.36103157500004],[-5.886321257005965,43.36181729100009],[-5.885877866005925,43.36193734400008],[-5.885804000005944,43.36182197700005],[-5.884510655005903,43.36260608500006],[-5.884352286005939,43.36278458500005],[-5.883718502005928,43.362728490000066],[-5.883551376005917,43.36278529300007],[-5.883098062005884,43.363060141000076],[-5.8829383220059235,43.36335589900008],[-5.882667542005927,43.363476636000044],[-5.882540343005904,43.36368435800007],[-5.882628817005902,43.363773942000094],[-5.883108466005906,43.36378098000007],[-5.883069478005878,43.36397410800006],[-5.882981808005906,43.364003311000054],[-5.882754686005891,43.36384351100004],[-5.88219617600592,43.3639273680001],[-5.882067000005888,43.36388628700009],[-5.881915519005895,43.36447222800008],[-5.881608787005879,43.36485632600007],[-5.88163386700588,43.36497757700006],[-5.880785073005889,43.36523179900009],[-5.8800850100058675,43.36527891000005],[-5.879248196005831,43.36546150300008],[-5.879293607005864,43.365665025000084],[-5.879844614005883,43.36557909100006],[-5.880041880005873,43.365839712000046],[-5.879547172005846,43.365885203000076],[-5.879137937005833,43.36614244900009],[-5.879163403005845,43.36628414700006],[-5.879343550005828,43.36644334300009],[-5.87929326500584,43.367158230000044],[-5.8798340450058415,43.367250274000085],[-5.879526834005832,43.36745536600008],[-5.879667499005838,43.36757973000006],[-5.879692035005848,43.36781391700005],[-5.879650992005838,43.368115165000084],[-5.879552945005843,43.36821166700004],[-5.879481809005868,43.368212388000096],[-5.879383372005846,43.36764017000009],[-5.879314348005876,43.36795280900005],[-5.879530536005846,43.368446816000095],[-5.8793318480058305,43.36874703000009],[-5.879702169005826,43.36881577200008],[-5.879289585005877,43.3690352720001],[-5.87919000800586,43.36925640700011],[-5.879241052005835,43.36948770100005],[-5.878962718005858,43.36942857300007],[-5.878802475005817,43.369610299000065],[-5.878901470005848,43.37009108000009],[-5.87865342300583,43.370410491000044],[-5.87836634700582,43.37055696200011],[-5.878177708005831,43.37078491600007],[-5.878048509005814,43.37080156100008],[-5.878162299005816,43.37093771400005],[-5.878015058005833,43.37110687600007],[-5.877892258005844,43.371961005000074],[-5.877698712005795,43.37243401700007],[-5.877791523005798,43.37292513200005],[-5.8772212870058,43.37411124000006],[-5.877157816005825,43.374067754000066],[-5.8772148030058196,43.37368662900009],[-5.877616831005822,43.37295316600008],[-5.877558897005839,43.372140364000096],[-5.877767544005807,43.37164692400008],[-5.877639210005796,43.37132980200007]],[[-5.886106731005927,43.36160930500008],[-5.886018309005948,43.36163192300008],[-5.886007216005936,43.361695772000104],[-5.88611562000594,43.361681596000054],[-5.886106731005927,43.36160930500008]],[[-5.886225115005947,43.36160467500011],[-5.886231898005948,43.361488388000076],[-5.88630783500597,43.361424997000036],[-5.886180462005972,43.36152835900005],[-5.886225115005947,43.36160467500011]]]}},{"type":"Feature","properties":{"zona":"Nalon-45-AST","rio":"R\u00edo Nora"},"geometry":{"type":"MultiPolygon","coordinates":[[[[-5.677061817003506,43.38322450400006],[-5.677700908003495,43.383115226000044],[-5.678246128003493,43.38330828800008],[-5.678853994003494,43.38341717400006],[-5.679156023003507,43.38329463000008],[-5.680393141003524,43.38351136300003],[-5.6810494780035405,43.38277275800005],[-5.682256499003524,43.38286144400008],[-5.682746603003521,43.38275701800006],[-5.683430155003524,43.38278816700005],[-5.6832327970035434,43.38308677000005],[-5.682732913003517,43.383506477000026],[-5.682705663003558,43.38364107200005],[-5.682756251003523,43.38388875900008],[-5.683496971003539,43.38424001300007],[-5.683463866003539,43.3845123340001],[-5.683251293003538,43.384874766000074],[-5.683350320003515,43.38491369200007],[-5.683354075003538,43.38501796900007],[-5.683165523003539,43.38509059300004],[-5.683224297003563,43.38520304500003],[-5.683326538003543,43.38516016500006],[-5.683495727003565,43.38540762000009],[-5.683206485003551,43.38536289400003],[-5.683142730003511,43.38527708200007],[-5.6826913920035595,43.38561656900004],[-5.682462119003555,43.38569511300006],[-5.682072309003549,43.385637989000045],[-5.6817421320035235,43.38578452300005],[-5.681541861003538,43.38574283100008],[-5.681454848003495,43.38553176700003],[-5.680957998003501,43.38516152800003],[-5.680728106003507,43.38504891600008],[-5.6806145460035165,43.38515809800003],[-5.680590490003488,43.384924960000035],[-5.67989236100348,43.384703602000066],[-5.679663580003504,43.38438018700004],[-5.6794455440035225,43.38433770200006],[-5.679211368003473,43.384145225000054],[-5.67899204400347,43.38416633300006],[-5.6789486160035,43.384021999000026],[-5.678709330003488,43.38412721200008],[-5.678337752003485,43.38446220400006],[-5.67778584800346,43.384511166000046],[-5.677614613003476,43.38443902600005],[-5.677107494027543,43.38442677645498],[-5.677061817003506,43.38322450400006]]],[[[-5.676051054003497,43.36041321200003],[-5.676501895003475,43.36006968600004],[-5.677570843003496,43.35999176500007],[-5.678146344003517,43.35989069000006],[-5.678309102003506,43.35976614900006],[-5.678574704003522,43.35971951700003],[-5.678579511003504,43.35965337200003],[-5.677880765003485,43.35970723000003],[-5.677766785003504,43.35963172700008],[-5.677997590003508,43.35929580300009],[-5.6780179980035195,43.35899814400005],[-5.678353125003492,43.35850849200006],[-5.678491346003481,43.35804084900008],[-5.678432176003494,43.35773948100007],[-5.678321447003522,43.35776162000008],[-5.678264762003518,43.35764299200009],[-5.678172906003478,43.357064856000086],[-5.678771039003524,43.356776839000084],[-5.679423598003533,43.35683013100004],[-5.6796684160035324,43.35723973600006],[-5.679511952003487,43.35764415100006],[-5.679654111003495,43.357728301000066],[-5.679681393003515,43.35784845700005],[-5.67960087500351,43.35842840200008],[-5.679850439003512,43.35880690300007],[-5.6796362110035075,43.35926726000009],[-5.679787885003502,43.359237509000025],[-5.679802307003495,43.35929213600008],[-5.67931391100351,43.35986319800003],[-5.67921058800349,43.359883486000065],[-5.679050747003516,43.359745440000054],[-5.678957489003523,43.35981148700005],[-5.678568472003488,43.36072301700006],[-5.677902431003493,43.36117822800003],[-5.677823403003477,43.361414108000076],[-5.677276271003463,43.36162117900005],[-5.677254516003485,43.361730406000056],[-5.676461503003458,43.36160023500003],[-5.6760953593995325,43.36142918390566],[-5.676051054003497,43.36041321200003]]],[[[-5.681108100003533,43.364216678000055],[-5.68103975000354,43.364377180000076],[-5.680843044003542,43.36389053800009],[-5.679828574003501,43.36332253400008],[-5.678748042003488,43.36249157200007],[-5.678637342003496,43.36248114200004],[-5.678531906003482,43.36229599800005],[-5.677768770003486,43.36186939000005],[-5.678061964003483,43.361443689000055],[-5.678422120003485,43.36117935100003],[-5.678495226003489,43.36095028200004],[-5.67879130400351,43.36079386800004],[-5.679147183003497,43.360768803000035],[-5.679129343003497,43.360890478000044],[-5.678885479003527,43.36088958400007],[-5.6788179330035,43.36096171400005],[-5.679121668003491,43.36107952700007],[-5.6790895030035,43.36124179500008],[-5.679306952003491,43.36085715600008],[-5.679505923003524,43.360747555000046],[-5.67999240000351,43.36083558900005],[-5.680529220003494,43.36105451500004],[-5.681070673003539,43.361439357000066],[-5.681294859003509,43.36148151700008],[-5.681508812003524,43.36183281900003],[-5.681969300003517,43.36166827300009],[-5.682094688003531,43.36195374700004],[-5.682655911003515,43.36196709600006],[-5.683021361003521,43.36218694900004],[-5.682995870003547,43.36297461400005],[-5.682720221003542,43.364130386000056],[-5.682610459003517,43.364028028000064],[-5.6821746840035425,43.364291834000035],[-5.682213609003556,43.36420820900005],[-5.682006657003511,43.364263708000074],[-5.6816887500035556,43.36398496300007],[-5.681255333003543,43.36384370900005],[-5.68112338500355,43.36361433200005],[-5.680775747003495,43.36338237500008],[-5.680147391003498,43.363137744000035],[-5.67983628900354,43.362896054000046],[-5.679446937003523,43.36274893700006],[-5.679383759003518,43.36268421500006],[-5.679480153003486,43.362594560000055],[-5.67937946700349,43.36258092800006],[-5.679307049003487,43.362657582000054],[-5.679441317003498,43.36250913000005],[-5.679413017003502,43.36242782400007],[-5.679066736003479,43.36246417600006],[-5.679134826003493,43.362599192000076],[-5.679623515003504,43.362935069000066],[-5.679600658003528,43.362988714000046],[-5.679882197003487,43.36307958800006],[-5.679781205003486,43.36324263200005],[-5.681762001003558,43.36441869900006],[-5.681625258003516,43.36450150300005],[-5.681337799003521,43.364434249000055],[-5.681108100003533,43.364216678000055]]],[[[-5.682753328003513,43.38226293900006],[-5.682508344003506,43.38214815800007],[-5.6819536940035285,43.382054609000086],[-5.6824371760035275,43.380613136000086],[-5.6826089350035405,43.38036456600003],[-5.6826929150035435,43.37970871600004],[-5.68340071800356,43.379261228000075],[-5.683799056003532,43.37925432900006],[-5.684109056003548,43.37912051100006],[-5.684528788003565,43.37886021900007],[-5.684667069003543,43.37855013900003],[-5.684956504003558,43.37837458700005],[-5.685538763003561,43.378683107000036],[-5.685689130003568,43.37896788500009],[-5.685620437003562,43.37935401600004],[-5.685503198003542,43.37950669100008],[-5.684961477003546,43.37980864700008],[-5.684622944003553,43.37985760600004],[-5.684557888003569,43.37993773700004],[-5.684273983003563,43.379918755000055],[-5.684012819003567,43.380085576000056],[-5.683685158003534,43.38177615300005],[-5.6837016960035465,43.382165630000024],[-5.683550567003527,43.38224941800008],[-5.682753328003513,43.38226293900006]]],[[[-5.682798587003561,43.38250841400004],[-5.683486569003553,43.38249261400007],[-5.68354883500354,43.382505930000036],[-5.6829444140035426,43.38254474600007],[-5.682798587003561,43.38250841400004]]],[[[-5.6827800310035155,43.38238338000009],[-5.683256508003526,43.38236434400006],[-5.683324220003559,43.38237371800005],[-5.6827800310035155,43.38238338000009]]],[[[-5.712906179003832,43.38095328500004],[-5.712386386003802,43.380904513000075],[-5.71226042600381,43.38104338400007],[-5.712005263003845,43.38109872700006],[-5.711753451003796,43.380901890000075],[-5.711332640003824,43.38080117100006],[-5.711330676003788,43.38073841200003],[-5.711592080003806,43.38064891200005],[-5.711428040003788,43.38015983500002],[-5.711051283003817,43.38019288800008],[-5.710959618003799,43.380752243000074],[-5.7106920400038215,43.38074297300007],[-5.710571298003782,43.38068483300003],[-5.710570556003786,43.38058019200004],[-5.7103604060037965,43.380551675000056],[-5.710182393003816,43.38067380000008],[-5.710084689003773,43.380595376000045],[-5.709608712003816,43.38061376300005],[-5.708233342003798,43.38041834500007],[-5.707984036003795,43.38025207700008],[-5.707027569003748,43.37998668400007],[-5.706365603003747,43.37945385600006],[-5.706001919003764,43.37929835000007],[-5.705881556003755,43.37912092600004],[-5.705634401003741,43.37917505400003],[-5.705948043003783,43.37849435500006],[-5.706670546003752,43.378106616000025],[-5.707451857003787,43.377323324000045],[-5.707481791003784,43.377164275000055],[-5.707739840003755,43.37710732700003],[-5.707624156003774,43.37689318800006],[-5.707702801003748,43.37653805100008],[-5.707744134003761,43.37647148400005],[-5.707887062003765,43.376499636000084],[-5.7079309100037845,43.376370339000076],[-5.70765950100379,43.37614674100008],[-5.707655348003769,43.37605593200005],[-5.70815978800376,43.37540630200005],[-5.708848958003811,43.374784838000046],[-5.708915213003791,43.3746002120001],[-5.70850778500377,43.373966258000046],[-5.7078005350037575,43.373606039000045],[-5.7076176580037705,43.37335841600004],[-5.707114374003775,43.37297352300004],[-5.706903226003769,43.37291392800007],[-5.706494565003771,43.37250386300009],[-5.706201591003778,43.372353021000045],[-5.705724368003755,43.372304341000074],[-5.704869226003767,43.37286503400003],[-5.704759783003724,43.37313674100006],[-5.704458052003743,43.37345360000007],[-5.704011579003727,43.37370931100003],[-5.703337378003738,43.373898885000074],[-5.703023626003724,43.37414089900005],[-5.702312192003736,43.37411245100004],[-5.7022565150036995,43.374192915000044],[-5.701882942003708,43.37427581200007],[-5.701599307003747,43.3741615690001],[-5.700514136003734,43.37442508500004],[-5.700203171003692,43.37460393900006],[-5.699839949003712,43.374576252000054],[-5.69909481300367,43.37469918700004],[-5.698840093003681,43.374817425000074],[-5.698550612003697,43.374771445000086],[-5.698272976003673,43.37482312400005],[-5.696201224003647,43.373202018000036],[-5.694527368003664,43.37174709000005],[-5.693858782003641,43.37136971400004],[-5.693796452003647,43.37140348200006],[-5.69396762800363,43.371545329000085],[-5.6934001430036485,43.37131204700005],[-5.6924568940036515,43.37121277400007],[-5.691966032003596,43.37134138700003],[-5.691567511003628,43.371310104000045],[-5.690073283003601,43.372032365000074],[-5.689170343003588,43.37211994000007],[-5.68811495600357,43.37179608400004],[-5.687877608003583,43.371347915000065],[-5.687990692003605,43.37117400500006],[-5.68728626700356,43.371030204000085],[-5.687144498003578,43.371204306000045],[-5.6875501920035765,43.371710712000045],[-5.687535662003588,43.37236196800006],[-5.686522166003593,43.373566259000036],[-5.686052045003555,43.37376850000005],[-5.686082387003556,43.37404767600003],[-5.685768763003553,43.374342417000044],[-5.685602235003586,43.37510719300007],[-5.686260852003592,43.37619680000006],[-5.686535205003544,43.376997150000086],[-5.6868124560035485,43.377474716000066],[-5.686575694003557,43.37837490700009],[-5.686397071003546,43.37864407700005],[-5.686255958003562,43.378679762000054],[-5.68610230900359,43.378396187000085],[-5.686132184003587,43.37800111600006],[-5.685618270003572,43.37718829500007],[-5.685377656003564,43.37629782700005],[-5.685148693003578,43.37618494000004],[-5.684499141003545,43.37508775400005],[-5.684576134003539,43.37469927300003],[-5.684664274003542,43.374638552000086],[-5.684571913003557,43.374075469000054],[-5.68467773700356,43.373737673000065],[-5.68585697900355,43.37185029100005],[-5.684922867003559,43.37153801200004],[-5.684431282003534,43.37100505000006],[-5.684418993003552,43.370766162000066],[-5.684099499003554,43.37068107500006],[-5.684032374003565,43.37039288800003],[-5.68430228700358,43.370330055000075],[-5.684565022003561,43.369947812000085],[-5.684366358003578,43.36957295200006],[-5.6849041770035695,43.36906477400003],[-5.68518781200359,43.36898350600006],[-5.6860006780035866,43.36904410100005],[-5.686174358003579,43.36913638700005],[-5.686559838003561,43.36963401900007],[-5.687024225003586,43.369732683000066],[-5.687590597003569,43.369570310000036],[-5.688006272003574,43.36960683500007],[-5.6884046550035805,43.36944455000003],[-5.688875912003601,43.36945613100005],[-5.689123961003596,43.36953721500004],[-5.689375912003594,43.36947692400002],[-5.689377140003625,43.36940241300005],[-5.689082851003612,43.36922066300009],[-5.689009660003599,43.369046701000066],[-5.688811524003603,43.36898839000003],[-5.688195733003567,43.36826547500005],[-5.6870060510035945,43.367815796000066],[-5.686537276003588,43.367399824000074],[-5.686531712003598,43.36725390200008],[-5.690286358003637,43.36930429500008],[-5.686768103003588,43.36709816000008],[-5.686512070003558,43.36678937000006],[-5.6865208430035485,43.36686007000003],[-5.686402479003601,43.366851422000025],[-5.686002413003543,43.366665773000086],[-5.685434845003587,43.36612686200005],[-5.685271463003547,43.36577805800005],[-5.684926539003555,43.36547654900005],[-5.6847053120035556,43.36545167300007],[-5.684423196003557,43.36530450600002],[-5.6843239700035815,43.36505922700008],[-5.684123067003574,43.36487736200007],[-5.683267508003564,43.36460190600008],[-5.683019188003536,43.36432925000002],[-5.683089462003532,43.36400729700006],[-5.683102551003524,43.36422622900006],[-5.683669894003529,43.36453029200004],[-5.683749847003542,43.36451031900004],[-5.683110664003561,43.36391462000006],[-5.683282785003554,43.36309040900006],[-5.683284520003566,43.36237569800005],[-5.683695657003528,43.36260103700005],[-5.683841775003562,43.36278074400009],[-5.68405057300358,43.36283062500007],[-5.684635136003546,43.36319256500009],[-5.685019404003554,43.363654246000074],[-5.6856373510035825,43.36415230900008],[-5.68652884900358,43.36448856700008],[-5.686744376003603,43.36469271400006],[-5.686815651003587,43.36492109800003],[-5.687139087003564,43.365217992000055],[-5.687477437003559,43.36531823100006],[-5.687938345003599,43.36583418600003],[-5.6895580720036065,43.36682831400004],[-5.689970705003606,43.36715748100005],[-5.690233695003619,43.36752887400008],[-5.6905655030036195,43.36773103300005],[-5.6908931480035925,43.36782105300006],[-5.691073199003624,43.36802697300005],[-5.691214747003613,43.36805066000005],[-5.691215898003606,43.36814379100008],[-5.691512039003642,43.36829065300004],[-5.691972769003635,43.36793082600008],[-5.691880326003603,43.36831856900005],[-5.692372966003613,43.36863667100006],[-5.692499562003644,43.36885898200007],[-5.692371667003651,43.36913157400006],[-5.692185712003643,43.36924361300004],[-5.692339798003655,43.369447908000055],[-5.692894543003649,43.36954194900006],[-5.694238894003662,43.36950827000005],[-5.6945198950036255,43.36984192700006],[-5.6947577330036605,43.36994136500006],[-5.695048051003659,43.370638236000055],[-5.69544704000368,43.37105083400008],[-5.695735252003672,43.37110700400008],[-5.696169022003646,43.371629909000035],[-5.69642158000365,43.372141693000074],[-5.696515174003672,43.372665172000055],[-5.697068455003685,43.373019011000075],[-5.697587621003694,43.373486655000086],[-5.698671512003712,43.373664895000054],[-5.700084481003725,43.373518906000086],[-5.700278609003703,43.37360726400005],[-5.700411181003689,43.373520200000044],[-5.7010985030037284,43.37342281500003],[-5.70202311000374,43.37306914100003],[-5.702520365003716,43.37300101400008],[-5.703095800003751,43.372749839000065],[-5.703396791003715,43.372496206000065],[-5.703522823003741,43.371887732000054],[-5.703262232003709,43.37173328600006],[-5.703290859003717,43.37161626100006],[-5.704179412003765,43.371259633000086],[-5.704707763003727,43.370869095000046],[-5.705135316003739,43.370811981000045],[-5.70623135700379,43.37091631800007],[-5.706934290003754,43.37111008600006],[-5.707442684003764,43.371386568000055],[-5.707768783003774,43.371760175000084],[-5.708572079003798,43.37201213000003],[-5.709046076003775,43.37225737100005],[-5.709347153003794,43.37252806200007],[-5.709563503003813,43.37305546900008],[-5.709950448003819,43.37335242600006],[-5.710360064003779,43.373842779000036],[-5.710413219003827,43.37428530600007],[-5.710275233003798,43.37440440300004],[-5.710253426003801,43.37463894600007],[-5.710419296003793,43.37520939100006],[-5.710911293003837,43.376104384000044],[-5.711025874003829,43.37656293900006],[-5.71088339000379,43.376711999000065],[-5.711184327003814,43.376773963000076],[-5.711320534003839,43.37695781100007],[-5.711665111003808,43.37644823800009],[-5.711489211003819,43.37613801900006],[-5.7119701140038055,43.375725003000085],[-5.712032140003828,43.37562720800003],[-5.711960146003833,43.375555775000066],[-5.712524514003811,43.37469664100008],[-5.7133096090038435,43.37455600700009],[-5.713780535003841,43.37461880900003],[-5.713862240003855,43.37448178500006],[-5.714245379003865,43.374395356000036],[-5.715448536003841,43.37470524900005],[-5.716071028003839,43.374657209000084],[-5.716890889003872,43.374812335000065],[-5.717942702003886,43.374735748000035],[-5.718251737003877,43.374608226000085],[-5.718712888003904,43.37465239600005],[-5.7194600160039135,43.37450692900007],[-5.719664098003897,43.37428599400005],[-5.72027686500391,43.37397789300008],[-5.7210839240039295,43.37407886500007],[-5.72157694300391,43.37395287000005],[-5.7228481420039525,43.37390235500005],[-5.723173705003947,43.37373775500005],[-5.7236287330039275,43.37365280500007],[-5.7238846580039615,43.37349784400004],[-5.724838301003976,43.37335868900005],[-5.725069685003938,43.37340439800005],[-5.725718010003985,43.37400671800003],[-5.725817166003963,43.37420354200003],[-5.727243561003989,43.375160864000065],[-5.727645627003984,43.37527630100004],[-5.727601572003995,43.37542992300009],[-5.727681215003986,43.375571790000045],[-5.728173592003993,43.37567761700007],[-5.7283643720039645,43.37580131600004],[-5.728281641004,43.37591550100007],[-5.72804894800401,43.37592189500004],[-5.7280598230039965,43.37609259700009],[-5.727926416003975,43.37614154700004],[-5.726873918003984,43.37603582500004],[-5.725753493003962,43.37619674400003],[-5.724950962003978,43.37620596800008],[-5.724388313003955,43.37643736800005],[-5.724130195003919,43.37666745700007],[-5.723302376003916,43.37711001200007],[-5.72308124900394,43.377133304000054],[-5.722737218003938,43.37730293100005],[-5.722109707003926,43.377392935000046],[-5.721539599003888,43.37733160300008],[-5.720961304003912,43.37736691800007],[-5.720372369003911,43.377586191000034],[-5.718963342003875,43.37789921500008],[-5.717020076003842,43.37852655000007],[-5.716375311003888,43.37902002000004],[-5.715981871003844,43.379078242000055],[-5.715636245003828,43.37951638200007],[-5.715448785003878,43.37957593100004],[-5.715253879003828,43.37981626000005],[-5.714811218003859,43.37937211000007],[-5.71444366100385,43.379463536000074],[-5.714179753003825,43.37963304400008],[-5.7143405260038325,43.37969122400007],[-5.7145559090038445,43.37956361400007],[-5.714595081003861,43.37970327000004],[-5.7144982260038235,43.37976138800009],[-5.714629748003827,43.37987643200006],[-5.713523423003849,43.37951942500008],[-5.712068029003831,43.379182297000064],[-5.712380743003793,43.37938442300005],[-5.712367525003801,43.37954158300005],[-5.712750534003823,43.37975612100008],[-5.714782535003819,43.38050224600006],[-5.714921906003865,43.380651549000056],[-5.714078008003829,43.38096885600005],[-5.713865655003833,43.38100093500004],[-5.713679442003824,43.38094166500008],[-5.713497672003839,43.38108251400007],[-5.713076067003849,43.38104155900005],[-5.712906179003832,43.38095328500004]],[[-5.690137512003634,43.369762363000085],[-5.68975141600363,43.36954861000004],[-5.689402078003592,43.36952852700006],[-5.689385342003628,43.369806570000044],[-5.6892083480036115,43.36995911000003],[-5.689344524003625,43.370150230000036],[-5.689007596003597,43.37058966500007],[-5.689154956003571,43.370981375000056],[-5.689566770003592,43.370977687000064],[-5.689751423003613,43.37083246400007],[-5.68987500600362,43.370181421000055],[-5.690137512003634,43.369762363000085]],[[-5.711987391003843,43.38010604100003],[-5.7114998950038345,43.37912801100005],[-5.71123082600382,43.377536695000074],[-5.7111611540038245,43.37780255800005],[-5.711038111003793,43.37787206000008],[-5.711176253003819,43.37878118400005],[-5.711309805003786,43.37896295600007],[-5.711430844003809,43.37961744000007],[-5.712038276003795,43.38041154600007],[-5.711987391003843,43.38010604100003]],[[-5.712409150003797,43.37788652300003],[-5.712508536003844,43.37783853600007],[-5.712480641003826,43.37765541800008],[-5.712667361003816,43.37738018500006],[-5.712925258003802,43.37725860500007],[-5.712884940003854,43.37711436500007],[-5.712515597003806,43.37721814500004],[-5.711925668003801,43.37714894800009],[-5.7119168300038154,43.37722103100005],[-5.712637106003804,43.37728473600004],[-5.7123084430037965,43.377402937000056],[-5.711723280003806,43.37730133000008],[-5.711599885003802,43.377337502000046],[-5.711638616003822,43.37753835400009],[-5.711879672003815,43.37771546900008],[-5.712409150003797,43.37788652300003]],[[-5.713535855003856,43.37587956300007],[-5.713338633003858,43.37603540000004],[-5.713629773003863,43.376139877000085],[-5.713645917003834,43.37600999200004],[-5.713535855003856,43.37587956300007]]],[[[-5.704807535003723,43.37890945200009],[-5.704810768003753,43.37818288400007],[-5.705792841003751,43.37847581200003],[-5.705367937003747,43.379130270000076],[-5.705055577003734,43.37925688900004],[-5.704807535003723,43.37890945200009]]],[[[-5.725233365003953,43.37286309100007],[-5.725308272003953,43.37291209900008],[-5.726252169003977,43.374096596000086],[-5.725895815003953,43.373955982000055],[-5.725313282003949,43.37341784800004],[-5.725136303003944,43.372978745000076],[-5.725233365003953,43.37286309100007]]],[[[-5.726744128003967,43.37391727000006],[-5.726617897003941,43.37404140000009],[-5.726400847003993,43.37398480500009],[-5.7254531560039625,43.37280101000004],[-5.725636758003957,43.372427026000025],[-5.72556143600397,43.37227163300003],[-5.725630553003981,43.37226151100004],[-5.725915576003987,43.371293867000084],[-5.725845421003983,43.37097331600007],[-5.7256217390039685,43.37074968300005],[-5.725805708003949,43.370705633000064],[-5.725737889003968,43.37033714600006],[-5.7259533320039715,43.37009898300005],[-5.725935888003992,43.36978426700006],[-5.726246429003973,43.36919564700003],[-5.727012837003984,43.36891922200006],[-5.727138051003965,43.36875576100005],[-5.726776063003953,43.36799392200005],[-5.726847491003967,43.368190504000054],[-5.726785132003996,43.368286593000064],[-5.7265649940039625,43.36796454000007],[-5.726177399003951,43.367805944000054],[-5.725998108003954,43.36758934200003],[-5.725952503003986,43.36726079700004],[-5.7260925370039555,43.36703952500006],[-5.726113522003951,43.36670272000005],[-5.725654150003978,43.366321464000066],[-5.7254494550039405,43.36593736600003],[-5.72545083000395,43.36570144800005],[-5.72564125900394,43.36547378600007],[-5.725629074003937,43.365033630000035],[-5.725297223003936,43.36443881600009],[-5.7255068960039655,43.364078571000064],[-5.725263812003988,43.36391644000003],[-5.724925088003968,43.36322716200005],[-5.725171014003961,43.36323892500009],[-5.7253891570039475,43.363074130000044],[-5.725525039003944,43.36310133900004],[-5.725754031003965,43.36302151900003],[-5.725933689003945,43.362770838000074],[-5.726212118003996,43.362895538000046],[-5.725615941003954,43.36339023100004],[-5.725491970003961,43.36360288600009],[-5.725776940003958,43.36403406400007],[-5.725707683003951,43.364542405000066],[-5.725949256003993,43.364905178000086],[-5.726035870003989,43.36553985200005],[-5.725862470003994,43.36614868700009],[-5.726054296003987,43.366382128000076],[-5.726375595003996,43.366487188000065],[-5.7265616010039775,43.366663760000066],[-5.726609923003974,43.367091226000085],[-5.726504207003967,43.36754753600008],[-5.726942234004,43.36784499400006],[-5.727418615004004,43.36837659100008],[-5.727458308003966,43.36856911700005],[-5.727271880003959,43.3691258790001],[-5.7268080080039985,43.36936241400008],[-5.726488675003944,43.369435912000036],[-5.726382063003976,43.36966684900006],[-5.726377083003947,43.370443840000064],[-5.726029406003963,43.37129422400006],[-5.726214581003977,43.37182295600008],[-5.726299127003961,43.37252705700008],[-5.72653181900396,43.37276100100008],[-5.726223133003974,43.372787999000025],[-5.726149166003982,43.373079816000036],[-5.7262724330039765,43.37321417500004],[-5.72627052000397,43.37335911900005],[-5.726999150003946,43.37320025600008],[-5.72753333600399,43.37461515700006],[-5.727291485003989,43.37456689300007],[-5.727045725003947,43.37419398200008],[-5.726818326003961,43.37409778600006],[-5.726744128003967,43.37391727000006]]],[[[-5.777713232004513,43.38019956000006],[-5.776426814004491,43.37999259200007],[-5.776131198004529,43.37974103200005],[-5.775839853004531,43.37966104800008],[-5.775767237004519,43.37939566600006],[-5.775492374004501,43.37944777600008],[-5.775383495004517,43.37936746000004],[-5.77556752000453,43.37914739100006],[-5.775607172004528,43.37892979100009],[-5.775419235004505,43.37872649500008],[-5.775565602004522,43.37872024700006],[-5.775580290004486,43.37864545200007],[-5.775404735004486,43.378626227000055],[-5.775338961004477,43.37852920600007],[-5.775460438004473,43.378210854000045],[-5.775303724004515,43.37770501800004],[-5.774539972004496,43.377198533000076],[-5.774150633004511,43.377107691000056],[-5.773827602004457,43.37693672500008],[-5.773838354004494,43.37683560000006],[-5.772836436004496,43.3774497250001],[-5.771711981004458,43.37765010200009],[-5.771599679004466,43.37779244100007],[-5.771007822004442,43.37812020000009],[-5.770621306004445,43.37815896800005],[-5.770280575004446,43.37836456000009],[-5.770070685004435,43.37797609400009],[-5.769873220004448,43.37788096700008],[-5.770205619004454,43.37786828600009],[-5.770082847004456,43.37775586900007],[-5.770211821004462,43.37771622300005],[-5.770192923004457,43.37759076800007],[-5.769866816004416,43.37761929300008],[-5.769501576004405,43.37746773700008],[-5.769395655004404,43.37734832800005],[-5.768607143004411,43.37733418600005],[-5.766902063004426,43.377155316000035],[-5.765973776004394,43.37689441400007],[-5.765761290004382,43.37675600400008],[-5.765624041004402,43.37686831100008],[-5.765668209004391,43.376681263000094],[-5.765480506004395,43.37672939100003],[-5.764921451004392,43.37643542500008],[-5.764536340004374,43.37641957000005],[-5.764119665004371,43.37655625900004],[-5.764082282004368,43.37639557100006],[-5.763633282004359,43.37631224100006],[-5.763598392004362,43.376238877000056],[-5.763188309004338,43.376344618000076],[-5.762870654004331,43.376204206000075],[-5.7620902790043464,43.376342420000086],[-5.761947362004338,43.37656456400004],[-5.761738595004334,43.376590989000086],[-5.7616435380043205,43.37708106600008],[-5.761369272004356,43.37734889600006],[-5.760737357004306,43.37751329100008],[-5.760090013004341,43.377395596000056],[-5.759711332004308,43.37750374700006],[-5.7596192050043475,43.37768271500006],[-5.759205158004293,43.377724152000056],[-5.759019508004299,43.377896267000054],[-5.7588880840043375,43.3782452120001],[-5.759008257004309,43.378976372000075],[-5.758812681004295,43.37915137900007],[-5.758984352004331,43.379387181000034],[-5.758938157004294,43.37948817300005],[-5.757845474004312,43.380183997000096],[-5.75728569600428,43.380381266000036],[-5.756261784004276,43.38048273900007],[-5.756541932004281,43.38031886100004],[-5.756102795004276,43.37999920900007],[-5.755839164004278,43.379604085000054],[-5.7562517110042775,43.379215919000046],[-5.755872063004296,43.379042649000056],[-5.755289008004296,43.37911869200009],[-5.7553464700042705,43.37888589500006],[-5.755181945004266,43.3790576310001],[-5.7551519000042495,43.37895433800005],[-5.754942086004288,43.37888159900007],[-5.754409530004286,43.37814272300006],[-5.754279098004236,43.377826164000055],[-5.7540562840042515,43.377767064000075],[-5.754008690004285,43.37753531300007],[-5.753674646004282,43.37716690800007],[-5.7533223340042605,43.376553600000086],[-5.752912696004248,43.37629195600006],[-5.752396820004234,43.37555328800005],[-5.751959926004211,43.37511285600004],[-5.751834732004248,43.37470640900007],[-5.751562179004242,43.374681949000056],[-5.75111309000421,43.37487147500008],[-5.750922085004231,43.37488024000006],[-5.750847638004198,43.37470163700005],[-5.7510018190042285,43.37450114700005],[-5.751015384004246,43.37427086600009],[-5.750489504004242,43.37393621000007],[-5.749909351004192,43.373889241000036],[-5.747656862004167,43.37400173300006],[-5.747329612004167,43.37369412400006],[-5.74731509700419,43.37339377800005],[-5.747122147004206,43.37335604200008],[-5.74693195700419,43.373486099000054],[-5.7468489280041934,43.373216355000075],[-5.746578140004169,43.37305662700005],[-5.7462586260041535,43.372615932000045],[-5.7457837870041555,43.372576743000025],[-5.745518892004167,43.37238167100003],[-5.74410422800417,43.372187267000086],[-5.743541734004158,43.37200151000009],[-5.742567100004161,43.37189226200009],[-5.742514905004135,43.37196169100008],[-5.741974310004112,43.371934309000046],[-5.741769259004143,43.37204399500008],[-5.7407571500041445,43.37183125700006],[-5.740342427004134,43.372248157000065],[-5.740392898004086,43.37261263000005],[-5.739311603004125,43.374086443000074],[-5.738114289004089,43.37474527000007],[-5.737578973004057,43.37485317600005],[-5.737745585004104,43.37494450700008],[-5.737488380004075,43.37513016900005],[-5.7373525390041005,43.375772491000106],[-5.737235178004061,43.37590482400005],[-5.736659740004058,43.37609078500005],[-5.735889220004045,43.37600961200009],[-5.735428413004073,43.376208541000054],[-5.73497514900408,43.37616800400009],[-5.734650268004039,43.37569405700004],[-5.734048641004053,43.375545228000085],[-5.734496564004023,43.375486805000044],[-5.734482828004054,43.375399280000074],[-5.734331577004075,43.37535439200009],[-5.734024901004034,43.37542707000005],[-5.732461081004017,43.375432721000045],[-5.731739853004034,43.37554591500004],[-5.730975785004003,43.37557022200008],[-5.730573767004009,43.37599832400009],[-5.730405463004008,43.37631897900008],[-5.730251340003992,43.37633146900005],[-5.729128526003995,43.375627096000095],[-5.728755838003965,43.37544357700007],[-5.728794581003969,43.37555685500008],[-5.728723285003982,43.375560035000056],[-5.72844241100398,43.37536776100008],[-5.728515279004,43.37527020600005],[-5.728022257003993,43.37484586000006],[-5.72778781500397,43.374522664000054],[-5.727171977003977,43.37317200200005],[-5.727371880003989,43.37304584100009],[-5.728453718004004,43.373179887000056],[-5.730067180003988,43.37298067600007],[-5.730431345003999,43.372856288000044],[-5.731584475004046,43.37283073000004],[-5.733165039004056,43.37257796800003],[-5.735207064004058,43.37247296800008],[-5.73637783300407,43.37221752400008],[-5.736671698004074,43.37207481500008],[-5.736757070004077,43.37197749100006],[-5.7367617770040935,43.37166996800006],[-5.73640371500406,43.37113957300007],[-5.736697960004082,43.370642166000046],[-5.736737992004098,43.37027273600007],[-5.736892679004063,43.37014491800007],[-5.737320437004069,43.37005012400006],[-5.737781074004077,43.369821891000086],[-5.738203090004096,43.369302938000054],[-5.738352191004075,43.36902496100005],[-5.738296601004087,43.36892819600007],[-5.73871378200408,43.368504811000044],[-5.738716956004107,43.368215610000064],[-5.738443029004081,43.367687480000036],[-5.738473208004103,43.367427162000084],[-5.738835735004101,43.366777164000055],[-5.738857604004125,43.36614560900007],[-5.738673252004103,43.36565753300006],[-5.7390422440041124,43.36434567400006],[-5.739425332004096,43.36391922000009],[-5.739500852004091,43.36366456800007],[-5.739758285004096,43.363773818000034],[-5.739533386004105,43.36392784700006],[-5.739474860004129,43.36412022000008],[-5.73912522200408,43.36451318800004],[-5.739150809004118,43.36466013100006],[-5.738977122004089,43.36479407800005],[-5.73897836600412,43.36542068900008],[-5.738823791004108,43.36560880300006],[-5.738912996004103,43.366006255000066],[-5.739046249004106,43.366168156000086],[-5.739099614004089,43.36668487600009],[-5.738979924004128,43.36723219600004],[-5.738736265004091,43.36765168600006],[-5.738998155004083,43.36827797900004],[-5.738969951004093,43.36854583400004],[-5.738466294004119,43.36947319800004],[-5.738183055004118,43.369800410000046],[-5.737642339004067,43.37022062000007],[-5.737182125004075,43.37035229700007],[-5.736971237004104,43.37061873800008],[-5.736823266004055,43.370874032000074],[-5.736751757004103,43.371330608000065],[-5.736868115004062,43.37147229600005],[-5.737184487004108,43.37150691400008],[-5.73832661600408,43.371388571000075],[-5.738442120004087,43.371446561000035],[-5.7391615150041275,43.37131843200008],[-5.740233024004123,43.37090991500004],[-5.740460316004103,43.37095849400005],[-5.740408361004099,43.37083363600005],[-5.740518722004097,43.37068261700006],[-5.740704014004124,43.370715369000045],[-5.74092152200412,43.37062752800008],[-5.741225894004139,43.370808344000075],[-5.742053884004151,43.37102280700004],[-5.743310394004128,43.37095124000008],[-5.744008964004133,43.371122407000044],[-5.744945751004143,43.37117330000007],[-5.746321496004177,43.371375607000076],[-5.747748340004172,43.371683046000065],[-5.748076245004181,43.37166686800005],[-5.748746859004187,43.372222767000046],[-5.748993329004228,43.372299509000094],[-5.750530261004211,43.37229005400008],[-5.751973097004249,43.37208737200007],[-5.753312497004271,43.372657774000075],[-5.753470260004275,43.37284852000007],[-5.753477214004232,43.37304281700007],[-5.753306594004282,43.37322251400009],[-5.752353591004265,43.37361176100007],[-5.752238606004225,43.37374666500007],[-5.75241726000425,43.37390405200007],[-5.752887383004269,43.37400613400008],[-5.753693057004269,43.37393142800007],[-5.7528446740042565,43.37519105100008],[-5.752913491004254,43.375547808000086],[-5.752980787004253,43.37552427400006],[-5.7530263470042415,43.37562821600005],[-5.753013353004269,43.37519067000005],[-5.753113471004248,43.37498195100006],[-5.753381844004233,43.37466004800009],[-5.753601512004235,43.37459290300007],[-5.753623638004268,43.374344359000084],[-5.753889599004241,43.37400239700003],[-5.754883831004291,43.373584117000085],[-5.755237149004304,43.37353937700005],[-5.755465274004284,43.37366486800007],[-5.755639770004284,43.37360194000007],[-5.755710679004274,43.37368215400004],[-5.755818270004293,43.37352922400005],[-5.756719471004279,43.373403638000084],[-5.757611417004313,43.37307285400006],[-5.758240243004288,43.37324585400007],[-5.759225601004334,43.373312375000076],[-5.759528382004297,43.373407715000056],[-5.759534756004305,43.37357250900004],[-5.760238760004315,43.373537307000056],[-5.7603373640043305,43.37365621200008],[-5.760516961004332,43.37357460200008],[-5.760542611004332,43.37333039900006],[-5.7606619450043635,43.37347485100004],[-5.760828769004328,43.373502764000094],[-5.761864935004345,43.373229774000045],[-5.761736307004373,43.37333776300006],[-5.761154629004362,43.37344904700007],[-5.760664319004325,43.37365144000009],[-5.7608728400043185,43.37366966800006],[-5.761504427004369,43.374329312000064],[-5.761834410004343,43.37427151400004],[-5.761713558004335,43.37399303700007],[-5.761509446004325,43.37399698100008],[-5.7616730110043655,43.373882884000075],[-5.76212529200435,43.374301114000076],[-5.762653450004364,43.37441416400005],[-5.763296801004379,43.37410327500004],[-5.7633626490043435,43.373798645000086],[-5.763831865004347,43.37364918400005],[-5.763952522004374,43.37352976900008],[-5.763355303004381,43.37344272000008],[-5.763797962004373,43.37340145300006],[-5.762310158004335,43.373283450000045],[-5.762223050004331,43.373175427000035],[-5.762020606004363,43.37317264200006],[-5.76190065900433,43.37305063000009],[-5.761918322004327,43.372690143000064],[-5.7612540960043495,43.37232860200005],[-5.761187661004341,43.37216287900004],[-5.761292656004357,43.371858179000085],[-5.7615902180043745,43.371573401000056],[-5.76201444300434,43.37154298900005],[-5.76234946900436,43.37163748100006],[-5.762684002004363,43.37138083300004],[-5.762634572004374,43.371245687000055],[-5.762487101004381,43.37127936800005],[-5.762589702004362,43.37116684200005],[-5.763051651004365,43.37109810800008],[-5.763434860004375,43.37091445100004],[-5.764495360004383,43.37082143300005],[-5.764685035004385,43.37072457800008],[-5.764783758004395,43.37004245800007],[-5.7646888170044095,43.369676422000076],[-5.764954429004375,43.36895067200005],[-5.764653002004359,43.36874153000009],[-5.764559363004362,43.36835950600007],[-5.76495327200439,43.368109227000055],[-5.764954398004363,43.36786130900004],[-5.765256509004364,43.36756503000005],[-5.765313033004366,43.36731126000008],[-5.765047904004407,43.36694083300007],[-5.7651624220043844,43.36616500900006],[-5.765095344004411,43.366064756000085],[-5.764817744004404,43.366001121000075],[-5.764955402004378,43.365624561000075],[-5.7652943950043944,43.36557749400004],[-5.765356996004421,43.36696572600005],[-5.765572376004408,43.36723222500007],[-5.765525629004407,43.367427591000094],[-5.765603103004375,43.36759616600007],[-5.76523396000437,43.36837182500006],[-5.765446850004371,43.36871486300004],[-5.7653189860043925,43.369033991000045],[-5.765464144004404,43.36987532500008],[-5.765435500004404,43.37029951300008],[-5.7658744910044195,43.37062180900006],[-5.766151141004412,43.37067212700004],[-5.766339282004383,43.37053473000006],[-5.766568255004374,43.370544146000064],[-5.766866863004414,43.370336170000044],[-5.767318017004438,43.37027603800006],[-5.767406231004399,43.37060169700006],[-5.767629352004434,43.37051115100008],[-5.767713382004416,43.37072458900009],[-5.767503135004433,43.37083271600007],[-5.767580267004434,43.370938471000045],[-5.767729451004443,43.370942433000046],[-5.767845697004392,43.37074708100005],[-5.768177121004421,43.37059528300007],[-5.768227827004445,43.37043209400009],[-5.768654630004433,43.370312719000054],[-5.768997378004416,43.37000075200008],[-5.769384925004425,43.369915162000055],[-5.769580863004414,43.36972888700007],[-5.7699151960044315,43.36957768200006],[-5.770394185004425,43.369678259000075],[-5.770545557004429,43.36991857000006],[-5.770492096004436,43.37046608500003],[-5.770792770004455,43.37123152200008],[-5.770609183004472,43.37140156400006],[-5.7705687120044376,43.37171474000008],[-5.770604709004436,43.37190800300006],[-5.770839983004472,43.37219533600007],[-5.771338150004467,43.37238493900006],[-5.771497422004431,43.37257202900004],[-5.772015285004462,43.37251346600005],[-5.772190171004491,43.37262026200007],[-5.772906145004501,43.37277310200007],[-5.7764134520044905,43.37544850700006],[-5.776003633004514,43.37590457400007],[-5.77604437100451,43.37619225600009],[-5.775905039004505,43.376246847000075],[-5.776056993004496,43.376548099000054],[-5.7759726130045195,43.37660918800003],[-5.775816139004525,43.37658901200008],[-5.775717729004501,43.37683803900007],[-5.7760881850044905,43.37681903700008],[-5.776087820004486,43.37664736800009],[-5.776201976004482,43.37658549200006],[-5.776942248004519,43.37696578900005],[-5.777688168004514,43.377219277000066],[-5.7788812760045225,43.38035417800007],[-5.778017970004527,43.380384475000035],[-5.777713232004513,43.38019956000006]],[[-5.735470837004088,43.37549517400004],[-5.735581300004089,43.375572271000074],[-5.735948883004048,43.37536490800005],[-5.735705841004079,43.37535222500004],[-5.735470837004088,43.37549517400004]],[[-5.737006754004061,43.37213850300004],[-5.7370305250040925,43.37233377600007],[-5.736809232004052,43.37237516700003],[-5.73720030200409,43.37246922900006],[-5.7372722310040905,43.37240935500006],[-5.737006754004061,43.37213850300004]],[[-5.737669518004094,43.371793100000055],[-5.737278784004084,43.37181677900004],[-5.737206362004067,43.37192938100003],[-5.7372844500040765,43.372065310000046],[-5.737498413004101,43.372126614000095],[-5.737669518004094,43.371793100000055]],[[-5.737479278004098,43.372181702000034],[-5.737236078004095,43.37220035200007],[-5.737411276004062,43.372400941000095],[-5.737479278004098,43.372181702000034]],[[-5.758130001004281,43.37698380600007],[-5.758595980004296,43.37698189300006],[-5.758414978004317,43.37690204400008],[-5.758593494004327,43.376814578000065],[-5.758760585004307,43.376979676000076],[-5.758959902004319,43.37697077500008],[-5.75908645600434,43.37709954700008],[-5.75935354600431,43.37690419000008],[-5.758897519004321,43.37648408600008],[-5.758675012004328,43.37640860300009],[-5.758336092004336,43.37659953400003],[-5.758140533004313,43.376846531000076],[-5.758130001004281,43.37698380600007]],[[-5.758470421004328,43.374516488000054],[-5.758531354004314,43.37440829400004],[-5.758571867004303,43.37445781400006],[-5.759826082004333,43.37396422000006],[-5.760395701004317,43.37438935300004],[-5.761059740004338,43.374449107000046],[-5.761215790004324,43.37434252100009],[-5.760908229004322,43.37384071600009],[-5.760646529004309,43.37373311100005],[-5.75938427700435,43.37398301000008],[-5.758689311004315,43.37429141000008],[-5.758635069004339,43.37438852100007],[-5.758530317004309,43.37437927300006],[-5.758470421004328,43.374516488000054]],[[-5.764663428004377,43.37147874400007],[-5.7644932650043685,43.371569431000076],[-5.764581914004389,43.37189111800007],[-5.764750728004395,43.37174151400007],[-5.764663428004377,43.37147874400007]],[[-5.7650986710044085,43.37216953400011],[-5.765085485004362,43.37203333000008],[-5.764780145004404,43.37189898800007],[-5.764606087004375,43.372051379000055],[-5.764557346004373,43.37233746500005],[-5.764749066004409,43.37245807500006],[-5.7649248560043675,43.37246796000006],[-5.764924194004376,43.37232040400005],[-5.7650986710044085,43.37216953400011]],[[-5.765198071004363,43.37293361800006],[-5.765037579004399,43.372678751000095],[-5.76472395100438,43.37256725500004],[-5.764679021004377,43.37276088500005],[-5.764761771004367,43.37286454100008],[-5.764899826004405,43.37294444000003],[-5.765198071004363,43.37293361800006]],[[-5.7650357030044,43.372330840000075],[-5.765244674004407,43.372663966000076],[-5.765326851004375,43.37256070900004],[-5.765233181004363,43.37240281500006],[-5.7653290580044,43.372233789000084],[-5.765225935004366,43.37217675800008],[-5.7650357030044,43.372330840000075]],[[-5.774178745004505,43.37689255600004],[-5.774096776004499,43.37687943600009],[-5.774066340004467,43.37696654100007],[-5.77422240100451,43.377053674000095],[-5.774178745004505,43.37689255600004]]]]}},{"type":"Feature","properties":{"zona":"ES018-AST-34-1","rio":"R\u00edo Nora \\ R\u00edo Nore\u00f1a"},"geometry":{"type":"MultiPolygon","coordinates":[[[[-5.782679540004546,43.43272914200004],[-5.7827042420045665,43.43201921600008],[-5.782388655004573,43.43156882900009],[-5.782214184004535,43.431459950000054],[-5.782338642004552,43.43122957800006],[-5.782255706004539,43.43084609700004],[-5.782352220004547,43.43022851100006],[-5.782564963004569,43.42977643600007],[-5.782102937004529,43.4284625540001],[-5.781650362004527,43.427822539000054],[-5.781071849004527,43.42749707200006],[-5.780199138004519,43.426684764000086],[-5.779949688004503,43.4266233800001],[-5.77966793600452,43.42665361300006],[-5.779127375004534,43.42717894000004],[-5.778989743004513,43.42710580000006],[-5.778911211004537,43.42693559800007],[-5.7794822510045,43.42628332100003],[-5.779604354004524,43.425958469000086],[-5.779429433004528,43.42561496100008],[-5.779122998004497,43.42532393400007],[-5.778838803004489,43.424556750000086],[-5.779147036004489,43.424016264000045],[-5.779082599004498,43.42254184300003],[-5.779283477004545,43.42228698200007],[-5.779406854004511,43.42159804600005],[-5.779703335004537,43.42122524900003],[-5.780101688004521,43.420957589000075],[-5.780300692004548,43.420582268000054],[-5.780465645004516,43.42057585600004],[-5.781021140004538,43.42006916400005],[-5.781605816004562,43.41994778800006],[-5.782275214004583,43.4192943240001],[-5.782791676004541,43.419014415000056],[-5.783121967004558,43.41861606800008],[-5.78372124800457,43.418126527000034],[-5.783997395004595,43.41771806000004],[-5.784078195004574,43.41700396000006],[-5.783691235004555,43.41657734300005],[-5.783562480004563,43.41617600200006],[-5.783599293004572,43.41602002100008],[-5.783238315004564,43.41503631800004],[-5.783323682004563,43.414893988000074],[-5.783060492004561,43.41414151300007],[-5.782754569004574,43.41377943000004],[-5.782817900004552,43.413649187000054],[-5.782665497004537,43.41337746700004],[-5.782729865004576,43.413045917000055],[-5.782661993004586,43.412832313000095],[-5.782135261004555,43.412253930000084],[-5.782258879004533,43.41179777700007],[-5.78252994200455,43.41141083700007],[-5.782900984004594,43.41131465500007],[-5.783133137004554,43.411436337000055],[-5.783223848004596,43.41140013400009],[-5.783061313004578,43.411209450000065],[-5.783010936004542,43.41095112500007],[-5.782335537004545,43.41054732000004],[-5.781857009004568,43.40996590500005],[-5.78199413400455,43.40948488600005],[-5.782516768004546,43.40923360600006],[-5.782825506004552,43.408887590000084],[-5.783568733004605,43.408504674000035],[-5.784148675004556,43.40801843800006],[-5.783971320004606,43.407727370000025],[-5.784075862004581,43.40725200300005],[-5.783875175004565,43.40665244100007],[-5.783592227004553,43.40634568600007],[-5.783496642004556,43.4056619770001],[-5.783248391004595,43.40549216100005],[-5.782709446004571,43.40551036800007],[-5.783148153004578,43.40524482300005],[-5.783207985004555,43.40510260000009],[-5.78294864100458,43.40461865700007],[-5.78267746900458,43.40439214500004],[-5.782668983004568,43.40409716600006],[-5.781831272004585,43.40425199000005],[-5.7809967630045564,43.40464626600006],[-5.77967353900451,43.40475142100007],[-5.779083150004536,43.40464718000005],[-5.778202752004534,43.40478904900005],[-5.777453992004504,43.40456283500005],[-5.777462186004535,43.40444625600004],[-5.777004804004494,43.40454742500005],[-5.776716382004509,43.40444622400005],[-5.776246918004512,43.404430923000085],[-5.775993335004491,43.40428363600007],[-5.775806450004485,43.40430955800009],[-5.775737202004495,43.4044028800001],[-5.775382648004479,43.40426081200009],[-5.775107556004496,43.40428693600008],[-5.774482610004472,43.404454073000075],[-5.774139805004465,43.40433465000008],[-5.77373241400445,43.404372414000086],[-5.7732776790044396,43.404295550000036],[-5.772508186004424,43.40394026100006],[-5.772514495004437,43.40379719900007],[-5.771972076004434,43.403276347000045],[-5.77167506800447,43.40320950200006],[-5.7713769660044205,43.40331434100006],[-5.771681766004463,43.40301019900006],[-5.771654347004471,43.40284557100007],[-5.771306428004432,43.40222604500008],[-5.770806277004444,43.40196176700005],[-5.770764922004435,43.40171788000005],[-5.77064644100442,43.40162806700006],[-5.770768793004426,43.40155626600007],[-5.77057665100442,43.40109212400007],[-5.770391828004435,43.4009193410001],[-5.770088408004409,43.40079175400008],[-5.769926754004397,43.40082088500003],[-5.769670377004422,43.4010491540001],[-5.76962954300442,43.401277115000035],[-5.769431160004419,43.40136343400008],[-5.769226348004423,43.40167388200009],[-5.769097384004426,43.401311257000046],[-5.7692095990044265,43.40120097500005],[-5.769181121004438,43.40097726100005],[-5.7689109340044205,43.40116968300004],[-5.768789566004411,43.40166764200008],[-5.768732902004411,43.40149796100008],[-5.76845878800443,43.40146292300006],[-5.768305356004381,43.40095352500005],[-5.768048229004381,43.40093016500004],[-5.768105190004421,43.40077171700006],[-5.767866407004377,43.400581744000085],[-5.767153720004393,43.40077926900006],[-5.766768530004414,43.40105605700009],[-5.766383436004386,43.401183966000076],[-5.766107445004359,43.401372867000084],[-5.765565044004392,43.40120838900003],[-5.765218052004384,43.401263986000075],[-5.7651129860043815,43.39895591300007],[-5.766054415004356,43.39880805300004],[-5.766211576004363,43.398694401000064],[-5.766469260004385,43.398647304000086],[-5.7668005000043685,43.39834256400008],[-5.767267535004416,43.39823192800003],[-5.767418956004418,43.39802402000005],[-5.767953299004391,43.39796214700005],[-5.768203893004416,43.397786769000064],[-5.7691596990044065,43.39770308500006],[-5.769029377004444,43.398234230000085],[-5.769344733004436,43.398035045000036],[-5.769746736004415,43.39808047400005],[-5.769472899004404,43.39781453700005],[-5.769579151004429,43.39779707500004],[-5.770061704004416,43.39794719400005],[-5.77030762200444,43.398145386000074],[-5.770553612004437,43.39813158200006],[-5.770413326004404,43.398226383000086],[-5.769748506004399,43.398129879000074],[-5.7697359420044245,43.398221554000045],[-5.770151405004455,43.39846988400008],[-5.7704383650044395,43.39843306100005],[-5.770650895004442,43.39853834600008],[-5.770774156004442,43.39849346300009],[-5.771274532004439,43.39854907400008],[-5.7713782160044484,43.398599285000046],[-5.771360962004448,43.39870396800006],[-5.771595839004419,43.3986194170001],[-5.771766195004435,43.39879407000008],[-5.772487439004476,43.39875372500007],[-5.7732129010044755,43.39889919600007],[-5.773665579004469,43.39929375900006],[-5.773911776004496,43.39938140000005],[-5.774224287004503,43.39962979300004],[-5.774371765004479,43.39964859300006],[-5.774503595004466,43.399847473000094],[-5.774789226004468,43.39989011100006],[-5.774841580004457,43.40002346200006],[-5.775146080004489,43.400159953000085],[-5.775261759004465,43.40011632700005],[-5.775442373004512,43.40026599500006],[-5.775643412004503,43.40028838800006],[-5.7757709200044935,43.400221228000085],[-5.776132781004486,43.40036854900007],[-5.77618229400451,43.400306915000066],[-5.776249903004494,43.40038827600007],[-5.776587887004497,43.400430446000044],[-5.776740993004524,43.400559081000054],[-5.776722157004487,43.40067990900009],[-5.77706445800448,43.40086541000005],[-5.7772092390045,43.40086709600009],[-5.777339892004487,43.40071365100007],[-5.7775964010044865,43.400777611000095],[-5.777380363004519,43.40081970000006],[-5.777421667004498,43.400938676000074],[-5.778333008004515,43.40094090300004],[-5.779010722004528,43.40082378600006],[-5.77933922000452,43.40087462900006],[-5.779792163004552,43.40083700900005],[-5.7801036450045284,43.40069938400008],[-5.780497899004547,43.40073465400008],[-5.780656924004565,43.40084992200009],[-5.781029908004536,43.40088001500004],[-5.7811142560045665,43.40096991700007],[-5.781367990004582,43.40090135000005],[-5.781866034004569,43.40095501300006],[-5.782161609004568,43.400799353000025],[-5.7822491220045515,43.40098573200005],[-5.782411992004551,43.40094979500003],[-5.782341194004584,43.401062459000066],[-5.782427056004576,43.40128994000005],[-5.782657966004549,43.401336473000086],[-5.782464875004575,43.40165365500009],[-5.782318955004548,43.40173661800003],[-5.78233054900455,43.402195064000075],[-5.782084343004562,43.40246406500005],[-5.782130190004586,43.402581446000056],[-5.7824280270045945,43.40266964800005],[-5.782398810004575,43.40274573300009],[-5.782529632004593,43.40280776700008],[-5.782303873004544,43.40281424900009],[-5.782042225004552,43.402620452000086],[-5.781975388004588,43.402762000000074],[-5.782090907004552,43.40297645300008],[-5.782442472004571,43.40312953900009],[-5.784082731004589,43.403174534000094],[-5.78437771000458,43.403293541000046],[-5.784666547004612,43.40327894000007],[-5.784922490004573,43.403001251000056],[-5.784468472004594,43.40262338600008],[-5.78446703300458,43.40252791600006],[-5.784658198004571,43.40275106200006],[-5.7848790770046135,43.402883388000085],[-5.784630404004567,43.402652414000066],[-5.78442222100458,43.40220647700006],[-5.784893949004623,43.40234720100006],[-5.784879217004612,43.40218733800006],[-5.784650876004584,43.40199771400007],[-5.7847871020045805,43.40205931600009],[-5.784921295004591,43.40197007800005],[-5.785196466004591,43.40225255600007],[-5.785382824004602,43.402190738000066],[-5.785456230004615,43.40199913500004],[-5.78565010300462,43.40190853400004],[-5.785875588004607,43.40201303900005],[-5.786257408004586,43.402008826000056],[-5.786426066004595,43.40209772000005],[-5.787485370004629,43.40324388300009],[-5.788243184004634,43.40336378600006],[-5.7884686100046245,43.40322109700005],[-5.78867416600465,43.402919669000035],[-5.789007521004664,43.40279405500008],[-5.788892136004651,43.40260700100005],[-5.78900717500463,43.402442719000106],[-5.788683352004651,43.402289066000044],[-5.788331743004641,43.402478945000055],[-5.788028803004655,43.40248537900006],[-5.787774348004649,43.40227836900005],[-5.78774532000462,43.402154183000064],[-5.788030448004652,43.40195606200009],[-5.78855484800462,43.40198822100007],[-5.788741828004644,43.40191034700008],[-5.788732987004633,43.40213703100005],[-5.788979440004625,43.40221870100005],[-5.789068346004658,43.40211332400005],[-5.789112753004621,43.402243925000064],[-5.7892878900046645,43.40228345200008],[-5.789287003004665,43.40241980400005],[-5.789432334004664,43.40245688400008],[-5.789216022004642,43.40275271600008],[-5.789436766004634,43.40304153600005],[-5.789366888004657,43.40308804700004],[-5.7894322530046685,43.403238112000075],[-5.789097667004655,43.40352657900009],[-5.789020028004615,43.404057394000084],[-5.788817794004642,43.40416670600007],[-5.788740980004629,43.404451460000075],[-5.788997199004626,43.404692105000045],[-5.788978597004615,43.40501721600004],[-5.789557958004628,43.40509067100006],[-5.789867348004673,43.405440833000064],[-5.790207335004639,43.405502175000066],[-5.790314059004673,43.40564682500008],[-5.791333692004683,43.40549217500006],[-5.790954979004646,43.4060656440001],[-5.790871547004651,43.40640126300009],[-5.791707546004661,43.40679333400004],[-5.792056489004671,43.40687895400005],[-5.792368359004695,43.40730982400005],[-5.792760798004694,43.40906580400009],[-5.792696846004688,43.40921770000006],[-5.793062025004661,43.409820088000075],[-5.793104330004684,43.410308586000056],[-5.793291369004712,43.41058997000005],[-5.793186588004705,43.41083106300006],[-5.792820405004661,43.41074377500008],[-5.7919958650046555,43.41105041500004],[-5.791804188004677,43.41102441900007],[-5.791802695004664,43.41081558200007],[-5.791955443004671,43.410854916000076],[-5.792689416004704,43.41052417800007],[-5.7926718710046545,43.41040029400006],[-5.792464554004662,43.41024404600008],[-5.792588242004695,43.40999129300009],[-5.792315782004672,43.40981877900004],[-5.792270222004683,43.40958280700007],[-5.792370854004682,43.409309939000046],[-5.791769406004677,43.40995158300007],[-5.791705670004662,43.40995064200008],[-5.7918018310046495,43.40972446100006],[-5.791749677004648,43.409504914000095],[-5.791349665004642,43.40979240100007],[-5.790938304004661,43.40987584900007],[-5.790838493004676,43.410088368000075],[-5.790463288004658,43.41040990500006],[-5.790217767004645,43.410506837000085],[-5.789928210004669,43.41051356700008],[-5.7885249240046255,43.41034863500006],[-5.787972760004621,43.409912373000076],[-5.786809171004621,43.40974218800006],[-5.7863602140046115,43.40948136800007],[-5.7860457630046005,43.40917302900005],[-5.785735880004598,43.40908640500006],[-5.784862448004596,43.409139529000086],[-5.7845179430046025,43.40936092600004],[-5.784084238004563,43.411356275000074],[-5.783770589004594,43.41208816100005],[-5.78363248100455,43.41276691400003],[-5.783905076004564,43.413556679000095],[-5.78392233300459,43.413906870000076],[-5.784246695004607,43.41431499800008],[-5.7842391850045605,43.41460402800005],[-5.7846924930045995,43.41450395200009],[-5.784375719004597,43.41470533100006],[-5.78435638300456,43.41492726000008],[-5.7839835760045935,43.41524742300006],[-5.7839052480045625,43.41555464000005],[-5.784002656004552,43.41557036500007],[-5.784102125004573,43.41576170000009],[-5.7844055530045715,43.417233517000064],[-5.7847937170045896,43.41768977600005],[-5.784524824004588,43.41779213000006],[-5.784198245004596,43.41778549400006],[-5.784411427004581,43.41784800600004],[-5.784149617004593,43.41807062000004],[-5.784033366004584,43.41829876400006],[-5.783362694004563,43.418662002000076],[-5.7831231570045905,43.41887427000007],[-5.783146919004546,43.41912906000007],[-5.783558284004597,43.41929796600006],[-5.783579440004543,43.41939853800007],[-5.782846379004587,43.42027024600004],[-5.781970945004554,43.42093667400009],[-5.782000196004555,43.42135645000009],[-5.781785764004545,43.42097012300007],[-5.781823247004572,43.420648688000036],[-5.7815376330045645,43.42065610600011],[-5.781085230004561,43.420878824000056],[-5.78101892700452,43.42102903900007],[-5.780265382004504,43.421565681000075],[-5.780137215004543,43.421861957000054],[-5.7798708100045495,43.421921719000075],[-5.779778999004544,43.42224348200007],[-5.779881250004531,43.42244580100005],[-5.779731068004503,43.42249423100004],[-5.779663452004536,43.42263469600006],[-5.779654627004527,43.42355698000007],[-5.779727501004538,43.42371121300006],[-5.779238668004513,43.42436235900006],[-5.77932767100454,43.424626844000045],[-5.7795624500045255,43.42479945600008],[-5.779544704004498,43.425004246000064],[-5.779757037004536,43.42509950200009],[-5.779945323004508,43.42509342100005],[-5.780049864004551,43.42541142000007],[-5.780608112004503,43.426058033000075],[-5.780728190004514,43.426394823000074],[-5.780697267004517,43.42667378500006],[-5.780871323004511,43.42669610300005],[-5.782063298004564,43.42759845600007],[-5.782378720004539,43.42769160600007],[-5.782422626004568,43.42800659400007],[-5.782598424004559,43.42827653000007],[-5.782605573004556,43.42857667700009],[-5.783060990004572,43.42928416000009],[-5.782883421004555,43.43024462500007],[-5.782785781004576,43.43033493300005],[-5.78310823800456,43.430825133000056],[-5.782940585004551,43.43110221300004],[-5.783057614004577,43.431139326000064],[-5.78293590800456,43.431262487000026],[-5.782908716004555,43.431526747000106],[-5.783171015004542,43.43226242400004],[-5.783118372004538,43.432487166000065],[-5.783234362004579,43.432526349000064],[-5.783279355004539,43.43265631300006],[-5.783289481004546,43.43280976100006],[-5.783169142004567,43.43285206600009],[-5.783313539004556,43.43294160000007],[-5.78263875000453,43.43314643000009],[-5.782323903004558,43.43285180300008],[-5.782679540004546,43.43272914200004]],[[-5.7721942560044734,43.400368862000064],[-5.772267755004472,43.399991231000065],[-5.771862399004424,43.39978525000005],[-5.771838392004443,43.400064960000066],[-5.77201970200446,43.400187683000084],[-5.771912443004456,43.40033331900005],[-5.7721942560044734,43.400368862000064]],[[-5.772893322004465,43.401226516000065],[-5.773125650004448,43.40109915100005],[-5.7731748750044485,43.401046391000094],[-5.773034665004461,43.401018894000075],[-5.772641238004451,43.40116658700004],[-5.7726199330044325,43.40132743400006],[-5.7728994350044465,43.40149035800006],[-5.772959945004474,43.40140919200008],[-5.772893322004465,43.401226516000065]],[[-5.775860179004487,43.40150529100004],[-5.775534490004463,43.40165415600008],[-5.775518323004507,43.402012934000034],[-5.775778381004489,43.40204921100008],[-5.775931367004481,43.40198956100006],[-5.7759429240044735,43.40160712100004],[-5.775860179004487,43.40150529100004]],[[-5.792045099004674,43.40810286000005],[-5.792222334004698,43.409290169000045],[-5.792318529004668,43.408531820000064],[-5.792193039004651,43.40793769600004],[-5.79198431100469,43.407511057000086],[-5.792035079004683,43.407353202000095],[-5.7918168980047025,43.407292358000085],[-5.7913005710046805,43.40689339100006],[-5.790655242004665,43.40657707700008],[-5.790534200004675,43.40658113100007],[-5.79042177300464,43.40640039300008],[-5.790153682004628,43.406470737000085],[-5.790350988004647,43.40658481700009],[-5.789898135004629,43.40663869100008],[-5.789589279004623,43.406360168000056],[-5.7892365370046575,43.40582476700008],[-5.789383471004644,43.40638645200006],[-5.789129257004646,43.40646226800005],[-5.788839594004654,43.40594935800006],[-5.788875709004653,43.40688158400008],[-5.789758018004628,43.407662202000054],[-5.789841008004638,43.407616167000086],[-5.789430648004643,43.40708217800006],[-5.789679812004671,43.40702199500005],[-5.79015092500468,43.40746745200008],[-5.789887473004663,43.40698119800006],[-5.790022499004676,43.40676325100003],[-5.7909932380046545,43.40695097000004],[-5.791614694004695,43.40729844100009],[-5.791734161004686,43.40772165600005],[-5.792045099004674,43.40810286000005]]],[[[-5.777689855004524,43.37722371000008],[-5.778060088004538,43.377291536000044],[-5.7783256750045435,43.37725126200009],[-5.778639910004567,43.37735343300006],[-5.778712460004537,43.37768418600008],[-5.77937399800452,43.37839019600007],[-5.77993149500457,43.37956376600006],[-5.780153780004579,43.379726882000064],[-5.780097879004524,43.37983886600006],[-5.779643745004526,43.37991879200008],[-5.778907192004549,43.38034922700008],[-5.777689855004524,43.37722371000008]]],[[[-5.807095325004897,43.38724758700007],[-5.806468741004859,43.387264628000054],[-5.8052770110048275,43.38698152600007],[-5.804987944004842,43.38698779300007],[-5.804213892004834,43.38715262600006],[-5.804262363004848,43.38723717300009],[-5.8045328520048525,43.387267420000065],[-5.804315415004846,43.38736866700005],[-5.804236611004848,43.38762006000008],[-5.803842302004843,43.38739068100008],[-5.803853928004846,43.387150798000064],[-5.803418342004803,43.38696595200004],[-5.80307421800482,43.38716656100009],[-5.80271948600481,43.38717250100008],[-5.802908007004795,43.38749430900003],[-5.802426644004841,43.38735015800008],[-5.802242109004823,43.38739505200006],[-5.801884728004803,43.38717612000007],[-5.801839832004783,43.38691639900004],[-5.801532401004825,43.38702544400009],[-5.800811785004794,43.38678505200007],[-5.800240574004763,43.38691073800005],[-5.799894655004778,43.38649214100009],[-5.800465030004781,43.38584514500009],[-5.800363482004805,43.38555150300005],[-5.800099426004809,43.38524651400008],[-5.799149639004774,43.38465770900007],[-5.7987301730047855,43.38423510600008],[-5.797964088004768,43.38411669900007],[-5.79658629800476,43.38359085300006],[-5.7964211220047615,43.383599802000056],[-5.7965131550047495,43.38380957500006],[-5.796381325004762,43.38372388800009],[-5.796108829004722,43.383756678000054],[-5.795691684004742,43.383692258000046],[-5.795253568004742,43.383838211000075],[-5.7945484790047255,43.384441685000084],[-5.794406163004727,43.38448214200008],[-5.794280683004718,43.384779788000074],[-5.793564642004735,43.385224044000054],[-5.791778968004695,43.38524890900005],[-5.789661238004661,43.384686553000066],[-5.788652227004642,43.38397947800008],[-5.788524215004635,43.38335627400005],[-5.787994104004641,43.38223993200007],[-5.78758968600462,43.38197306200006],[-5.786827837004654,43.38187278200008],[-5.786759836004609,43.38158770100008],[-5.7865138730046075,43.381359384000085],[-5.786379603004616,43.38140546800005],[-5.786130581004621,43.38134180100009],[-5.786007623004602,43.38117547700008],[-5.7859976680046055,43.38131705000007],[-5.785887083004646,43.381330671000065],[-5.785616690004591,43.38089900100006],[-5.785395114004587,43.380749692000066],[-5.785546542004627,43.380585175000085],[-5.785361810004588,43.38052425400009],[-5.7848558540046,43.38055803600003],[-5.784947481004617,43.38041526700006],[-5.784740940004603,43.38012819800009],[-5.784354446004603,43.38040212600005],[-5.784356196004627,43.38013166800006],[-5.784534828004602,43.379790515000046],[-5.784405388004576,43.37935473700004],[-5.784056632004577,43.37959290500005],[-5.784048548004577,43.379263299000066],[-5.783832472004614,43.37917926100005],[-5.782567865004605,43.37928117100007],[-5.7813433510045895,43.379207940000086],[-5.780945082004569,43.37930260200007],[-5.780783907004552,43.37948090900006],[-5.780536131004568,43.379525379000036],[-5.780448997004556,43.37970073600009],[-5.780289530004549,43.37971530000005],[-5.780087370004534,43.37909946200007],[-5.780265633004546,43.37901968900008],[-5.780539472004536,43.37908165500005],[-5.7806909760045695,43.37897575500007],[-5.780655631004553,43.37883742800007],[-5.780366441004559,43.37864186600006],[-5.779714885004573,43.37874317200005],[-5.779445918004557,43.378296320000075],[-5.779512627004569,43.378087333000074],[-5.779742216004529,43.37795096000009],[-5.780056346004583,43.37803779800005],[-5.780377470004567,43.37800082400004],[-5.7803651810045835,43.37771814900005],[-5.780163792004542,43.3774652210001],[-5.78020081200458,43.37734501000007],[-5.779816239004554,43.377377539000065],[-5.779698077004575,43.37764395500007],[-5.779443882004547,43.37771501500005],[-5.779214644004569,43.377633135000046],[-5.779112515004543,43.377435493000064],[-5.778819925004523,43.37741063200009],[-5.778757170004536,43.37728148500003],[-5.778934546004548,43.377209050000054],[-5.779654778004549,43.37720428500007],[-5.780505265004537,43.376883791000076],[-5.781431532004562,43.37622729400005],[-5.781525284004561,43.37608381300006],[-5.781515313004564,43.375832318000064],[-5.781801114004584,43.37557095000007],[-5.7825128090046,43.37543593900006],[-5.782949696004582,43.37496960500007],[-5.783419797004607,43.374861946000074],[-5.783524972004595,43.37468378500008],[-5.783870891004582,43.374481863000035],[-5.783964260004597,43.37427439800008],[-5.784218212004579,43.374195124000046],[-5.784764679004636,43.37428418300004],[-5.7847308120046215,43.37444055600003],[-5.784920796004599,43.374368169000036],[-5.785030545004587,43.37472771800005],[-5.785407795004636,43.375071833000064],[-5.785661210004612,43.37509806600009],[-5.786348780004646,43.37539691000008],[-5.786585341004655,43.37559052700005],[-5.7870095540046345,43.37568255100008],[-5.787434070004649,43.37553882200008],[-5.787915806004639,43.375529988000046],[-5.787941427004658,43.37544129400005],[-5.788512899004656,43.37531545800005],[-5.788731181004651,43.375140059000046],[-5.789097934004635,43.37517300000008],[-5.7896658610046625,43.37594543900009],[-5.7895043320046895,43.376540527000046],[-5.789587044004686,43.376696697000064],[-5.789438888004662,43.37699506400004],[-5.789534737004653,43.37739984200007],[-5.789977234004653,43.37784688000005],[-5.790060636004683,43.37808467600008],[-5.790407072004659,43.37827317900009],[-5.790561100004658,43.378580961000075],[-5.7912448260047,43.37835100200006],[-5.79151881900471,43.37847622900006],[-5.791304567004674,43.37890585600008],[-5.791212876004706,43.37889536500007],[-5.791267769004678,43.37865109000008],[-5.791029943004685,43.37856309300005],[-5.790795282004703,43.378685055000076],[-5.791027899004701,43.37878428700004],[-5.791146367004684,43.37893214400005],[-5.79084199800469,43.37893750600007],[-5.78992970400469,43.37919482200006],[-5.789975994004691,43.37938140800005],[-5.790698647004667,43.37944781000006],[-5.790806742004699,43.379299070000066],[-5.790757088004691,43.379250520000035],[-5.790644800004664,43.379296189000065],[-5.790684906004691,43.379242958000084],[-5.791071738004702,43.3791786290001],[-5.791291080004685,43.37902931400005],[-5.791596360004708,43.379073053000084],[-5.792223517004712,43.37933088100005],[-5.792436279004704,43.37932223800006],[-5.79262116200468,43.37915224100006],[-5.792591450004722,43.37943568000005],[-5.792998038004702,43.37968481300004],[-5.793077265004719,43.37997204400006],[-5.793220259004707,43.380039373000066],[-5.793316629004703,43.38000408800009],[-5.793110964004691,43.37982919100006],[-5.793048850004688,43.379504855000064],[-5.793230870004701,43.37985751100008],[-5.793760154004688,43.38014492600008],[-5.795487706004743,43.38014201600005],[-5.795396166004713,43.38023368400008],[-5.794660081004734,43.38040541400006],[-5.793621670004696,43.38029168300007],[-5.79411004100472,43.38047468100008],[-5.795091774004734,43.38053121800006],[-5.795143545004752,43.38060998500005],[-5.794967004004719,43.38060578700004],[-5.795032428004733,43.380689974000084],[-5.795354509004716,43.38073067600005],[-5.795427763004746,43.38091110400008],[-5.795853194004747,43.38064068600006],[-5.796415416004739,43.38050570000009],[-5.79619057500476,43.38031524300006],[-5.795501390004752,43.38040257200006],[-5.795477376004733,43.380303572000074],[-5.7969827830047755,43.37979841900007],[-5.797612959004741,43.37999930300004],[-5.79719717000475,43.37979309100009],[-5.797523575004765,43.37967255600008],[-5.800420055004802,43.37989339500008],[-5.801207509004788,43.380100626000065],[-5.8015610740048045,43.37998870600006],[-5.801972050004821,43.37996988500005],[-5.804709176004855,43.38010192500008],[-5.805255737004827,43.380226872000044],[-5.805374906004843,43.380340354000076],[-5.805897226004865,43.380507746000056],[-5.806838822004894,43.38108318100007],[-5.807416890004884,43.38175415400009],[-5.807987904004892,43.383022251000064],[-5.807610145004884,43.38181700100007],[-5.807469707004866,43.38154521100009],[-5.806989390004878,43.38101918900005],[-5.806314958004887,43.38055981700007],[-5.80556858700483,43.38020734600009],[-5.804395609004817,43.379964327000046],[-5.804106043004819,43.37983491600006],[-5.803637642004836,43.379845202000084],[-5.805138824004825,43.37955456200008],[-5.805507647004862,43.37955732600008],[-5.805491742004863,43.379494637000064],[-5.805687021004833,43.379398301000045],[-5.805700944004874,43.379623893000044],[-5.805623152004857,43.37968718200007],[-5.8056911080048685,43.3797542710001],[-5.805438893004876,43.37985907300005],[-5.805162327004849,43.379827398000046],[-5.805216455004836,43.379943267000066],[-5.805757794004838,43.38019001200008],[-5.805968693004865,43.38006088500004],[-5.806139264004879,43.38006525600009],[-5.806319064004893,43.38021093300008],[-5.80639714000486,43.38045951900008],[-5.8066398830048644,43.380402432000054],[-5.80705899600489,43.380758319000066],[-5.8077897370048825,43.38086423500007],[-5.809194296004879,43.38057236500004],[-5.809136071004904,43.380259640000084],[-5.809482591004903,43.38012509600004],[-5.809619001004885,43.38072710800006],[-5.809968200004918,43.38078811100009],[-5.809896214004892,43.38087292500008],[-5.810095883004934,43.380998048000045],[-5.810177133004928,43.38131197900004],[-5.810148380004891,43.3813712080001],[-5.809620966004909,43.38144457600006],[-5.809534283004901,43.38166680500008],[-5.810475466004921,43.38159401400004],[-5.810707236004894,43.38150659300005],[-5.809967135004923,43.38154228100007],[-5.810059633004939,43.38147697600006],[-5.810692630004916,43.38138947800008],[-5.810954677004899,43.38142573300008],[-5.810731496004928,43.381601397000075],[-5.809899430004931,43.38172255700006],[-5.809960735004905,43.38207779300008],[-5.810900179004899,43.38199212500008],[-5.810884503004924,43.38156855500008],[-5.811208700004927,43.38138687200007],[-5.811212277004898,43.38108493100004],[-5.811320038004936,43.38103943500006],[-5.811706680004908,43.38283886100005],[-5.811766624004951,43.38205038200005],[-5.811935399004916,43.38276291100005],[-5.811406499004903,43.38478699000008],[-5.811571255004909,43.38452920400006],[-5.811571193004941,43.384628270000086],[-5.811211129004928,43.38544262600005],[-5.810671683004917,43.38615757100009],[-5.810781686004893,43.38590444700005],[-5.810515332004928,43.38606276900005],[-5.809799054004891,43.38548317700003],[-5.809609143004883,43.3851768960001],[-5.809524443004882,43.38475734600009],[-5.809399282004907,43.384798410000045],[-5.809312047004883,43.38498573200008],[-5.809049806004907,43.385054031000045],[-5.808409859004874,43.38505259600005],[-5.808181272004891,43.38495242300008],[-5.80750803500488,43.384861173000054],[-5.807456601004881,43.38493726400006],[-5.807576675004876,43.38502092600005],[-5.808175600004904,43.38524648100009],[-5.8082164140048915,43.385410987000064],[-5.808368902004862,43.38513856800006],[-5.8087787520049075,43.385282555000074],[-5.8088468490049046,43.38562866200006],[-5.809143571004881,43.38595144600006],[-5.809167548004893,43.38627430000003],[-5.808964457004889,43.38659753400006],[-5.808449543004875,43.387012803000076],[-5.808360354004879,43.387199215000074],[-5.807686125004901,43.387849914000086],[-5.807411662004858,43.387908408000065],[-5.80735622600489,43.387313133000085],[-5.807095325004897,43.38724758700007]]],[[[-5.789192728004624,43.40659124900004],[-5.789333520004649,43.40653378700007],[-5.789471725004637,43.406567310000085],[-5.789589729004637,43.406745080000086],[-5.789570220004669,43.40690665100006],[-5.78930805100467,43.406928959000034],[-5.789192728004624,43.40659124900004]]],[[[-5.799176495004733,43.41298585500006],[-5.798870801004767,43.413073457000074],[-5.798598147004751,43.4129718120001],[-5.798190862004749,43.41300886000006],[-5.7980879110047185,43.41314345000007],[-5.79795021300477,43.41307472900009],[-5.797835092004749,43.41312034300007],[-5.797798407004748,43.41304150500009],[-5.797728410004722,43.413265012000075],[-5.796891862004718,43.41397208700006],[-5.796167628004748,43.41253315200005],[-5.795735407004704,43.41126446500006],[-5.79556686500472,43.411163611000084],[-5.794572667004706,43.411324575000044],[-5.793965602004702,43.411155178000065],[-5.793958153004694,43.41089871100009],[-5.793487106004671,43.41054271400005],[-5.793208543004671,43.40981030300004],[-5.793246181004709,43.40966115000004],[-5.792995543004697,43.408843360000056],[-5.792712886004679,43.408179158000074],[-5.792653684004691,43.40746688900005],[-5.792480136004668,43.40727748300005],[-5.792459372004669,43.40708832300005],[-5.7925815730046795,43.407214385000046],[-5.792894159004692,43.40718294300009],[-5.792933260004661,43.40736018700005],[-5.793432422004708,43.40779232400009],[-5.794615756004682,43.407683870000035],[-5.79695590500473,43.40773787600008],[-5.797558999004723,43.40756515600004],[-5.797740003004737,43.40758121000005],[-5.797814301004753,43.407739805000084],[-5.797746879004723,43.40779401700008],[-5.797981475004765,43.40789935300007],[-5.797751994004746,43.40804015200009],[-5.798038842004721,43.408417061000094],[-5.797469149004726,43.40880292700008],[-5.797526248004729,43.40891837400006],[-5.797908314004719,43.409114838000065],[-5.797679809004722,43.40923454400009],[-5.797542084004718,43.40958098300008],[-5.797184980004724,43.40979260500008],[-5.796869506004731,43.409753050000084],[-5.796520156004705,43.40954889900008],[-5.796333517004711,43.40919031100004],[-5.796265092004714,43.40934302500007],[-5.796060016004727,43.409244279000085],[-5.796035714004742,43.409432245000076],[-5.796215676004747,43.40975013200006],[-5.796486679004717,43.40995600500003],[-5.79754840300474,43.41033577900006],[-5.798278280004774,43.41073936600004],[-5.7986215340047496,43.41128168300004],[-5.798562147004726,43.411434598000035],[-5.798756797004756,43.41145587000007],[-5.798744040004777,43.41163728300007],[-5.798989966004771,43.412031703000046],[-5.799196849004748,43.412636499000044],[-5.7994906790047835,43.41295803400004],[-5.798927700004782,43.41387953200008],[-5.798530097004766,43.414213743000076],[-5.799176495004733,43.41298585500006]],[[-5.79479025400472,43.40831402000005],[-5.795376496004723,43.40813976000004],[-5.795640448004738,43.408203077000074],[-5.795753690004739,43.408128020000056],[-5.79572874500473,43.40803617900009],[-5.795404699004724,43.40795267800009],[-5.794676367004721,43.40796867000007],[-5.793847642004692,43.40816075200009],[-5.793940587004698,43.40824176800004],[-5.794179603004725,43.40823775000009],[-5.794435439004677,43.40833046000008],[-5.79479025400472,43.40831402000005]],[[-5.795568867004694,43.40944339500006],[-5.795651091004735,43.40943519800006],[-5.795567645004715,43.40924082300006],[-5.795459938004729,43.40926300300004],[-5.795488267004703,43.409393572000056],[-5.795132987004691,43.40930957400009],[-5.794825216004692,43.40898412700007],[-5.79550786300472,43.41003252900004],[-5.795726794004729,43.41021582800006],[-5.795438169004729,43.40973266300007],[-5.79557033100473,43.40961397000007],[-5.795568867004694,43.40944339500006]]],[[[-5.8033434580048215,43.42644274400005],[-5.803255955004789,43.426576123000096],[-5.80317739800479,43.42736438600009],[-5.803012611004773,43.42721443200004],[-5.80288553300478,43.427207642000056],[-5.802731141004823,43.42750292500007],[-5.802731865004783,43.42695354200004],[-5.8024969890048,43.42757437100006],[-5.802484350004767,43.4272078860001],[-5.802260128004778,43.42755868300004],[-5.802337013004779,43.42688710400007],[-5.8021167630047925,43.42698352500004],[-5.8020375300047835,43.42674705100006],[-5.801582812004763,43.427013842000086],[-5.801024015004759,43.42716899000005],[-5.800851938004756,43.42710090900007],[-5.801121754004772,43.42700482200009],[-5.801599083004756,43.42654690400009],[-5.800672872004767,43.42585763400009],[-5.800900181004794,43.42530304800007],[-5.801013617004788,43.42531401800006],[-5.801189194004784,43.42567837100007],[-5.801891466004804,43.42605259600005],[-5.802010140004769,43.426396282000056],[-5.802225517004789,43.42656479600006],[-5.8023292560047866,43.42651073700008],[-5.802474357004776,43.425309877000075],[-5.8024776530047655,43.42332403400008],[-5.803000233004823,43.423303726000036],[-5.803051763004776,43.42413088000008],[-5.80313542700482,43.424136362000084],[-5.8032692490047735,43.423971841000025],[-5.803364384004813,43.42403595700008],[-5.803443463004802,43.424669992000084],[-5.803885879004806,43.42371181500007],[-5.803816089004807,43.423290609000055],[-5.803520712004819,43.42311109600009],[-5.803444711004792,43.422842875000086],[-5.8035872310047925,43.42229934900008],[-5.803247602004792,43.42208755100007],[-5.802907804004818,43.42238803500007],[-5.802971563004817,43.423194277000064],[-5.802584409004803,43.423227671000085],[-5.802467348004776,43.42316752800009],[-5.802320717004769,43.42144392900011],[-5.802557235004779,43.42203072900005],[-5.802595150004787,43.42173445800006],[-5.802797264004779,43.42234272700007],[-5.802849987004791,43.4221749480001],[-5.802983040004805,43.42224003400003],[-5.8030693700047955,43.42205841800008],[-5.802913118004782,43.42164816000009],[-5.80278834600479,43.42169797900007],[-5.802711858004798,43.42092050300007],[-5.802836575004804,43.420646704000056],[-5.802715745004789,43.420570922000046],[-5.802749774004795,43.41981648600009],[-5.802632937004785,43.41960875200005],[-5.8027120100047815,43.41953320500006],[-5.802622824004812,43.41943567900008],[-5.80253080500479,43.41953005200004],[-5.802450470004782,43.419427749000086],[-5.802534768004772,43.41929628000004],[-5.802468878004799,43.41916375000007],[-5.80254344900477,43.41875717800009],[-5.802450066004791,43.418572762000075],[-5.802258155004786,43.41858727100005],[-5.802178311004817,43.41850685900006],[-5.801857922004791,43.4174880510001],[-5.802034474004819,43.417384208000044],[-5.8020202320048,43.41694743900008],[-5.8023502230048045,43.41686111100008],[-5.801831647004809,43.416518683000064],[-5.801728499004813,43.41626294100008],[-5.802457936004783,43.41627649500004],[-5.802749706004775,43.41643162900006],[-5.803001520004804,43.41632796400007],[-5.803249269004789,43.41647946800005],[-5.803474889004828,43.416303842000055],[-5.803848379004793,43.41640929100004],[-5.80456000200483,43.41644980800005],[-5.804794250004803,43.41576087600005],[-5.80454137300482,43.41551452400007],[-5.804968761004815,43.41504775700004],[-5.805454257004832,43.41489667000008],[-5.805988019004814,43.415114773000035],[-5.806206481004838,43.415057222000044],[-5.806578793004866,43.415105420000046],[-5.806702290004873,43.41490395900008],[-5.806599992004869,43.41478232200007],[-5.805817833004822,43.41438427600009],[-5.805924315004859,43.41424693200005],[-5.805616587004859,43.41411457200009],[-5.805628764004833,43.413797065000054],[-5.805312748004831,43.41337106400006],[-5.804660324004812,43.413490089000064],[-5.803719874004829,43.41334454400004],[-5.80254917300478,43.41292591300005],[-5.800559865004791,43.41242254100008],[-5.8010502840047575,43.41176224000005],[-5.800642350004799,43.41212258100008],[-5.80060774200478,43.41203416900006],[-5.800520129004772,43.41207081500007],[-5.8004689020048,43.41226315500007],[-5.800248175004798,43.41222057600004],[-5.799790647004767,43.412594078000055],[-5.799738079004765,43.411601759000085],[-5.799579246004762,43.41152922200008],[-5.799528026004774,43.41140185200005],[-5.799606377004788,43.41102712300007],[-5.799359756004753,43.410784915000086],[-5.799260540004787,43.41038739200008],[-5.799319167004774,43.41026016300004],[-5.799202824004771,43.41017756700007],[-5.799214478004761,43.40994792100003],[-5.799085759004786,43.40971634100005],[-5.7990897230047596,43.4093038120001],[-5.798956334004775,43.40893258900009],[-5.798734936004764,43.40877095800007],[-5.798692904004752,43.40862597600006],[-5.799045500004785,43.408560284000046],[-5.799557473004749,43.40870816300004],[-5.799840071004765,43.40842476400008],[-5.799873479004744,43.40859347300007],[-5.799991096004746,43.40863308400005],[-5.800148023004784,43.40858181900008],[-5.800273184004756,43.40840135000008],[-5.800335731004786,43.40870953100006],[-5.800482323004751,43.40886210300007],[-5.800805693004802,43.408582137000074],[-5.800957809004784,43.408023758000084],[-5.8006295950048035,43.40757284300004],[-5.800274928004788,43.40754893500009],[-5.80038784200479,43.40742367700007],[-5.799945853004759,43.407093010000054],[-5.799492399004788,43.40600778000005],[-5.7995457290047465,43.40588811300008],[-5.799878227004784,43.405707889000055],[-5.799919593004789,43.4060032560001],[-5.800064351004768,43.40595219200004],[-5.800145544004799,43.40615462600007],[-5.800254548004766,43.40615289700005],[-5.800279499004765,43.4065220460001],[-5.800695616004757,43.40680380800008],[-5.8014796840047955,43.40686528600004],[-5.802390015004807,43.40667142000008],[-5.802463862004818,43.406767922000036],[-5.802103418004791,43.40696923100007],[-5.802098782004819,43.40740595600006],[-5.801505238004785,43.40731202800006],[-5.802074598004779,43.407374874000034],[-5.802044284004821,43.40712778300009],[-5.80190027000482,43.40710128500009],[-5.80167531800482,43.40720223400008],[-5.801246669004802,43.407245931000055],[-5.801203025004785,43.407395296000075],[-5.802401521004827,43.40766130200008],[-5.8023655640048055,43.40788817800008],[-5.802567063004819,43.40796187800006],[-5.802963321004792,43.40840826600005],[-5.803098116004801,43.40838252500005],[-5.8035505300048005,43.408668965000075],[-5.801684983004811,43.41087549100008],[-5.801287302004767,43.41120809100006],[-5.801303026004805,43.41137145100005],[-5.801763245004801,43.41102991400005],[-5.8037511690048165,43.40885539800008],[-5.804146937004797,43.40907081800004],[-5.804464258004813,43.40914185600009],[-5.804622071004802,43.409003807000055],[-5.804796842004851,43.40920995200003],[-5.805283952004851,43.40928196900008],[-5.805607117004853,43.40926559300004],[-5.806114223004846,43.40906596400006],[-5.806098059004857,43.408975064000074],[-5.805046888004816,43.408443561000084],[-5.805588931004818,43.408269150000095],[-5.806008076004847,43.40842658200008],[-5.806535755004868,43.408898466000046],[-5.806767098004868,43.40896579500006],[-5.808377786004858,43.410285044000055],[-5.80850891400488,43.410459751000104],[-5.808399439004891,43.411465166000035],[-5.808552889004862,43.41112026100007],[-5.81039024200487,43.41138431400005],[-5.810563462004895,43.411473489000066],[-5.8101960750049075,43.41200478400005],[-5.809911158004918,43.41215028900008],[-5.8085434910048885,43.41190186600007],[-5.808465790004878,43.41166490600006],[-5.808409957004901,43.411877906000036],[-5.808258368004859,43.411911637000074],[-5.808166114004877,43.41178776600004],[-5.807739423004842,43.41162868800008],[-5.807771758004857,43.41145869700007],[-5.807628937004857,43.41138225900006],[-5.8071973620048585,43.41150818000006],[-5.807143065004839,43.41164976800008],[-5.807257048004846,43.41180385400005],[-5.808017376004867,43.41211440000007],[-5.808233251004853,43.41204557600005],[-5.80827279800488,43.41218179000005],[-5.80877242400485,43.41233913700009],[-5.809272403004895,43.412377217000035],[-5.808982932004862,43.41240449100009],[-5.810129209004908,43.412664603000074],[-5.810201665004907,43.41278511600009],[-5.810343408004881,43.41270444800007],[-5.810690749004892,43.412772262000054],[-5.810918771004884,43.412995552000055],[-5.810658961004891,43.41306170000008],[-5.810030262004879,43.412956194000074],[-5.808556629004873,43.41237453500005],[-5.808297368004873,43.41231869300005],[-5.808082851004852,43.41237789200006],[-5.806921186004857,43.41194220700005],[-5.806909126004837,43.41174139700008],[-5.805440454004834,43.41122861800007],[-5.805192952004851,43.41107402400009],[-5.8044229720048115,43.410880763000094],[-5.8041385060048265,43.41096298400006],[-5.804080812004805,43.41108811200008],[-5.805046048004829,43.411530923000065],[-5.804948189004836,43.41158037200008],[-5.805116020004837,43.41181339800006],[-5.805214957004857,43.41162428200006],[-5.805301683004807,43.411630691000035],[-5.806103105004867,43.411971932000036],[-5.806539341004858,43.41203250000008],[-5.806705676004877,43.41227253500008],[-5.807699625004852,43.41273882400004],[-5.808020158004891,43.41269649200007],[-5.808083678004861,43.41290750700008],[-5.8082697300048665,43.4130672950001],[-5.809141402004894,43.41345395100007],[-5.8101068870049,43.41406186800004],[-5.81021329000492,43.41404582100008],[-5.810093516004877,43.413780291000094],[-5.810508931004902,43.41393491800005],[-5.810755076004912,43.41391772800007],[-5.810959424004924,43.414127608000065],[-5.811399890004917,43.41433101200007],[-5.811347907004924,43.41444919700008],[-5.811630464004919,43.41460015700006],[-5.812434346004942,43.41491944400009],[-5.812828039004926,43.414897647000046],[-5.813377182004934,43.415024449000065],[-5.813475854004914,43.41497593800006],[-5.81341284500494,43.41485921900007],[-5.8117587970048845,43.413801409000044],[-5.811440221004897,43.41334167600008],[-5.81142097700491,43.413158476000035],[-5.812004326004928,43.413028330000046],[-5.812226899004905,43.41304448700005],[-5.8123568400049175,43.41317980700007],[-5.812513192004897,43.41312527300006],[-5.812860180004947,43.41316034300009],[-5.813421376004932,43.41330462800005],[-5.813640471004913,43.41350181600008],[-5.813807833004929,43.41339052600008],[-5.813917556004966,43.41361478900007],[-5.814139828004941,43.41368302200006],[-5.81414721700496,43.41374828900008],[-5.814287098004958,43.41368599500005],[-5.814222755004937,43.41349170900004],[-5.81433111800492,43.41343490500005],[-5.814121788004955,43.41335583400008],[-5.814113136004936,43.41345569900007],[-5.814004843004952,43.413327831000075],[-5.814212088004968,43.41322363600007],[-5.814989517004957,43.41333858400004],[-5.815415504004936,43.41348164400007],[-5.816185097004975,43.413512973000095],[-5.81648403900495,43.41362397900009],[-5.815868232004969,43.41311433000006],[-5.815783780004958,43.41293934000005],[-5.816267946004943,43.41252047000009],[-5.816783209004961,43.412465878000056],[-5.817037303004978,43.412367451000094],[-5.8175024640050035,43.412360521000046],[-5.817733353004974,43.41221351200005],[-5.818092421005,43.41248021400005],[-5.81810569400498,43.41267834400005],[-5.818256139005014,43.41264086200007],[-5.818352186005012,43.41269972400006],[-5.8181716960050185,43.41277664400009],[-5.818369309004978,43.412846192000096],[-5.818379159005002,43.41333786200007],[-5.818624185005021,43.41361556300007],[-5.818574821005013,43.41376800700005],[-5.818360134004974,43.41381443700005],[-5.818247585004978,43.41394956000006],[-5.81816221900497,43.414333265000046],[-5.817674657004975,43.41447901900007],[-5.817694368004969,43.41455656400008],[-5.817497969004962,43.41456992600009],[-5.817255706004997,43.41477653100004],[-5.816811074004951,43.414761301000055],[-5.816586984004988,43.41512165800004],[-5.816456721004969,43.41515567400008],[-5.816604531004958,43.41532261000004],[-5.816326242004962,43.41539088800007],[-5.8165864600049595,43.41547933500004],[-5.8166889490049885,43.41570649800009],[-5.816543733004964,43.41605901100009],[-5.8160976680049545,43.41601927000006],[-5.8154370180049595,43.41580475900004],[-5.815496054004942,43.41599870700004],[-5.816183832004992,43.416368820000066],[-5.816051065004967,43.416535924000094],[-5.815270518004979,43.41622787400008],[-5.815268421004929,43.41652922000004],[-5.815384494004946,43.416731458000086],[-5.814709403004933,43.41640630600007],[-5.814605403004966,43.41648358000004],[-5.814314423004919,43.41643073500007],[-5.814137637004919,43.41657869400007],[-5.813691608004925,43.41636929000005],[-5.813057390004899,43.41644738700008],[-5.8124290020048965,43.41664826900007],[-5.812042762004937,43.41658405000005],[-5.8118414760048855,43.416658059000056],[-5.8119438590048995,43.41679670000008],[-5.812082918004893,43.416794925000055],[-5.812220346004911,43.41668064800008],[-5.812370158004929,43.41676004100004],[-5.812254989004902,43.416783523000056],[-5.812237353004907,43.41686367500006],[-5.8119660630049035,43.41688638400008],[-5.812036825004911,43.41725277300004],[-5.811922436004934,43.4172945490001],[-5.8118799340048914,43.41742307300009],[-5.8121652430049435,43.41770553700009],[-5.812307822004945,43.41764279200005],[-5.812898514004897,43.41787327200009],[-5.813881348004922,43.4179292900001],[-5.8138594970049375,43.418112701000055],[-5.814076393004923,43.41829965100006],[-5.814193956004927,43.41922840500009],[-5.815033390004937,43.41930357400004],[-5.815456004004944,43.419216550000066],[-5.815933562004949,43.41934527100007],[-5.815956691004949,43.41940505900006],[-5.815526391004938,43.41954815700007],[-5.815531257004978,43.41974776300005],[-5.815646087004953,43.41989298000005],[-5.816422133004961,43.41983944600005],[-5.8166765020049676,43.41986517900007],[-5.816712548004959,43.41993327600007],[-5.817027590004974,43.41983092300009],[-5.8172391760049535,43.42060296900007],[-5.817180799004993,43.42071232700007],[-5.817284451005002,43.421225275000054],[-5.817999077004999,43.4231798480001],[-5.818031480004977,43.42408774800005],[-5.818127062005006,43.424173336000095],[-5.8180370760049716,43.42424304100008],[-5.817861141005009,43.42507106700004],[-5.817384813004957,43.42465324700006],[-5.815811682004949,43.42465547500007],[-5.8157925760049825,43.42358947800006],[-5.815939554004959,43.42349689800007],[-5.815951255004965,43.42326745000003],[-5.815908105004954,43.42312926800003],[-5.815682347004952,43.42303215500005],[-5.815620949004938,43.422016788000086],[-5.815187449004947,43.421930947000085],[-5.81477146600496,43.42197079000007],[-5.8145858230049505,43.42187520500006],[-5.8144995320049455,43.42193463700006],[-5.814610573004915,43.42198712500005],[-5.8145121850049435,43.42199070900007],[-5.814153467004911,43.42186015300009],[-5.813735092004925,43.422029078000044],[-5.813655566004944,43.42233495300009],[-5.813511979004917,43.4224788270001],[-5.813351281004913,43.422430738000074],[-5.812444060004924,43.42255518100008],[-5.81130674300488,43.42258901600009],[-5.811017457004881,43.422687044000064],[-5.811002008004891,43.42289549000004],[-5.8111641030048995,43.42293550500006],[-5.811187584004927,43.42348413100007],[-5.811133238004914,43.42363122400009],[-5.8108624040049195,43.4238538480001],[-5.810871690004885,43.42403325900006],[-5.810978223004892,43.42404792500004],[-5.811063061004915,43.424180865000054],[-5.810872989004903,43.42424950000004],[-5.810873468004896,43.425033138000074],[-5.81096227200487,43.42531795600009],[-5.810779723004879,43.426566097000055],[-5.810670880004914,43.42634824100005],[-5.8105977540048945,43.42655189400008],[-5.810535623004901,43.42653713400008],[-5.810285752004904,43.42523632000008],[-5.809931031004892,43.425034181000065],[-5.808022085004854,43.42506545900006],[-5.808207568004852,43.42510705500008],[-5.808083779004865,43.4251509900001],[-5.807694280004868,43.425134283000055],[-5.807756434004845,43.42506322800007],[-5.806786198004832,43.42506900700006],[-5.80735044200487,43.42658210400004],[-5.8064664160048665,43.424891412000086],[-5.805931946004813,43.42325618600007],[-5.806057507004818,43.42406967500007],[-5.805829140004838,43.42381847900005],[-5.805928278004835,43.42412734500006],[-5.8059223190048135,43.42463432100005],[-5.806098297004832,43.425369389000046],[-5.806625245004853,43.42653337000009],[-5.806506688004843,43.426526611000064],[-5.806069085004817,43.4260753820001],[-5.805940734004814,43.426091085000074],[-5.80604303800481,43.42622361400005],[-5.805963523004825,43.426300952000084],[-5.805593599004839,43.426300527000095],[-5.804930521004827,43.42644855500005],[-5.804710931004797,43.42643557600009],[-5.804660755004794,43.426363118000054],[-5.804395992004829,43.426739162000054],[-5.804515833004787,43.42693680700007],[-5.804498599004804,43.42723914400006],[-5.804029327004823,43.42745893700005],[-5.803743724004809,43.42787427500009],[-5.803455244004812,43.427902069000034],[-5.803288735004814,43.42782416900009],[-5.8033434580048215,43.42644274400005]],[[-5.801991121004802,43.408719180000055],[-5.802216190004814,43.40867379600009],[-5.802002621004772,43.40844816000005],[-5.801787214004785,43.40788976900007],[-5.8017087450047695,43.40793468500007],[-5.801708346004782,43.40830090400006],[-5.801582061004814,43.40826488800009],[-5.801503412004768,43.407960603000056],[-5.801675649004788,43.407796873000066],[-5.8015032840048155,43.407738004000066],[-5.801265055004766,43.407884844000094],[-5.801060345004774,43.40790677700006],[-5.800876114004778,43.40869161400009],[-5.80108810200477,43.408551398000064],[-5.8012615640047915,43.40867856900008],[-5.801493275004765,43.408661475000045],[-5.801337714004777,43.408845685000095],[-5.8015937940047655,43.408875506000086],[-5.8018853960047725,43.409066499000076],[-5.802046931004793,43.408987543000094],[-5.801991121004802,43.408719180000055]],[[-5.805750043004813,43.42164435300004],[-5.805979262004823,43.41958714500004],[-5.806391567004826,43.41792008600005],[-5.805799382004859,43.41823911800004],[-5.805645237004847,43.41823794500006],[-5.805701237004819,43.418369418000076],[-5.805442721004842,43.418579887000085],[-5.805539527004831,43.418741845000085],[-5.805447949004805,43.41959240400009],[-5.805116480004855,43.42012819400004],[-5.805208153004842,43.42032817500009],[-5.805097931004853,43.420510855000046],[-5.805464601004803,43.42100823500006],[-5.805376703004855,43.42116429300007],[-5.805567993004834,43.421275121000086],[-5.805354566004824,43.42122306800008],[-5.805414264004855,43.42154787500006],[-5.8056584240048235,43.42172461700006],[-5.805750043004813,43.42164435300004]],[[-5.8063706870048595,43.41938341400006],[-5.806219348004845,43.42072213400008],[-5.8078263440048845,43.42068148100003],[-5.807828831004846,43.41935524100007],[-5.807742399004857,43.41898379800008],[-5.808536914004862,43.41854175200008],[-5.808358104004894,43.418468750000066],[-5.808236861004869,43.41830413300006],[-5.8081235020048565,43.41748485600006],[-5.807305469004874,43.417469895000075],[-5.806990846004862,43.417596213000095],[-5.806684876004859,43.41826187200009],[-5.8063706870048595,43.41938341400006]],[[-5.8075515060048355,43.41134288500008],[-5.807877938004846,43.41129479200005],[-5.807977313004897,43.41115069100007],[-5.8080170470048795,43.41094795100003],[-5.807859362004846,43.41078149500006],[-5.808131212004896,43.41052977200008],[-5.807962808004872,43.41030674400005],[-5.8077237760048455,43.41040278900005],[-5.807600060004881,43.41056982400005],[-5.807737604004866,43.41073106000007],[-5.807589351004844,43.41079645300006],[-5.807695495004873,43.41126212700005],[-5.8075515060048355,43.41134288500008]]],[[[-5.7986996600047584,43.40792650400005],[-5.799015101004761,43.40786874400005],[-5.799127931004739,43.40771768800006],[-5.800055206004789,43.40767052000007],[-5.799691426004798,43.40790487100005],[-5.7988676390047855,43.40799861600006],[-5.7986996600047584,43.40792650400005]]],[[[-5.800101113004741,43.417997455000055],[-5.799329311004757,43.41780129800005],[-5.799432255004748,43.41753416600007],[-5.799812200004774,43.417255041000054],[-5.8000477890047755,43.41720252800008],[-5.80055190100477,43.41690563900006],[-5.800717953004769,43.417035051000035],[-5.8010394650048,43.417706076000066],[-5.801486638004803,43.41800614600006],[-5.801507989004789,43.41860413700006],[-5.801348053004799,43.418809011000086],[-5.801065782004793,43.41887515400004],[-5.800451266004743,43.419402836000096],[-5.800315730004781,43.41930862300008],[-5.800285550004772,43.4190217760001],[-5.8001270140047545,43.418901906000045],[-5.800173547004745,43.418775774000046],[-5.799899628004748,43.41857542400004],[-5.799990443004769,43.41846159400007],[-5.800427817004775,43.41827160500005],[-5.8004368790047796,43.418181946000075],[-5.800101113004741,43.417997455000055]]],[[[-5.807767461004897,43.38802171000006],[-5.808506567004874,43.387263644000036],[-5.808674671004886,43.387309021000085],[-5.808770860004864,43.38760443100008],[-5.809152322004875,43.38730175700006],[-5.8092435550049135,43.38733799000006],[-5.8090141900049135,43.38767775200007],[-5.808634625004904,43.38792177300009],[-5.808453754004904,43.38831779600008],[-5.80785316700489,43.38879117500006],[-5.8078411730048565,43.38848275800009],[-5.8077351590048725,43.38835196500004],[-5.807767461004897,43.38802171000006]]],[[[-5.815134785004952,43.40021718200008],[-5.815322803004971,43.39998487900005],[-5.815507103004975,43.39992065900005],[-5.815231679004977,43.39958330900005],[-5.815271964004989,43.39945396700007],[-5.815450602004958,43.39942012500008],[-5.815565615004986,43.399046396000074],[-5.81682670200499,43.39952593100004],[-5.817056533005006,43.39949221900011],[-5.816636035004961,43.39928409300008],[-5.8159270270049515,43.398722577000065],[-5.817548715004971,43.39925216100007],[-5.815590018004984,43.398482633000086],[-5.815203214004964,43.39817611800005],[-5.8149509350049655,43.397756660000034],[-5.81474539300496,43.39788981900007],[-5.814636739004985,43.39779394100003],[-5.8147396080049765,43.39742429000009],[-5.814640500004946,43.39715945400009],[-5.814972488004977,43.39681730700006],[-5.81502950200497,43.39656534400008],[-5.815224246004973,43.39632328800008],[-5.815533980004959,43.39638446200008],[-5.815636280004999,43.39602815000008],[-5.8160826820049705,43.39549025600009],[-5.81597934100497,43.39525432000006],[-5.81648291400498,43.394693236000094],[-5.81648788500499,43.39447832000008],[-5.816769742004997,43.39436428800009],[-5.816751610004961,43.39419330900008],[-5.816953275004984,43.39395183900009],[-5.817114083005016,43.39391830300009],[-5.817077991005001,43.39380948100007],[-5.817388663005018,43.393442460000095],[-5.817533777004984,43.39340253200006],[-5.818128390005022,43.39361506700004],[-5.818498430005034,43.39349773400008],[-5.817806527005008,43.39334782500005],[-5.817763065004999,43.39325754900006],[-5.818012309004978,43.393343705000085],[-5.818146719005021,43.39331777100007],[-5.817945997005031,43.39327625700005],[-5.8177967590050255,43.39310192200005],[-5.817685177004977,43.393107386000054],[-5.817727217005017,43.39286557900005],[-5.8175189930050095,43.392965749000055],[-5.817338560004984,43.3931394030001],[-5.817281170004986,43.39335156900006],[-5.816709250005007,43.39388181400007],[-5.816559356005003,43.394166012000035],[-5.815923191004991,43.39488329300009],[-5.815700808004995,43.39499099600007],[-5.815181848004966,43.39500892700005],[-5.815063010004974,43.395077120000074],[-5.815034906004949,43.395187279000034],[-5.81522042800499,43.39538219200007],[-5.815231900004973,43.39555833400005],[-5.814874829004971,43.39607912900006],[-5.814663886004956,43.39614481600006],[-5.814496760004947,43.39556510500008],[-5.814810099004953,43.394551008000086],[-5.814778940004951,43.394184329000055],[-5.8152350560049655,43.39381603300007],[-5.815401269004967,43.39333734900006],[-5.815665359005001,43.393120123000095],[-5.81573161300499,43.39292364900007],[-5.815554013004959,43.392282503000054],[-5.8148861980049675,43.39119550000005],[-5.814986505004994,43.3911745980001],[-5.814993058004986,43.39107249800006],[-5.814819442004944,43.390755421000065],[-5.814190824004985,43.39049486100004],[-5.813772542004981,43.39043973400005],[-5.813346781004944,43.39046413900008],[-5.812798476004943,43.39061013500005],[-5.8124518080049175,43.39063231600006],[-5.812204228004909,43.39055449000007],[-5.811916078004944,43.390609004000076],[-5.81189132000495,43.39053744700005],[-5.812179457004937,43.39042984800007],[-5.8120463890049106,43.39036921900004],[-5.811581011004902,43.39041341500008],[-5.811551733004902,43.390569600000056],[-5.811845994004929,43.39063911600005],[-5.811541167004944,43.39064512700004],[-5.8110603260049265,43.39041501900005],[-5.8104531020048995,43.389662940000065],[-5.8099955160049115,43.38933911100004],[-5.809041690004901,43.38898308200005],[-5.80911947600492,43.38886829700006],[-5.809034162004874,43.38863736000008],[-5.809503436004891,43.38847958300007],[-5.8108414210049295,43.388794990000086],[-5.8111186470049105,43.38877390000006],[-5.811167410004907,43.38870090400009],[-5.811059936004902,43.38860112000004],[-5.810004530004912,43.388038202000075],[-5.8098601470048905,43.38778867500009],[-5.810083152004903,43.387776844000044],[-5.810257834004927,43.38743387700004],[-5.81049935800492,43.387344554000045],[-5.810559912004936,43.387186630000045],[-5.81065011600494,43.387169678000085],[-5.8106379990049,43.38735094400007],[-5.8109341140049295,43.387368866000024],[-5.811509208004936,43.38755943900004],[-5.812235754004955,43.38751495700008],[-5.812477643004953,43.38730230000005],[-5.812411781004966,43.38700148400006],[-5.812697342004968,43.38668320500008],[-5.812988591004957,43.38653122500007],[-5.81352747000494,43.38639708400009],[-5.813667903004954,43.38647448600007],[-5.8140026070049675,43.38712864200006],[-5.813414324004948,43.38811444600005],[-5.81351477400494,43.38838321400006],[-5.813623536004966,43.38839526700009],[-5.813820855004963,43.38821993800009],[-5.813926524004957,43.38786508600005],[-5.813823047004974,43.38766839100005],[-5.814135854004977,43.387690692000064],[-5.814582446004986,43.38752092200009],[-5.815118492004972,43.38794882300006],[-5.8154593010049975,43.38782714800006],[-5.815629736004973,43.387928564000056],[-5.815705562004974,43.38803629600006],[-5.815597190004974,43.388164838000094],[-5.815603767004995,43.38842531000007],[-5.815878276005006,43.388568385000056],[-5.816244818005004,43.38843454600006],[-5.818218675005025,43.38976246100005],[-5.818412138004988,43.3896915760001],[-5.818424404004985,43.38960278200006],[-5.817711244005002,43.38899068800006],[-5.817956777005002,43.389052379000084],[-5.818139772004995,43.38886700400008],[-5.8183614590050174,43.38885577900005],[-5.8183581970050104,43.38865693200007],[-5.818505339005016,43.38875072100008],[-5.818501201005007,43.38887405900007],[-5.819682527005017,43.38836116300009],[-5.819619785005004,43.388700051000065],[-5.819737028005039,43.38875579600007],[-5.819945482005059,43.38911236400004],[-5.820217286005026,43.389201043000085],[-5.820126896005059,43.38946048000004],[-5.820140964005042,43.389596022000056],[-5.820239467005046,43.38962658800008],[-5.820224888005009,43.38985794600008],[-5.820080985005027,43.38996957000007],[-5.820277540005033,43.38999842400007],[-5.820509607005049,43.38980625000006],[-5.820473440005029,43.38973001400007],[-5.820780949005014,43.389781048000046],[-5.8205110410050604,43.39012319700006],[-5.820749533005056,43.390396657000075],[-5.820646976005063,43.39061375500007],[-5.820792508005043,43.390676170000084],[-5.820885350005058,43.39042948500003],[-5.821118021005055,43.39045230900009],[-5.82133835500506,43.39021135000009],[-5.821483906005066,43.39034998400009],[-5.821427651005062,43.39052572400007],[-5.8211501740050595,43.390776026000026],[-5.820755299005015,43.39076146500005],[-5.820643127005011,43.39091174800008],[-5.8208726490050555,43.391115146000075],[-5.820733203005061,43.391356301000044],[-5.820568679005047,43.39141429800004],[-5.820791015005027,43.391623473000045],[-5.8211557070050395,43.391520232000076],[-5.8218755900050345,43.39186505600004],[-5.822033855005075,43.39182302600007],[-5.822006211005076,43.39198319200006],[-5.822205010005053,43.39212242500004],[-5.821478419005055,43.39216261200006],[-5.821296089005022,43.39223437400007],[-5.819535585004998,43.39165519000007],[-5.8193158910050435,43.39168544700005],[-5.818459451005025,43.39127535800004],[-5.817528622004987,43.39068548200005],[-5.815966576004964,43.38996262700006],[-5.814351913004947,43.38943137200007],[-5.8135292850049565,43.38929383400007],[-5.815532832004996,43.390010279000094],[-5.817972094005022,43.39124568800003],[-5.818364067005004,43.39134202300006],[-5.819262714005002,43.39176857900004],[-5.819461479004997,43.39196338700005],[-5.820338713005038,43.39234958500005],[-5.82103673500504,43.392429482000075],[-5.821358848005026,43.39234788000005],[-5.821501017005043,43.392498279000066],[-5.82174501300504,43.392471384000046],[-5.821879070005067,43.39257394800008],[-5.821932638005066,43.392524451000064],[-5.822000625005033,43.39263709000006],[-5.822060116005035,43.392572205000086],[-5.822667722005059,43.39275225000007],[-5.822877047005076,43.39296219200005],[-5.822750229005062,43.393071402000054],[-5.82250235700507,43.39304169100007],[-5.822649555005052,43.39322861100005],[-5.82284171000509,43.393234835000065],[-5.822959963005075,43.39303518500006],[-5.823038731005056,43.39309100600009],[-5.82270985800505,43.39360751200008],[-5.8227663630050825,43.39387646800005],[-5.822491781005047,43.39455464900006],[-5.822660221005088,43.394842947000036],[-5.822499534005082,43.395178447000056],[-5.822522538005037,43.39573753700008],[-5.822292538005047,43.39596796800006],[-5.822197319005042,43.39641079000007],[-5.82195627600508,43.39678979900005],[-5.821283797005068,43.39747950400005],[-5.82109925200504,43.39780499600006],[-5.820918232005025,43.39786358900006],[-5.8208359310050595,43.39806944800006],[-5.820469674005061,43.39825489300008],[-5.818287345004981,43.399931965000086],[-5.81760443300497,43.40017796100006],[-5.817504630005013,43.400395576000065],[-5.8173428650049805,43.40025397700004],[-5.817184383004963,43.400291548000055],[-5.817116195004963,43.400178130000036],[-5.8168370680049595,43.400302842000045],[-5.816619986005007,43.40057118800008],[-5.816071072004965,43.400650095000074],[-5.815361505004954,43.40043899900008],[-5.815134785004952,43.40021718200008]],[[-5.813011750004922,43.387492924000085],[-5.812528499004925,43.38774219100005],[-5.812585024004916,43.38823185500007],[-5.812803506004956,43.38831743300006],[-5.813096267004926,43.38827823700007],[-5.813162605004939,43.388194997000035],[-5.813212071004947,43.38791340300005],[-5.8130621770049435,43.38784801000004],[-5.8131852970049565,43.38760444600009],[-5.813011750004922,43.387492924000085]]],[[[-5.809109017004913,43.38721725500007],[-5.8089649220049155,43.38684643100005],[-5.80903038200489,43.38674296100006],[-5.809084892004875,43.38671174300004],[-5.809251961004918,43.38683038900008],[-5.809652988004877,43.38652679100007],[-5.809838359004922,43.386237854000065],[-5.809862974004896,43.386001306000054],[-5.810146064004938,43.38596029100007],[-5.81044919800492,43.38621336000006],[-5.8102789210049215,43.386143590000096],[-5.810055072004911,43.38639480000007],[-5.80992456900493,43.38642108600004],[-5.809655075004917,43.38696577700008],[-5.80951265700492,43.38707230400009],[-5.809363404004901,43.38706340200011],[-5.809371165004907,43.387332328000085],[-5.809109017004913,43.38721725500007]]],[[[-5.811078676004917,43.41364023100006],[-5.810884442004923,43.41371892300005],[-5.810306795004916,43.413266936000085],[-5.810823246004874,43.413261314000074],[-5.811012155004909,43.41314361200006],[-5.811008112004919,43.413258213000084],[-5.811142604004893,43.41315751700007],[-5.811226379004902,43.41327776000004],[-5.8112751820049295,43.41317931100011],[-5.8114018970048935,43.41329277300008],[-5.811297470004896,43.41343099200004],[-5.8113902630049195,43.41369803500006],[-5.811252199004921,43.41373022600004],[-5.811078676004917,43.41364023100006]]],[[[-5.8104839780049415,43.38622394500006],[-5.810603575004921,43.38631979600008],[-5.810375707004895,43.38658113000004],[-5.81051011900492,43.386333330000085],[-5.8104839780049415,43.38622394500006]]],[[[-5.818403319005022,43.40003268300007],[-5.818902821004996,43.399914411000076],[-5.818838436005024,43.39974449400007],[-5.8189361930050145,43.39966940700005],[-5.819443734005012,43.39958669700008],[-5.8194510780049935,43.39952048000004],[-5.8192504040050075,43.39944628700005],[-5.81997329900504,43.399071730000074],[-5.820397201005013,43.39927402700006],[-5.819994470005,43.39949620300009],[-5.819829589005008,43.39969230600009],[-5.819865343005016,43.39986754800003],[-5.8197809900050395,43.39995195000007],[-5.818984824004985,43.400021168000094],[-5.818649088005028,43.40016362200006],[-5.818615494005025,43.40062377600004],[-5.818214647004983,43.40094375300004],[-5.818165846004991,43.400815436000094],[-5.818344516005021,43.400518879000074],[-5.818169324004988,43.40046733000003],[-5.8183485410050295,43.40038502700005],[-5.818403319005022,43.40003268300007]]],[[[-5.827768702005115,43.41665219900007],[-5.826075962005085,43.41648306500009],[-5.825259111005108,43.416210579000065],[-5.824270168005056,43.41621472300006],[-5.824274878005043,43.416364988000076],[-5.824161780005054,43.41640935300008],[-5.823941695005084,43.41616990300004],[-5.823616805005079,43.41604936800008],[-5.8231356990050775,43.415995434000095],[-5.822527699005072,43.416328149000044],[-5.822103257005068,43.41636317000008],[-5.821951287005019,43.4162897410001],[-5.821406427005022,43.41629812600009],[-5.821143869005045,43.416363497000084],[-5.821047609005021,43.41651495400004],[-5.820790228005037,43.41642724700008],[-5.820698536005023,43.41631272900004],[-5.820833132005033,43.41600224800005],[-5.820727399005034,43.41569013200007],[-5.820877161005014,43.41549759000004],[-5.820566391005013,43.41525378500007],[-5.820612836005023,43.414832411000084],[-5.820540304005032,43.41470307300007],[-5.820298466005006,43.41467693300008],[-5.819814099004988,43.41489527900007],[-5.81962488900501,43.415126771000075],[-5.819604839005022,43.41539928500005],[-5.819401534005006,43.41534004000006],[-5.819028267005016,43.41469888200005],[-5.81895312400501,43.41376142600008],[-5.818998201004994,43.413681146000066],[-5.819255856004981,43.41362510900007],[-5.819493462005026,43.41289303300007],[-5.820271027005001,43.412870562000094],[-5.820721132005034,43.41294556800006],[-5.82174289400504,43.412890740000094],[-5.822719647005026,43.4125110300001],[-5.823038504005055,43.41247276300005],[-5.82471135800507,43.41192557100006],[-5.825194316005096,43.41189108100009],[-5.8254299080050655,43.41166884300004],[-5.825502570005104,43.411761082000055],[-5.825675043005067,43.41166612800004],[-5.825197301005077,43.411234335000096],[-5.824712105005071,43.410606104000074],[-5.8245921060050785,43.409859763000064],[-5.824350448005082,43.40935403900007],[-5.824612232005061,43.408977599000046],[-5.824729535005087,43.40829789800008],[-5.824562507005064,43.408233886000076],[-5.824560871005085,43.408403733000085],[-5.824449484005078,43.40812151200005],[-5.824498505005076,43.40802134500009],[-5.824537046005057,43.40817106000005],[-5.824645633005057,43.40808137600005],[-5.824677655005085,43.40781410900007],[-5.824582179005073,43.40757128600008],[-5.825536122005096,43.40805109100007],[-5.826003199005099,43.408197170000065],[-5.826304622005099,43.40812687000005],[-5.82678969300512,43.40818009400005],[-5.826964188005131,43.40831909400004],[-5.827586377005095,43.40839365000007],[-5.827640516005137,43.40856053900008],[-5.828111357005124,43.40906108600008],[-5.8284572710051075,43.40921373500006],[-5.8287999800051065,43.4095765530001],[-5.8294915400051215,43.41076668800009],[-5.829729011005115,43.41182422200007],[-5.830016733005172,43.412230226000084],[-5.829942352005122,43.412673356000035],[-5.829657143005151,43.413335916000065],[-5.829374138005119,43.4133781130001],[-5.828197082005141,43.41305923600005],[-5.826828203005085,43.41292584100007],[-5.825779850005083,43.41304004100005],[-5.8245053770051,43.41374288800007],[-5.8246202290050695,43.413868419000046],[-5.824785352005059,43.413858940000075],[-5.825264988005086,43.414069098000034],[-5.8255966880050964,43.414079271000055],[-5.826449734005083,43.41441127000009],[-5.826753381005095,43.414433966000054],[-5.8268043550051285,43.4145703550001],[-5.82717660600512,43.414647453000065],[-5.827492988005118,43.414874581000056],[-5.828128748005092,43.41505906200009],[-5.829503395005145,43.41498076400008],[-5.83052224900515,43.414327601000025],[-5.830698829005171,43.41368371500006],[-5.831441062005163,43.41370111000006],[-5.8316602480051465,43.413615239000094],[-5.831748771005194,43.41312388000007],[-5.83201206200515,43.41279196800009],[-5.832303288005157,43.41255838300004],[-5.832805119005171,43.41243443500009],[-5.833105070005163,43.41205204700004],[-5.833039367005201,43.41182432000006],[-5.8332431230051665,43.41149505500006],[-5.833142558005196,43.41112834500008],[-5.833299863005215,43.41059601300004],[-5.83358626500519,43.41033515300007],[-5.8344228840051855,43.40993848500006],[-5.834592351005223,43.409476883000046],[-5.834796826005199,43.409406193000066],[-5.835003653005203,43.40961096200006],[-5.835134869005205,43.40957621000009],[-5.8357246970052,43.409762121000036],[-5.836008857005239,43.40999409900009],[-5.835868090005231,43.41035224200006],[-5.835917207005237,43.41043094800006],[-5.836164648005237,43.40993754900007],[-5.836671991005226,43.409863405000074],[-5.836994451005237,43.40966400200006],[-5.837274314005243,43.40969916100005],[-5.837634396005235,43.40963667200005],[-5.837810947005276,43.40922349600005],[-5.838082519005253,43.409153312000086],[-5.838584579005233,43.40932817800009],[-5.839070034005287,43.40925937700009],[-5.839408190005288,43.410171503000086],[-5.838603178005276,43.41033265400007],[-5.838175728005252,43.41057419600004],[-5.836651715005237,43.41057405900006],[-5.836336136005218,43.41048928900006],[-5.836138819005201,43.410532924000066],[-5.836008594005234,43.41045559000003],[-5.836005122005231,43.410608947000085],[-5.835676540005219,43.41052133900009],[-5.835156338005191,43.41083168400009],[-5.834434910005221,43.41195160000008],[-5.834169004005178,43.41221638700007],[-5.834203830005224,43.41247851800008],[-5.833505941005178,43.41351373900008],[-5.83317918500518,43.413812324000055],[-5.83276821900517,43.41392357700007],[-5.832574438005161,43.41405823200008],[-5.832650498005188,43.41457029200007],[-5.832431484005148,43.41458110900005],[-5.831959443005174,43.41477276800005],[-5.831287738005162,43.41529181500006],[-5.830554629005143,43.415585386000046],[-5.8303305550051245,43.41576336000004],[-5.829958083005141,43.41592142200008],[-5.82961867000513,43.41590383100005],[-5.829544343005136,43.41609625700006],[-5.829353699005147,43.41608578100006],[-5.8282496970050985,43.41657302000005],[-5.827768702005115,43.41665219900007]]],[[[-5.820188102005049,43.400084507000045],[-5.820305366005034,43.40003687900004],[-5.8205494190050535,43.400094112000055],[-5.821397969005064,43.401346285000066],[-5.821341641005034,43.401889017000045],[-5.8210482060050275,43.40222227600006],[-5.820885036005019,43.40199830900009],[-5.820738142005006,43.40071603100007],[-5.820188102005049,43.400084507000045]]],[[[-5.826310324005109,43.40807155200011],[-5.825883625005103,43.40758821500005],[-5.82496811600511,43.40722847900004],[-5.824474743005064,43.40687578500008],[-5.824197686005055,43.40661197200008],[-5.823790636005072,43.4058503790001],[-5.823633661005088,43.4057392390001],[-5.823383969005076,43.4048571160001],[-5.823445479005042,43.40397893300008],[-5.823285167005049,43.403637689000064],[-5.823248320005059,43.40293471100007],[-5.823058553005064,43.40235860300007],[-5.822730164005054,43.40227671700008],[-5.822470800005063,43.402095511000034],[-5.822206235005052,43.40214834700005],[-5.821854119005059,43.402431724000074],[-5.82184543800506,43.40237074900006],[-5.821577338005032,43.4024931690001],[-5.82132060700505,43.402476505000045],[-5.821731806005039,43.40181708200006],[-5.821651417005034,43.40119857700009],[-5.821273402005062,43.40057164900004],[-5.820917909005028,43.4002678460001],[-5.820897440005038,43.40012305900008],[-5.820548328005052,43.400033597000075],[-5.820807708005044,43.39985258900006],[-5.821180175005025,43.399870681000046],[-5.8210355480050255,43.399449598000054],[-5.8217723410050235,43.39882125600008],[-5.8217833050050345,43.399507333000045],[-5.821897674005053,43.39978712500007],[-5.822062386005068,43.39976618600009],[-5.822443313005054,43.39942823500009],[-5.822807360005064,43.3992615440001],[-5.822663610005056,43.39951416600009],[-5.822679604005079,43.40001512500007],[-5.823388916005058,43.40021781500008],[-5.824465517005094,43.399813313000045],[-5.825560424005087,43.40070722500008],[-5.825608767005093,43.40117789700004],[-5.8257101970051215,43.40122196200009],[-5.825884691005088,43.40157343200009],[-5.8255736170051176,43.401408962000076],[-5.825210049005102,43.40148440000008],[-5.825243258005081,43.40191788400007],[-5.824831155005103,43.40210697600005],[-5.824443859005055,43.40218326300005],[-5.824317704005077,43.402303607000086],[-5.824313403005088,43.402932725000035],[-5.824512661005099,43.403162618000074],[-5.825081160005101,43.40316576900006],[-5.824811332005098,43.403277636000055],[-5.824782546005068,43.40376572500005],[-5.824897333005099,43.4038964850001],[-5.824884103005063,43.40415637800005],[-5.825300290005108,43.40455758700008],[-5.825667828005092,43.404611374000076],[-5.826483326005111,43.40447341900006],[-5.826975965005133,43.404733782000065],[-5.827097003005109,43.40518520600007],[-5.827042083005138,43.40532852400005],[-5.826899255005101,43.405418836000095],[-5.826653057005084,43.40542925800004],[-5.826542024005086,43.40552104100005],[-5.8258190220051045,43.40568196900007],[-5.825424548005081,43.40591534000006],[-5.825505352005075,43.4064527290001],[-5.825975043005116,43.406675811000085],[-5.826443674005111,43.40669387900006],[-5.8266395660050785,43.406927248000066],[-5.827068449005124,43.407168747000085],[-5.8271330210051095,43.40725047800006],[-5.827011099005104,43.407320470000066],[-5.827006840005124,43.407545916000075],[-5.827280087005122,43.40774292300007],[-5.827347852005105,43.40799046700006],[-5.827479463005138,43.408038201000075],[-5.827006280005133,43.40805862400006],[-5.826851719005086,43.40814370000005],[-5.826310324005109,43.40807155200011]]],[[[-5.821103644005034,43.39798240200004],[-5.821102691005051,43.39804890300008],[-5.821049228005023,43.398111256000064],[-5.820815692005023,43.39823617300005],[-5.821103644005034,43.39798240200004]]],[[[-5.820912387005049,43.39832138300007],[-5.8211615490050415,43.39813742000008],[-5.821420260005057,43.398307199000044],[-5.821361977005071,43.39800877600007],[-5.821615019005073,43.39819464200008],[-5.82158557300503,43.398293206000076],[-5.821146900005061,43.398541164000065],[-5.82095295000502,43.398456634000084],[-5.820912387005049,43.39832138300007]]],[[[-5.821675784005073,43.398337433000066],[-5.821661548005046,43.39850135400009],[-5.821200254005051,43.39882929300008],[-5.821226657005043,43.39862230900008],[-5.821675784005073,43.398337433000066]]],[[[-5.821737231005024,43.398597027000065],[-5.821713472005037,43.398728492000046],[-5.82122589400504,43.399079658000076],[-5.82125665100503,43.3989956280001],[-5.821737231005024,43.398597027000065]]],[[[-5.821172217005058,43.397863659000066],[-5.821277562005066,43.397907286000084],[-5.821276016005045,43.39795218700006],[-5.821199956005018,43.397916544000076],[-5.821172217005058,43.397863659000066]]]]}},{"type":"Feature","properties":{"zona":"ES018-AST-34-1","rio":"Arroyo Maca\u00f1o"},"geometry":{"type":"MultiPolygon","coordinates":[[[[-5.814231507004955,43.36482933500004],[-5.814039203004954,43.36463791200004],[-5.813779712004943,43.36460462800005],[-5.813489386004972,43.36440910700003],[-5.813165628004987,43.364425514000075],[-5.812536619004958,43.36425364000008],[-5.8123517550049515,43.363878043000085],[-5.811630500004968,43.36354231600008],[-5.811328549004926,43.36348916700008],[-5.8099856180049,43.362259217000044],[-5.808721987004912,43.36172910400008],[-5.807666960004892,43.36106417000009],[-5.8072541460048726,43.360965566000075],[-5.806903254004897,43.36074051800007],[-5.80670732900488,43.36075012800008],[-5.806556397004881,43.360648950000055],[-5.805671609004863,43.360412876000076],[-5.805492666004881,43.35991066300006],[-5.805134043004865,43.35942198800007],[-5.804886427004838,43.35920950200007],[-5.804513914004832,43.359059105000036],[-5.803947687004846,43.35841614800007],[-5.802923157004839,43.35756865500009],[-5.802922116004821,43.357163116000045],[-5.802723365004847,43.357101358000094],[-5.8026775520048615,43.356991971000085],[-5.802234131004857,43.3568843240001],[-5.8018750650048085,43.356649965000045],[-5.801231487004806,43.35646354000006],[-5.800475533004798,43.35612003400008],[-5.800373224004797,43.355958793000084],[-5.800074339004787,43.35578309800009],[-5.799697040004803,43.35520500300005],[-5.799539477004785,43.35461469500007],[-5.798958714004821,43.35414796600004],[-5.798810230004796,43.353874420000075],[-5.799061539004821,43.354141527000095],[-5.799360498004786,43.354284924000076],[-5.7994575430048085,43.35449175400005],[-5.799623751004805,43.354588408000055],[-5.7998043930047825,43.35521826500008],[-5.800150264004822,43.355734059000056],[-5.800529694004835,43.35605047100008],[-5.802158402004854,43.35674500700004],[-5.802697078004822,43.35681754100006],[-5.802955439004846,43.357008467000085],[-5.803166132004834,43.35738684200006],[-5.803492552004861,43.35771546800005],[-5.803650645004844,43.35806699800005],[-5.8043451280048695,43.358759987000056],[-5.80482423100485,43.359107952000045],[-5.805227839004854,43.35927083000007],[-5.80578738000489,43.36029398500007],[-5.806318695004886,43.36055364900007],[-5.807309484004912,43.36069527100007],[-5.807376355004912,43.36094897200008],[-5.807966340004897,43.36111442900006],[-5.808160195004921,43.36134046800005],[-5.808488515004918,43.36152298300006],[-5.81031575800492,43.36235137400009],[-5.810469146004924,43.36247393500005],[-5.810542676004932,43.36268591300007],[-5.811289813004961,43.36333490800008],[-5.812426312004957,43.36384778100008],[-5.812645778004935,43.36423109000004],[-5.813111753004939,43.364329636000065],[-5.81356291600498,43.36433457200008],[-5.8138770010049985,43.36453210800006],[-5.814127723004977,43.364556883000056],[-5.814241769004998,43.36477676300007],[-5.814596854004972,43.36482097100005],[-5.815458001005006,43.36470672800006],[-5.816420752004993,43.36403235400009],[-5.816585394005012,43.36372040600004],[-5.816554492005018,43.36357805300004],[-5.816905010005028,43.363020634000094],[-5.8171885640049945,43.36279370600006],[-5.817544254004993,43.36269328000005],[-5.818181295005005,43.362310948000086],[-5.8183113520050425,43.361719786000045],[-5.817756087005032,43.36086782700006],[-5.817665679005027,43.36055622500005],[-5.81710283300504,43.3601336500001],[-5.816829448005023,43.35940466700005],[-5.816320505005015,43.35898140300003],[-5.816078468004994,43.35841814000005],[-5.815568128004982,43.35812582500008],[-5.815367306004969,43.35781539500006],[-5.815113547004991,43.3576313340001],[-5.815072732005014,43.35724651900007],[-5.81480951000501,43.35711165500007],[-5.814598781005004,43.356814936000056],[-5.814073621005003,43.35654425100007],[-5.813448729004977,43.35595062700005],[-5.813258595004995,43.35527599800004],[-5.813441636004955,43.355019856000084],[-5.813424609005,43.35484253100004],[-5.813105507004946,43.35483835100008],[-5.812858404004951,43.354618041000045],[-5.812675402004977,43.354308295000074],[-5.812729542004952,43.35410399300008],[-5.81249096100499,43.35351601500005],[-5.812001952004947,43.35312788900008],[-5.811906580004971,43.35278036400008],[-5.8116091660049225,43.35263299800006],[-5.8113460240049255,43.35204093800008],[-5.811570495004952,43.352084665000085],[-5.811755043004948,43.35225009800008],[-5.811840683004958,43.352487571000054],[-5.8121819200049485,43.35281127900005],[-5.812225224004978,43.353021112000086],[-5.81247866100495,43.353296406000034],[-5.812741225004979,43.35331633600005],[-5.813103513004947,43.35309268000004],[-5.8129142800049864,43.35340428000007],[-5.812854949004938,43.35390103900005],[-5.8129208160049854,43.35434854300008],[-5.813562935004957,43.35483399600004],[-5.813603807004957,43.35503869600008],[-5.813515952004951,43.355221616000065],[-5.814029273004985,43.35630644700009],[-5.814697834004991,43.35674049400007],[-5.815060975004975,43.3571180640001],[-5.815314966005,43.35720106300006],[-5.815345522005015,43.35729482100005],[-5.815240020005015,43.35737501800003],[-5.8154363420049835,43.35764625700008],[-5.816356321004997,43.358420790000025],[-5.816540537005036,43.35875384900004],[-5.816849000004993,43.35888888800009],[-5.817161232004995,43.35878764900009],[-5.817171055005022,43.35907679200007],[-5.817013210005031,43.359208656000085],[-5.817136643005031,43.35990265700009],[-5.8172667260050215,43.36011260000005],[-5.817818099005034,43.360559593000076],[-5.818186131005022,43.36130234900004],[-5.818498130005045,43.36163968400008],[-5.818618547005051,43.36224988100004],[-5.81876271800504,43.36241813800009],[-5.818123798005003,43.36294801100009],[-5.817647001005022,43.36315530300004],[-5.817303085004997,43.36310436000011],[-5.817051558005004,43.36328892900009],[-5.816823023004984,43.363794648000095],[-5.816537879005005,43.36414595100009],[-5.8158644270049935,43.36451650300007],[-5.815584524005013,43.36506273900007],[-5.815125406004968,43.36562957200006],[-5.814931022004971,43.36572636000006],[-5.814932130004963,43.36610738800007],[-5.814758766004982,43.36597755800007],[-5.81484665400498,43.36563138900005],[-5.814594329004959,43.36539305500005],[-5.814599904005003,43.36511695600009],[-5.814451715004987,43.36488523900005],[-5.814231507004955,43.36482933500004]]],[[[-5.806184680004858,43.37925006000008],[-5.805687021004833,43.379398301000045],[-5.806252053004894,43.37915682000007],[-5.806207807004879,43.378902755000084],[-5.805882406004877,43.37862203400006],[-5.80601978700488,43.37856941300005],[-5.806122293004843,43.378309888000054],[-5.807478746004888,43.37756065300006],[-5.807250736004885,43.377252954000035],[-5.8072553230048625,43.377087831000054],[-5.807565801004883,43.37695611600004],[-5.807888436004864,43.377142185000054],[-5.807961510004863,43.377288552000046],[-5.808368438004886,43.37707841700008],[-5.807862491004916,43.37651241500005],[-5.807585475004872,43.37648594200006],[-5.807954840004915,43.376396667000066],[-5.808576692004918,43.37695732500004],[-5.809441691004917,43.37659037600009],[-5.8094246490048915,43.376313090000075],[-5.809716491004919,43.37646476400007],[-5.809805317004888,43.376181048000056],[-5.8099983210049295,43.375967693000085],[-5.81014789300493,43.37605251900006],[-5.810363635004898,43.37592548800008],[-5.810568965004928,43.37593321200008],[-5.810866620004928,43.37555325800004],[-5.810819377004947,43.37468194800007],[-5.811155965004932,43.37435529000004],[-5.81174725300495,43.37396623000008],[-5.811935898004933,43.37398745500009],[-5.812062535004927,43.37552733300006],[-5.811845256004955,43.37535929300004],[-5.811675578004934,43.37549180900005],[-5.8120419970049255,43.37601269400007],[-5.812038159004928,43.376338719000074],[-5.811475023004937,43.377114852000034],[-5.811237981004954,43.377153392000025],[-5.810919796004924,43.37700837900009],[-5.810347670004906,43.37744296900008],[-5.810395217004917,43.37821880700006],[-5.810214405004917,43.37868810000005],[-5.810279861004933,43.378758291000075],[-5.80967797400491,43.37962544600006],[-5.809285993004899,43.37998518600007],[-5.80948598000493,43.38014295900007],[-5.809136071004904,43.380259640000084],[-5.809194296004879,43.38057236500004],[-5.8077897370048825,43.38086423500007],[-5.80705899600489,43.380758319000066],[-5.806616074004893,43.38041456300006],[-5.806874445004869,43.380289714000085],[-5.806814722004877,43.38013582900006],[-5.806932936004873,43.379918734000064],[-5.806401619004843,43.37936414200006],[-5.806184680004858,43.37925006000008]],[[-5.811714930004919,43.37570376500002],[-5.811539329004953,43.37553841800009],[-5.811241599004946,43.37569457800003],[-5.811249067004925,43.37596272700006],[-5.811491143004936,43.37618922000008],[-5.811234167004931,43.376389516000096],[-5.811207338004952,43.376582449000075],[-5.811903735004916,43.376137685000074],[-5.811714930004919,43.37570376500002]]],[[[-5.81210028200495,43.373902913000066],[-5.812139400004967,43.37404682600006],[-5.812232593004966,43.37563678800007],[-5.81217989400493,43.37532131700006],[-5.81210028200495,43.373902913000066]]],[[[-5.812254372004919,43.37596100700008],[-5.812300361004917,43.376008269000074],[-5.812281265004958,43.37614014600008],[-5.812259705004965,43.37606364900007],[-5.812254372004919,43.37596100700008]]],[[[-5.8124589980049475,43.37600696900007],[-5.81227910600494,43.37405806500006],[-5.8123506930049205,43.37379677300006],[-5.8124270870049415,43.37479797500005],[-5.813011450004976,43.375760708000044],[-5.8124589980049475,43.37600696900007]]],[[[-5.8132383990049465,43.37560789800006],[-5.812784996004946,43.37499479900005],[-5.812606549004948,43.37439756100011],[-5.812756304004947,43.37320939300004],[-5.813152608004943,43.372763922000054],[-5.813448257004956,43.37263991500004],[-5.813559026004959,43.37271453300009],[-5.813692055004944,43.37265044400007],[-5.814657010004985,43.37268321500005],[-5.8148412470049715,43.37256015900005],[-5.814990215004992,43.37258022400006],[-5.815285902005,43.37278937200007],[-5.815612855004962,43.372701060000075],[-5.815409952004957,43.37244116400007],[-5.815447945004993,43.37238711400006],[-5.815767442005018,43.37264158800009],[-5.816026192005022,43.37271964800006],[-5.8163404890050145,43.372515521000054],[-5.815911503004977,43.372027071000055],[-5.816437271004974,43.37236824400004],[-5.816549182005007,43.37235842200006],[-5.817044137004978,43.37206961400006],[-5.816770232005002,43.371681760000065],[-5.817190852005008,43.372056073000074],[-5.817412965005018,43.372034972000066],[-5.817555953005012,43.3721489210001],[-5.817683367005033,43.37213859800006],[-5.817807580005027,43.37198683300007],[-5.817098947005031,43.37126188800006],[-5.817770523005042,43.37173944800004],[-5.817950350004997,43.371617846000056],[-5.817892800004988,43.37132063200007],[-5.8182658140050405,43.371002161000064],[-5.817930462005,43.370536605000055],[-5.817800405005021,43.37047883000004],[-5.817440957005032,43.370721010000075],[-5.81767734200503,43.370987628000094],[-5.817574848004996,43.37098844200006],[-5.817322413005,43.37068195100006],[-5.817445838005029,43.370533963000085],[-5.817128541004987,43.37051054800005],[-5.816972776004999,43.3702048910001],[-5.816986944005004,43.36999049400005],[-5.8164438020050255,43.36972398300003],[-5.815748850005015,43.36983708100008],[-5.815753852004981,43.36990816200006],[-5.815545582005004,43.36994037000006],[-5.815284768005002,43.36980298800007],[-5.815117953004999,43.369797280000064],[-5.814854490004986,43.36956776400008],[-5.815158996005012,43.36909493200006],[-5.815474727005015,43.36821759000004],[-5.815722484004972,43.36812820000007],[-5.815367249004997,43.36815213000006],[-5.815190279005012,43.36799308100008],[-5.815161422004991,43.367672810000066],[-5.815530338005011,43.366882105000066],[-5.815344157005004,43.36632884400007],[-5.815596926004993,43.366531501000075],[-5.8156848110049655,43.36695634800005],[-5.8159625590049995,43.367376528000094],[-5.816019983004976,43.36776736900005],[-5.816278408005004,43.36809043100005],[-5.815990527004981,43.368463159000065],[-5.81602099400497,43.36865815500006],[-5.816329077005025,43.368802423000055],[-5.816645835005024,43.36915604000007],[-5.817880424005018,43.36974294000005],[-5.818027341005013,43.36976939500006],[-5.818142629005034,43.369519132000065],[-5.818248570005049,43.36956849100007],[-5.818323795005039,43.36944796900009],[-5.818462576005016,43.36948337400004],[-5.818744032005002,43.36939972200004],[-5.818763372005054,43.369259856000056],[-5.818493973005006,43.36932878800008],[-5.818515383005049,43.369265789000075],[-5.819187309005053,43.369013398000064],[-5.819594669005056,43.36905301000009],[-5.821127074005053,43.36880952000006],[-5.821033558005059,43.36887576500005],[-5.821170558005056,43.368896708000094],[-5.820955050005057,43.36897632200003],[-5.821064325005058,43.369016201000086],[-5.819971355005043,43.36917009300006],[-5.819690076005061,43.36929136400006],[-5.819694001005048,43.369381514000075],[-5.819308204005063,43.36957528000005],[-5.819345274005026,43.36978616500006],[-5.81921281500504,43.36993399600006],[-5.818930429005055,43.369522365000094],[-5.818486797005007,43.369755153000035],[-5.818463112005035,43.36981066900008],[-5.818757632005048,43.36973267500009],[-5.818856569005011,43.36977214700007],[-5.81906946900502,43.370366519000086],[-5.81930008800506,43.370643582000085],[-5.81929283100501,43.37115988000007],[-5.819463600005033,43.37128465700007],[-5.819281564005018,43.371546829000074],[-5.819115093005016,43.37170376800003],[-5.819000501005026,43.3716667240001],[-5.818976056005017,43.37177372900005],[-5.818668668005004,43.37195368400006],[-5.818408106005006,43.37226548300005],[-5.81752221200503,43.37255849300005],[-5.817105661005024,43.372975342000096],[-5.816573127005015,43.37320606400005],[-5.816189918005005,43.3736771470001],[-5.814280209004963,43.37481194200008],[-5.8140567280049815,43.374788812000084],[-5.8138381840049735,43.37463087000006],[-5.813719942004987,43.37466588700007],[-5.813678701004966,43.37476420400004],[-5.81390760600494,43.37496898100005],[-5.814163314004942,43.37489265200004],[-5.814024427004949,43.37504776100008],[-5.814096243004951,43.375139681000086],[-5.813468895004976,43.375574874000066],[-5.8132383990049465,43.37560789800006]]]]}}]}